q_id,title,category,confidence,margin,needs_review,old_cat_id
1,驾驶机动车在道路上违反道路通行规定应当接受相应的处罚。,道路交通安全法律法规,0.6148,0.0338,False,4
2,机动车驾驶人违法驾驶造成重大交通事故构成犯罪的，依法追究什么责任？,道路交通安全法律法规,1.0,0.2741,False,8
3,驾驶机动车在道路上违反道路交通安全法的行为，属于什么行为？,道路交通安全法律法规,0.8465,0.1752,False,2
4,驾驶机动车违反道路交通安全法律法规发生交通事故属于交通违章行为。,道路交通安全法律法规,1.0,0.2747,False,2
5,对未取得驾驶证驾驶机动车的，追究其法律责任。,道路交通安全法律法规,0.8013,0.1167,False,2
6,对违法驾驶发生重大交通事故且构成犯罪的，不追究其刑事责任。,道路交通安全法律法规,1.0,0.3583,False,2
7,驾驶机动车在道路上违反交通安全法规的行为属于违法行为。,道路交通安全法律法规,1.0,1.028,False,2
8,伪造、变造机动车驾驶证构成犯罪的将被依法追究刑事责任。,道路交通安全法律法规,1.0,0.6996,False,2
9,驾驶这种机动车上路行驶属于什么行为？,道路交通安全法律法规,0.4884,0.0011,True,3
10,驾驶机动车跨越双实线行驶属于什么行为？,驾驶证与机动车管理,0.4882,0.0008,True,3
11,驾驶机动车在人行横道上临时停车属于违法行为。,道路交通安全法律法规,0.7381,0.0556,False,2
12,驾驶机动车发生交通事故后当事人故意破坏、伪造现场、毁灭证据的，应当承担什么责任？,紧急情况与事故处理,1.0,0.6086,False,8
13,非机动车驾驶人、行人故意碰撞机动车造成交通事故的，机动车一方不承担赔偿责任。,紧急情况与事故处理,1.0,0.633,False,8
14,以下哪项行为可构成危险驾驶罪？,道路交通安全法律法规,1.0,0.2475,False,9
15,驾驶机动车发生交通事故，仅造成财产损失的， 但是对交通事故事实及成因有争议的，应当怎么处理？,紧急情况与事故处理,1.0,0.6765,False,8
16,机动车所有人申请转移登记前， 应当将涉及该车的道路交通安全违法行为和交通事故处理完毕。,紧急情况与事故处理,0.7521,0.054,False,8
17,驾驶机动车与行人之间发生交通事故造成人身伤亡、财产损失的， 机动车—方没有过错的，不承担赔偿责任。,紧急情况与事故处理,1.0,0.3604,False,8
18,请判断—下图中左侧机动车有几种违法行为？,道路交通安全法律法规,1.0,0.6319,False,2
19,请判断—下图中红色机动车有几种违法行为？,道路交通安全法律法规,1.0,0.6274,False,2
20,请判断图中这辆逆向行驶的灰色汽车属于什么行为？,道路交通安全法律法规,0.5001,0.0083,True,2
21,驾驶人要按照驾驶证载明的准驾车型驾驶车辆。,驾驶证与机动车管理,1.0,0.6779,False,3
22,准驾车型为小型汽车的，可以驾驶下列哪种车辆？,驾驶证与机动车管理,1.0,0.365,False,3
23,准驾车型为小型自动挡汽车的，可以驾驶以下哪种车型？,驾驶证与机动车管理,1.0,0.3722,False,3
24,准驾车型为小型汽车的，可以驾驶小型自动挡载客汽车。,驾驶证与机动车管理,1.0,0.3671,False,3
25,准驾车型为小型自动挡汽车的，可以驾驶低速载货汽车。,驾驶证与机动车管理,1.0,0.3682,False,3
26,初次申领机动车驾驶证的，可以申请下列哪种准驾车型？,驾驶证与机动车管理,1.0,0.6997,False,3
27,准驾车型为C1驾照，还可以驾驶下列哪种车型？,驾驶证与机动车管理,1.0,0.3647,False,3
28,驾驶人在驾驶证丢失后3个月内还可以驾驶机动车。,驾驶证与机动车管理,1.0,0.3196,False,3
29,驾驶人持超过有效期的驾驶证可以在1年内驾驶机动车。,驾驶证与机动车管理,1.0,0.5913,False,3
30,驾驶人的驾驶证损毁后不得驾驶机动车。,驾驶证与机动车管理,1.0,0.3247,False,3
31,初次申领的机动车驾驶证的有效期为多少年？,驾驶证与机动车管理,1.0,0.6289,False,3
32,驾驶人在机动车驾驶证的6年有效期内，每个记分周期均未达到12分的，换发10年有效期的机动车驾驶证。,驾驶证与机动车管理,1.0,0.3274,False,3
33,机动车驾驶证有效期分为6年、10年、20年。,驾驶证与机动车管理,1.0,0.5982,False,3
34,初次申领的机动车驾驶证的有效期为6年。,驾驶证与机动车管理,1.0,0.6278,False,3
35,初次申领的机动车驾驶证的有效期为4年。,驾驶证与机动车管理,1.0,0.6302,False,3
36,机动车驾驶证遗失、损毁无法辨认时，机动车驾驶人应当向机动车驾驶证核发地车辆管理所申请补发。,驾驶证与机动车管理,1.0,0.3854,False,3
37,机动车登记证书、号牌、行驶证灭失、丢失或者损毁的，机动车所有人应当向哪个部门申请补领、换领。,驾驶证与机动车管理,1.0,0.8836,False,3
38,机动车登记证书、号牌、行驶证灭失、丢失或者损毁的，机动车所有人应当向居住地车辆管理所申请补领、换领。,驾驶证与机动车管理,1.0,0.9289,False,3
39,驾驶人在驾驶证有效期满前多长时间申请换证？,驾驶证与机动车管理,1.0,0.8744,False,3
40,驾驶人户籍迁出原车辆管理所需要向什么地方的车辆管所提出申请？,驾驶证与机动车管理,0.7195,0.1149,False,3
41,驾驶证记载的驾驶人信息发生变化的要在多长时间内申请换证？,驾驶证与机动车管理,1.0,0.5798,False,3
42,驾驶人在驾驶证核发地车辆管理所管辖区以外居住的，可以向居住地车辆管理所申请换证。,驾驶证与机动车管理,1.0,0.6706,False,3
43,机动车行驶证灭失、丢失，机动车所有人要向登记地车辆管理所申请补领、换领。,驾驶证与机动车管理,1.0,0.6348,False,3
44,机动车号牌损毁，机动车所有人要向登记地车辆管理所申请补领、换领。,驾驶证与机动车管理,1.0,0.6161,False,3
45,机动车驾驶证补领后，以下说法正确的是什么？,驾驶证与机动车管理,1.0,0.3221,False,3
46,机动车驾驶人补领机动车驾驶证后，原机动车驾驶证作废，不得继续使用。,驾驶证与机动车管理,1.0,0.3343,False,3
47,驾驶人在核发地车辆管理所管辖区以外居住的，可以向居住地车辆管理所申请换证。,驾驶证与机动车管理,1.0,0.3866,False,3
48,机动车驾驶证遗失的，机动车驾驶人应当向哪里的车辆管理所申请补发？,驾驶证与机动车管理,1.0,0.3865,False,3
49,自愿降级的驾驶人需要到车辆管理所申请换领驾驶证。,驾驶证与机动车管理,1.0,0.4,False,3
50,补领机动车驾驶证应到以下哪个地方办理？,驾驶证与机动车管理,1.0,0.3275,False,3
51,机动车驾驶人驾驶证有效期满换领驾驶证时，只能提交县级以上医疗机构出具的身体条件证明。,驾驶证与机动车管理,1.0,0.5936,False,3
52,驾驶人在驾驶证核发地车辆管理所管辖区以外居住的，应该在哪里换证？,驾驶证与机动车管理,1.0,0.6472,False,3
53,机动车购买后尚未注册登记，需要临时上道路行驶的，可以凭什么临时上道路行驶？,驾驶证与机动车管理,1.0,0.2761,False,3
54,已注册登记的小型载客汽车有下列哪种情形，所有人不需要办理变更登记？,驾驶证与机动车管理,1.0,0.2883,False,3
55,机动车达到国家规定的强制报废标准的不能办理注册登记。,驾驶证与机动车管理,0.5864,0.0197,False,3
56,车辆识别代号因磨损、锈蚀、事故等原因辨认不清或者损坏的，可以向登记地车辆管理所申请备案。,驾驶证与机动车管理,0.7382,0.0916,False,3
57,机动车登记证书丢失后应及时补办，避免被不法分子利用。,驾驶证与机动车管理,1.0,0.4061,False,3
58,已注册登记的机动车达到国家规定的强制报废标准的，应当向登记地车辆管理所申请注销登记。,驾驶证与机动车管理,0.7348,0.0919,False,3
59,已注册登记的机动车，改变机动车车身颜色的应到公安交通管理部门申请变更登记。,驾驶证与机动车管理,1.0,0.2954,False,3
60,机动车驾驶人联系电话、联系地址等信息发生变化，应当在信息变更后三十日内，向驾驶证核发地车辆管理所备案。,驾驶证与机动车管理,1.0,0.3519,False,3
61,持有大型客车、牵引车、城市公交车、中型客车、大型货车驾驶证的驾驶人联系电话、从业单位等信息发生变化未及时申报变更信息的，公安机关交通管理部门处二十元以上二百元以下罚款。,驾驶证与机动车管理,0.5976,0.022,False,3
62,已注册登记的机动车，机动车所有人住所在车辆管理所管辖区域内迁移或者机动车所有人姓名（单位名称）、联系方式变更的，应当向登记地车辆管理所备案。,驾驶证与机动车管理,1.0,0.3474,False,3
63,经购买、调拨、赠予等方式获得机动车后尚未注册登记的，向车辆管理所申领临时行驶车号牌后，方可临时上道路行驶。,驾驶证与机动车管理,1.0,0.6251,False,3
64,已注册登记的机动车，改变车身颜色，机动车所有人不需要向登记地车辆管理所申请变更登记。,驾驶证与机动车管理,1.0,0.3425,False,3
65,驾驶机动车应当随身携带哪种证件？,驾驶证与机动车管理,0.4933,0.0042,True,3
66,下列哪种证件是驾驶机动车上路行驶应当随车携带？,驾驶证与机动车管理,0.5024,0.0081,True,3
67,持有小型汽车驾驶证的驾驶人，发生交通事故造成人员死亡承担同等以上责任未被吊销机动车驾驶证的，应当在本计分周期结束后三十日内到公安机关交通管理部门接受审验，同时应当申报身体条件情况。,紧急情况与事故处理,0.6605,0.0153,False,8
68,存在以下哪种行为的申请人在一年内不得再次申领机动车驾驶证？,驾驶证与机动车管理,1.0,0.3296,False,3
69,申请人有下列哪种行为，三年内不得再次申领机动车驾驶证？,驾驶证与机动车管理,1.0,0.3188,False,3
70,申请人患有精神病的，可以申领机动车驾驶证，但是在发病期间不得驾驶机动车。,驾驶证与机动车管理,1.0,0.3419,False,3
71,在暂住地初次申领机动车驾驶证的，不能直接申领大型货车驾驶证。,驾驶证与机动车管理,1.0,0.384,False,3
72,下列哪种情况可以向车辆管理所申请补发驾驶证？,驾驶证与机动车管理,1.0,0.3956,False,3
73,持有小型汽车驾驶证的驾驶人在下列哪种情况下需要接受审验？,驾驶证与机动车管理,1.0,0.5835,False,3
74,驾驶人因服兵役、出国（境）等原因无法办理审验时，延期审验期限最长不超过多长时间？,驾驶证与机动车管理,1.0,0.285,False,3
75,小型汽车驾驶人发生交通事故造成人员死亡，承担同等以上责任未被吊销驾驶证的，应当在记分周期结束后30日内接受审验。,紧急情况与事故处理,0.7133,0.0438,False,8
76,驾驶人因服兵役、出国（境）等原因延期审验期间不得驾驶机动车。,驾驶证与机动车管理,1.0,0.2843,False,3
77,年龄在70周岁以上的驾驶人多长时间提交一次身体条件证明？,驾驶证与机动车管理,0.5133,0.0153,True,3
78,大型客车、牵引车、城市公交车、中型客车、大型货车驾驶人应当每两年提交一次身体条件证明.,驾驶证与机动车管理,0.5005,0.0088,True,3
79,年龄在70周岁以上，在一个计分周期结束后一年内未提交身体条件证明的，其机动车驾驶证将会被车辆管理所注销。,驾驶证与机动车管理,1.0,0.361,False,3
80,持有大型客车、重型牵引挂车、城市公交车、中型客车、大型货车驾驶证的驾驶人，记分周期内有记分的，应当在记分周期结束后三十日内到公安机关交通管理部门接受审验，同时还应当申报身体条件情况。,驾驶证与机动车管理,1.0,0.2841,False,3
81,驾驶证审验内容不包括以下哪一项？,驾驶证与机动车管理,1.0,0.6514,False,3
82,年龄在70周岁以上的机动车驾驶人，应当每年进行一次身体检查的目的是什么？,驾驶证与机动车管理,0.5145,0.0144,True,3
83,年龄在50周岁以上的机动车驾驶人，应当每年进行一次身体检查，并向公安机关交通管理部门申报身体条件情况。,驾驶证与机动车管理,0.5036,0.0078,True,3
84,以下不属于机动车驾驶证审验内容的是什么？,驾驶证与机动车管理,1.0,0.6562,False,3
85,年龄在70周岁以上的机动车驾驶人，应当每年进行一次身体检查。,驾驶证与机动车管理,0.5187,0.0166,True,3
86,以欺骗、贿赂等不正当手段取得驾驶证被依法撤销驾驶许可的，多长时间不得重新申请驾驶许可？,驾驶证与机动车管理,1.0,0.5834,False,3
87,申请人以欺骗、贿赂等不正当手段取得机动车驾驶证的（被撤销的），申请人在多长时间内不得再次申领机动车驾驶证。,驾驶证与机动车管理,1.0,0.343,False,3
88,提供虚假材料申领驾驶证的申请人会承担下列哪种法律责任？,道路交通安全法律法规,0.6813,0.0591,False,2
89,机动车驾驶人补领机动车驾驶证后， 使用原机动车驾驶证驾驶的，除由公安机关交通管理部门收回原机动车驾驶证外，还应当受到何种处罚？,驾驶证与机动车管理,0.6635,0.0518,False,3
90,3年内有下列哪种行为的人不得申请机动车驾驶证？,驾驶证与机动车管理,1.0,0.3025,False,3
91,机动车驾驶证被依法扣押、扣留、暂扣期间能否申请补发？,驾驶证与机动车管理,1.0,0.3141,False,3
92,以下哪种身体条件，不可以申请机动车驾驶证？,驾驶证与机动车管理,1.0,0.331,False,3
93,申请人患有癫痫病的，可以申领机动车驾驶证，但是驾驶时必须有人陪同。,驾驶证与机动车管理,1.0,0.3381,False,3
94,年满20周岁，可以初次申请下列哪种准驾车型？,驾驶证与机动车管理,1.0,0.355,False,3
95,申请小型汽车准驾车型驾驶证的人年龄条件是多少？,驾驶证与机动车管理,1.0,0.6538,False,3
96,申请小型汽车驾驶证的，年龄应在18周岁以上70周岁以下。,驾驶证与机动车管理,1.0,0.3171,False,3
97,在学习驾驶证明有效期内，科目二和科目三道路驾驶技能考试预约次数不得超过多少次？,驾驶证与机动车管理,1.0,0.5744,False,3
98,申请人因故不能按照预约时间参加考试的，应当提前一日申请取消预约，对申请人未按照预约考试时间参加考试的，判定该次考试不合格。,驾驶证与机动车管理,0.4921,0.0048,True,3
99,在学习驾驶证明有效期内，申请人科目三道路驾驶技能考试五次考试不合格，已考试合格的其他科目成绩作废。,驾驶证与机动车管理,1.0,0.566,False,3
100,学习驾驶证明的有效期是多久？,驾驶证与机动车管理,1.0,0.5965,False,3
101,申请人在考试过程中有贿赂、舞弊行为的，取消考试资格，已经通过考试的其他科目成绩无效。,其他与综合知识,0.488,0.0014,True,2
102,科目三道路驾驶技能和安全文明驾驶常识考试满分分别为100分，成绩分别达到80和90分的为合格。,安全文明驾驶常识,0.9266,0.1819,False,6
103,小型手动挡汽车科目二考试内容包括倒车入库、坡道定点停车和起步、侧方停车、曲线行驶、直角转弯。,道路通行规则,1.0,0.5262,False,4
104,科目三考试分为道路驾驶技能考试和安全文明驾驶常识考试两部分。,安全文明驾驶常识,0.9882,0.2112,False,6
105,有吸食、注射毒品后驾驶驾车行为的机动车驾驶人，不会被注销驾驶证。,驾驶证与机动车管理,1.0,0.3074,False,3
106,正在执行社区戒毒、强制隔离戒毒、社区康复措施，车辆管理所将注销其驾驶证。,驾驶证与机动车管理,1.0,0.3618,False,3
107,超过机动车驾驶证有效期一年以上未换证被注销，但未超过2年的，机动车驾驶人应当如何恢复驾驶资格？,驾驶证与机动车管理,1.0,0.8649,False,3
108,机动车驾驶证有效期超过一年以上未换证的，驾驶证将被注销。,驾驶证与机动车管理,1.0,0.8822,False,3
109,驾驶人吸食或注射毒品后驾驶机动车的，一经查获，其驾驶证将被注销。,驾驶证与机动车管理,1.0,0.3058,False,3
110,伪造、变造或者使用伪造、变造驾驶证的驾驶人构成犯罪的，将依法追究刑事责任。,道路交通安全法律法规,1.0,0.6805,False,2
111,使用伪造、变造的行驶证一次记几分？,驾驶证与机动车管理,1.0,0.3203,False,3
112,使用伪造、变造的驾驶证一次记12分。,驾驶证与机动车管理,1.0,0.2991,False,3
113,饮酒后只要不影响驾驶操作可以短距离驾驶机动车。,道路交通安全法律法规,0.7373,0.1053,False,7
114,醉酒驾驶机动车在道路上行驶会受到什么处罚？,道路交通安全法律法规,1.0,0.5274,False,2
115,驾驶人在道路上醉酒驾驶机动车的处3年以上有期徒刑。,道路交通安全法律法规,1.0,0.2645,False,2
116,饮酒后驾驶机动车一次记几分？,道路交通安全法律法规,1.0,0.2563,False,3
117,饮酒后驾驶机动车的一次记12分。,道路交通安全法律法规,1.0,0.2656,False,2
118,当驾驶人的血液中酒精含量为100毫克/100毫升时，属于醉酒驾驶。,道路交通安全法律法规,1.0,0.2622,False,2
119,机动车驾驶人血液中酒精含量大于或者等于多少可认定为醉驾？,驾驶证与机动车管理,0.5026,0.0079,True,3
120,关于醉酒驾驶机动车的处罚，以下说法错误的是什么？,道路交通安全法律法规,1.0,0.5261,False,2
121,在道路上驾驶机动车追逐竞驶，情节恶劣的，或者在道路上醉酒驾驶机动车的如何处罚？,道路交通安全法律法规,1.0,0.5311,False,2
122,有醉酒驾驶机动车行为的，5年内不得重新获取驾照。,道路交通安全法律法规,1.0,0.2659,False,2
123,酒后驾驶发生重大交通事故被依法追究刑事责任的人不能申请机动车驾驶证。,道路交通安全法律法规,0.8359,0.1005,False,8
124,上路行驶的机动车未随车携带身份证的，交通警察可依法扣留机动车。,驾驶证与机动车管理,0.5232,0.0179,True,3
125,驾驶拼装机动车上路行驶的驾驶人，除按规定接受罚款外，还要受到哪种处理？,道路交通安全法律法规,1.0,0.521,False,2
126,驾驶报废机动车上路行驶的驾驶人，除按规定罚款外，还要受到哪种处理？,道路交通安全法律法规,1.0,0.52,False,2
127,对驾驶已达到报废标准的机动车上路行驶的驾驶人，会受到下列哪种处罚？,道路交通安全法律法规,1.0,0.5308,False,2
128,对驾驶拼装机动车上路行驶的驾驶人，会受到下列哪种处罚？,道路交通安全法律法规,1.0,0.5269,False,2
129,不得驾驶具有安全隐患的机动车上道路行驶。,驾驶证与机动车管理,0.496,0.0042,True,3
130,拼装的机动车只要认为安全就可以上路行驶。,道路交通安全法律法规,1.0,0.2562,False,7
131,驾驶机动车上路行驶应当按规定悬挂号牌。,驾驶证与机动车管理,1.0,0.2871,False,3
132,上道路行驶的机动车有哪种情形交通警察可依法扣留车辆？,道路交通安全法律法规,1.0,0.2849,False,3
133,驾驶人未携带哪种证件驾驶机动车上路，交通警察可依法扣留车辆？,道路交通安全法律法规,1.0,0.2901,False,9
134,驾驶人未携带哪种证件驾驶机动车上路，交通警察可依法扣留车辆？,道路交通安全法律法规,1.0,0.2901,False,9
135,对有伪造或变造号牌、行驶证嫌疑的车辆，交通警察可依法予以扣留,驾驶证与机动车管理,1.0,0.5756,False,3
136,对有使用伪造或变造检验合格标志嫌疑的车辆，交通警察只进行罚款处罚。,道路交通安全法律法规,0.9831,0.2038,False,2
137,对使用其他车辆号牌、行驶证的车辆，交通警察可依法予以扣留。,驾驶证与机动车管理,1.0,0.5827,False,3
138,对未按照国家规定投保交强险的车辆，交通警察可依法予以扣留。,交通信号与标志标线,0.4872,0.0019,True,8
139,对发生道路交通事故需要收集证据的事故车，交通警察可以依法扣留。,紧急情况与事故处理,1.0,0.5755,False,8
140,驾驶人有使用其他车辆号牌、行驶证嫌疑的，交通警察可依法扣留车辆。,驾驶证与机动车管理,1.0,0.2892,False,3
141,驾驶人有使用其他车辆检验合格标志嫌疑的，交通警察可依法扣留车辆。,驾驶证与机动车管理,0.643,0.0412,False,5
142,驾驶人有使用其他车辆保险标志嫌疑的，交通警察可依法扣留车辆。,驾驶证与机动车管理,0.569,0.0053,True,5
143,驾驶人的机动车驾驶证被依法扣留、暂扣的情况下不得驾驶机动车。,驾驶证与机动车管理,1.0,0.3178,False,3
144,驾驶人有哪种情形，交通警察可依法扣留机动车驾驶证？,驾驶证与机动车管理,1.0,0.3038,False,3
145,驾驶人将机动车交由什么样的人驾驶的，交通警察可依法扣留机动车驾驶证？,驾驶证与机动车管理,1.0,0.307,False,3
146,驾驶人将机动车交给驾驶证被吊销的人驾驶的，交通警察依法扣留驾驶证。,驾驶证与机动车管理,0.6605,0.054,False,3
147,驾驶人将机动车交给驾驶证被暂扣的人驾驶的，交通警察给予口头警告。,驾驶证与机动车管理,1.0,0.29,False,3
148,驾驶人驾驶有达到报废标准嫌疑机动车上路的，交通警察依法予以拘留。,道路交通安全法律法规,1.0,0.5162,False,2
149,驾驶人在一个记分周期内累积记分达到12分的，交通警察依法扣留驾驶证。,道路交通安全法律法规,0.5658,0.004,True,2
150,驾驶人将机动车交给驾驶证被吊销的人驾驶，交警会依法扣留什么？,驾驶证与机动车管理,0.6504,0.0499,False,3
151,机动车驾驶人初次取得汽车类或者摩托车类准驾车型的实习期是多长时间？,驾驶证与机动车管理,1.0,0.6634,False,3
152,在实习期内驾驶机动车的，应当在车身后部粘贴或者悬挂哪种标志？,驾驶证与机动车管理,1.0,0.3331,False,3
153,机动车驾驶人在实习期内驾驶机动车不得牵引挂车。,驾驶证与机动车管理,1.0,0.3673,False,3
154,机动车驾驶人初次申请机动车驾驶证的多长时间为实习期？,驾驶证与机动车管理,1.0,0.6553,False,3
155,初次申领驾驶证的驾驶人在实习期内可以单独驾驶机动车上高速公路行驶。,驾驶证与机动车管理,1.0,0.3182,False,3
156,驾驶人在实习期内驾驶机动车时，应当在车身后部粘贴或者悬挂统一式样的实习标志。,驾驶证与机动车管理,1.0,0.3406,False,3
157,机动车驾驶人在实习期内有记满12分记录的，注销其实习的准驾车型驾驶资格。,驾驶证与机动车管理,1.0,0.6673,False,3
158,实习期驾驶人驾驶机动车上高速公路行驶，以下做法正确的是什么？,道路通行规则,0.6017,0.0156,False,4
159,驾驶人在实习期内驾驶机动车上高速公路行驶，应由持相应或者更高准驾车型驾驶证一年以上的驾驶人陪同。,驾驶证与机动车管理,1.0,0.618,False,3
160,允许自学直考人员使用图中教练车，在“学车专用标识签注指导人员”随车指导下学习驾驶。,驾驶证与机动车管理,0.4829,0.0004,True,3
161,驾驶人在实习期内可以驾驶机动车独立进入高速公路行驶。,道路通行规则,0.5774,0.0018,True,3
162,驾驶这种自学直考机动车上路学习驾驶需要符合什么条件？,驾驶证与机动车管理,0.4958,0.0051,True,3
163,"公安机关交通管理部门对驾驶人的交通违法行为除依法给予行政处罚外,实行下列哪种制度？",道路交通安全法律法规,1.0,0.9131,False,2
164,道路交通安全违法行为累积记分的周期是多长时间？,道路交通安全法律法规,1.0,1.0259,False,2
165,公安机关交通管理部门对累积记分达到规定分值的驾驶人怎样处理？,道路交通安全法律法规,1.0,0.2728,False,2
166,记分满12分的驾驶人拒不参加学习和考试的将被公告驾驶证停止使用。,驾驶证与机动车管理,0.597,0.0222,False,3
167,道路交通违法行为累积记分周期是多长时间？,道路交通安全法律法规,1.0,0.9765,False,2
168,道路交通安全违法行为累积记分一个周期满分为12分。,道路交通安全法律法规,1.0,1.0587,False,2
169,驾驶人记分没有达到满分，有罚款尚未缴纳的，记分转入下一记分周期。,道路交通安全法律法规,1.0,0.5564,False,2
170,使用伪造、变造的机动车号牌一次记几分？,驾驶证与机动车管理,1.0,0.292,False,3
171,使用其他机动车号牌、行驶证的一次记3分。,驾驶证与机动车管理,1.0,0.5984,False,3
172,驾驶机动车在高速公路上倒车、逆行、穿越中央分隔带掉头的一次记6分。,道路通行规则,1.0,0.8946,False,4
173,机动车驾驶人累计记分达到12分，拒不参加公安机关交通管理部门通知的学习，也不接受考试的，由公安机关交通管理部门公告其驾驶证停止使用。,驾驶证与机动车管理,0.5827,0.0119,False,3
174,图中黄色机动车驾驶人在高速公路逆向行驶，会被记6分。,道路通行规则,1.0,0.3316,False,4
175,图中驾驶人的这种违法行为会被记多少分？,道路交通安全法律法规,1.0,0.6484,False,2
176,车辆在一般道路上发生故障后，应开启危险报警闪光灯，并在车后50-100米设置警告标志，如不按规定使用灯光和设置警告标志的，将被—次记多少分？,紧急情况与事故处理,1.0,0.2295,False,5
177,图中红色车辆的这种违法行为会被记多少分？,道路交通安全法律法规,1.0,0.6424,False,2
178,驾驶人驾驶机动车不按交通信号灯指示通行的，一次记多少分？,交通信号与标志标线,1.0,0.701,False,5
179,驾驶机动车不按交通信号灯指示通行的，一次记6分。,交通信号与标志标线,1.0,0.7106,False,5
180,驾驶机动车在高速公路违法占用应急车道行驶的一次记6分。,道路通行规则,1.0,0.4333,False,4
181,图中黄色机动车驾驶人违法占用高速公路应急车道行驶，会被记3分。,道路通行规则,1.0,0.393,False,4
182,图中蓝色车这种违法的行为会被记多少分？,道路交通安全法律法规,1.0,0.3004,False,2
183,"违反交通管制的规定强行通行，不听劝阻的,由公安交通管理部门处两百元以上两千元以下罚款，可以并处十五日以下拘留。",道路交通安全法律法规,1.0,0.5391,False,2
184,机动车驾驶人造成事故后逃逸构成犯罪的，吊销驾驶证且多长时间不得重新取得驾驶证？,道路交通安全法律法规,0.6656,0.0225,False,8
185,"造成交通事故后逃逸且构成犯罪的驾驶人,将吊销驾驶证且终生不得重新取得驾驶证。",紧急情况与事故处理,1.0,0.3298,False,8
186,驾驶人违反交通运输管理法规发生重大事故致人重伤、死亡，可能会受到什么刑罚？,其他与综合知识,0.5518,0.0001,True,8
187,驾驶人违反交通运输管理法规发生重大事故使公私财产遭受重大损失，可能会受到什么刑罚？,其他与综合知识,0.551,0.0002,True,8
188,驾驶人违反交通运输管理法规发生重大事故致人重伤的可能判处3年以下徒刑或拘役。,其他与综合知识,0.5512,0.0,True,8
189,驾驶人违反交通运输管理法规发生重大事故致人死亡的处3年以上有期徒刑。,紧急情况与事故处理,0.5593,0.0039,True,8
190,驾驶人违反交通运输管理法规发生重大事故使公私财产遭受重大损失的可能处3年以下徒刑或拘役。,紧急情况与事故处理,0.552,0.0009,True,8
191,驾驶人违反交通运输管理法规发生重大事故致人死亡且逃逸的，处多少年有期徒刑？,紧急情况与事故处理,1.0,0.2747,False,8
192,驾驶人违反交通运输管理法规发生重大事故后，因逃逸致人死亡的，处多少年有期徒刑？,紧急情况与事故处理,1.0,0.2793,False,8
193,驾驶人违反交通运输管理法规发生重大事故后，逃逸或者有其他特别恶劣情节的，处7年以上有期徒刑。,紧急情况与事故处理,1.0,0.2603,False,8
194,驾驶人违反交通运输管理法规发生重大事故后，因逃逸致人死亡的，处3年以上7年以下有期徒刑。,紧急情况与事故处理,1.0,0.2785,False,8
195,驾驶机动车在道路上追逐竞驶，情节恶劣，会受到什么处罚？,道路交通安全法律法规,1.0,0.2795,False,2
196,驾驶人在道路上驾驶机动车追逐竞驶，情节恶劣的处3年以下有期徒刑。,道路交通安全法律法规,0.5035,0.0093,True,2
197,造成致人轻伤以上或者死亡的交通事故后逃逸，尚不构成犯罪的，一次记几分？,紧急情况与事故处理,1.0,0.599,False,8
198,机动车驾驶人造成致人轻伤以上或者死亡的交通事故后逃逸，尚不构成犯罪的，—次记12分。,紧急情况与事故处理,1.0,0.5821,False,8
199,交通肇事致一人以上重伤，负事故全部或者主要责任，并具有下列哪种行为的，构成交通肇事罪?,紧急情况与事故处理,1.0,0.2711,False,8
200,交通肇事致一人以上重伤，负事故全部或者主要责任，并具有下列哪种行为的，构成交通肇事罪?,紧急情况与事故处理,1.0,0.2711,False,8
201,交通肇事致一人以上重伤，负事故全部或者主要责任，并具有下列哪种行为的，构成交通肇事罪?,紧急情况与事故处理,1.0,0.2711,False,8
202,交通肇事致一人以上重伤，负事故全部或者主要责任，并具有下列哪种行为的，构成交通肇事罪?,紧急情况与事故处理,1.0,0.2711,False,8
203,发生交通事故后，当事人故意破坏、伪造现场、毁灭证据的，承担全部责任。,紧急情况与事故处理,1.0,0.6097,False,8
204,交通肇事致一人以上重伤，负事故全部或者主要责任，并具有下列哪种行为的，构成交通肇事罪?,紧急情况与事故处理,1.0,0.2711,False,8
205,交通肇事致一人以上重伤，负事故全部或者主要责任，并具有下列哪种行为的，构成交通肇事罪?,紧急情况与事故处理,1.0,0.2711,False,8
206,造成交通事故后逃逸构成犯罪的人不能申请机动车驾驶证。,紧急情况与事故处理,1.0,0.5959,False,8
207,前方路口这种信号灯亮表示什么意思？,交通信号与标志标线,0.6669,0.058,False,5
208,前方路口这种信号灯亮表示什么意思？,交通信号与标志标线,0.6669,0.058,False,5
209,如图所示，在这种情况下驶近路口，车辆可以怎么行驶?,道路通行规则,1.0,0.2764,False,4
210,如图所示，驾驶机动车直行遇前方道路堵塞时，车辆可以在黄色网格线内区域临时停车等待，但不得在人行横道停车。,道路通行规则,1.0,0.5677,False,4
211,前方路口这种信号灯亮表示什么意思？,交通信号与标志标线,0.6669,0.058,False,5
212,有这种信号灯的路口允许机动车如何行驶？,交通信号与标志标线,0.6464,0.0467,False,5
213,遇到这种情况的路口怎样通过？,道路通行规则,1.0,0.2762,False,4
214,在路口遇有交通信号灯和交通警察指挥不一致时，按照交通信号灯通行。,交通信号与标志标线,1.0,0.5177,False,5
215,在路口这个位置时可以加速通过路口。,道路通行规则,1.0,0.281,False,4
216,驾驶机动车不能进入红色叉形灯或者红色箭头灯亮的车道。,道路通行规则,1.0,0.2655,False,4
217,在这个路口左转弯选择哪条车道？,道路通行规则,1.0,0.5442,False,4
218,在这个路口怎样左转弯？,道路通行规则,1.0,0.2786,False,4
219,驾驶机动车在路口遇到这种情况如何行驶？,道路通行规则,1.0,0.2839,False,4
220,在这种情况下可加速通过交叉路口。,道路通行规则,1.0,0.5801,False,4
221,遇到图中所示的情况，应怎样行驶？,道路通行规则,0.4978,0.0066,True,4
222,驾驶机动车在道路上靠路边停车过程中如何使用灯光？,车辆结构与驾驶操作,0.5752,0.0102,True,7
223,机动车向左转弯、向左变更车道，驶离停车地点及掉头时，提前开启左转向灯是为了什么？,道路通行规则,1.0,1.0896,False,4
224,驾驶机动车在路口右转弯时，应提前开启右转向灯，不受信号灯限制，不受车速限制，迅速通过，防止路口堵塞。,交通信号与标志标线,0.5944,0.0205,False,5
225,夜间在没有中心线的道路上会车，距离对向车辆多少米改用近光灯？,安全文明驾驶常识,0.5738,0.0112,True,6
226,驾驶机动车在道路上向左变更车道时如何使用灯光？,道路通行规则,1.0,0.2862,False,4
227,在这种天气条件下行车如何使用灯光？,车辆结构与驾驶操作,1.0,0.2723,False,7
228,在这种天气条件下行车如何使用灯光？,车辆结构与驾驶操作,1.0,0.2723,False,7
229,在这种路段如何行驶？,道路通行规则,0.5075,0.0122,True,4
230,驾驶机动车在道路上掉头时， 应当提前开启左转向灯。,道路通行规则,1.0,0.286,False,4
231,驾驶机动车在道路上向右变更车道可以不使用转向灯。,道路通行规则,1.0,0.571,False,4
232,驾驶机动车在沙尘天气条件下行车不用开启前照灯、示廓灯和后位灯。,安全文明驾驶常识,0.5043,0.0092,True,6
233,驾驶机动车在雾天行车开启雾灯和危险报警闪光灯。,紧急情况与事故处理,0.5598,0.0031,True,6
234,在这种急弯道路上行车应交替使用远近光灯。,安全文明驾驶常识,0.4984,0.0069,True,6
235,夜间驾驶机动车通过人行横道时需要交替使用远近光灯。,道路通行规则,0.5692,0.0063,True,6
236,"驾驶机动车上坡时,在将要到达坡道顶端时要加速并鸣喇叭。",安全文明驾驶常识,0.4859,0.0006,True,3
237,夜间在道路上会车时，距离对向来车多远将远光灯改用近光灯？,安全文明驾驶常识,0.5681,0.0088,True,6
238,夜间驾驶机动车在窄路、窄桥会车怎样使用灯光？,车辆结构与驾驶操作,0.5652,0.006,True,7
239,夜间驾驶机动车在窄路、窄桥会车时正确的做法是使用远光灯。,安全文明驾驶常识,0.5821,0.0146,False,6
240,驾驶机动车变更车道为什么要提前开启转向灯?,道路通行规则,1.0,0.5626,False,4
241,关于机动车灯光的使用，以下说法正确的是什么?,车辆结构与驾驶操作,1.0,0.2816,False,7
242,牵引故障车时，牵引与被牵引的机动车，在行驶中都要开启危险报警闪光灯。,紧急情况与事故处理,1.0,0.545,False,8
243,如图所示，红圈中标记车辆使用灯光的方法是正确的。,车辆结构与驾驶操作,1.0,0.2831,False,7
244,如图所示，驾驶机动车驶出这个路口时应当怎样使用灯光？,车辆结构与驾驶操作,0.6097,0.0279,False,7
245,机动车在一般道路上发生故障，难以移动时，应提前开启危险报警闪光灯并在车后50-100米设置警告标志。,紧急情况与事故处理,1.0,0.2431,False,5
246,在图中所示的这种天气行车，由于能见度较低，需要开启远光灯告知对向来车。,安全文明驾驶常识,0.5414,0.0289,True,6
247,前方车辆开启转向灯表示要如何行驶？,道路通行规则,0.4936,0.0053,True,4
248,前方车辆开启转向灯表示要如何行驶？,道路通行规则,0.4936,0.0053,True,4
249,前方车辆有什么违法行为？,道路交通安全法律法规,1.0,0.6535,False,2
250,前方车辆有什么违法行为？,道路交通安全法律法规,1.0,0.6535,False,2
251,在这种环境中行车，应该怎样使用灯光？,车辆结构与驾驶操作,1.0,0.281,False,7
252,雾天行车为了提高能见度，应该开启远光灯。,安全文明驾驶常识,1.0,0.303,False,6
253,在这种环境下通过路口如何使用灯光？,车辆结构与驾驶操作,0.5818,0.0161,False,7
254,在这种环境里行车使用近光灯。,安全文明驾驶常识,0.5013,0.0092,True,6
255,如图所示，在这种情况下通过路口，交替使用远近光灯的目的是什么？,道路通行规则,1.0,0.2647,False,4
256,如图所示，在这种情况下跟车行驶，不能使用远光灯的原因是什么?,道路通行规则,1.0,0.2793,False,4
257,在这种雨天跟车行驶使用灯光，以下做法正确的是？,道路通行规则,0.5763,0.0109,True,4
258,在这段路的最高时速为每小时50公里。,道路通行规则,0.4953,0.0073,True,4
259,在这段城市道路上行驶的最高速度不能超过多少？,道路通行规则,0.539,0.027,True,4
260,在这条公路上行驶的最高速度不能超过多少？,道路通行规则,0.5472,0.0313,True,4
261,在这条城市道路上行驶的最高速度不能超过多少？,道路通行规则,0.5388,0.0269,True,4
262,在这条公路上行驶的最高速度不能超过多少？,道路通行规则,0.5472,0.0313,True,4
263,在这个弯道上行驶时的最高速度不能超过多少？,道路通行规则,0.5234,0.0198,True,4
264,驾驶机动车遇到沙尘、冰雹、雨、雾、结冰等气象条件时应降低行驶速度。,驾驶证与机动车管理,0.4863,0.0008,True,3
265,驾驶机动车遇雾、雨、雪等能见度在50米以内时，最高速度不能超过多少？,道路通行规则,0.4986,0.0065,True,4
266,驾驶机动车在进出非机动车道时，最高速度不能超过多少？,道路通行规则,1.0,0.2785,False,4
267,驾驶机动车通过铁路道口时，最高速度不能超过多少？,道路通行规则,0.5032,0.0084,True,4
268,驾驶机动车通过急弯路时，最高速度不能超过多少？,道路通行规则,0.4889,0.0009,True,4
269,驾驶机动车通过窄路、窄桥时，最高速度不能超过多少？,道路通行规则,0.4989,0.0066,True,4
270,驾驶机动车下陡坡、转弯、掉头时，最高速度不能超过多少？,道路通行规则,1.0,0.2819,False,4
271,驾驶机动车在冰雪道路行驶时，最高速度不能超过多少？,安全文明驾驶常识,1.0,0.2722,False,6
272,驾驶机动车在泥泞道路行驶时，最高速度不能超过多少？,道路通行规则,0.5233,0.0175,True,4
273,"驾驶机动车上道路行驶,不允许超过限速标志标明的最高时速。",道路通行规则,1.0,0.2826,False,4
274,驾驶机动车在没有中心线的城市道路上，最高速度不能超过每小时50公里。,道路通行规则,0.5152,0.0151,True,4
275,驾驶机动车在没有中心线的公路上，最高速度不能超过每小时70公里。,道路通行规则,0.5221,0.0183,True,4
276,车在这种条件的道路上，最高速度不能超过每小时50公里。,道路通行规则,0.5267,0.0218,True,4
277,驾驶机动车掉头、转弯、下陡坡时的最高速度不能超过每小时40公里。,道路通行规则,1.0,0.349,False,4
278,驾驶机动车通过窄路、窄桥时的最高速度不能超过每小时30公里。,道路通行规则,0.5083,0.0122,True,4
279,牵引发生事故的机动车时，最高车速不得超过多少？,紧急情况与事故处理,1.0,0.2658,False,8
280,如图所示，机动车在这样的城市道路上行驶，最高的行驶速度不得超过50公里/小时。,道路通行规则,0.5023,0.0076,True,4
281,驾驶机动车在没有划分道路中心线的城市道路上行驶速度不得超过50公里/小时。,道路通行规则,0.5153,0.0151,True,4
282,驾驶机动车在同方向只有1条机动车道的城市道路，最高速度不能超过每小时70公里。,道路通行规则,1.0,0.2658,False,4
283,驾驶机动车在这种道路上如何通行？,道路通行规则,0.541,0.0269,True,4
284,道路上划设这种标线的车道内允许下列哪类车辆通行？,道路通行规则,0.59,0.0178,False,4
285,这段道路红车所在车道是什么车道？,道路通行规则,1.0,0.2845,False,4
286,"在路口直行时,遇这种情形如何通行？",道路通行规则,1.0,0.2919,False,4
287,在这种情况的交叉路口转弯要让直行车先行。,道路通行规则,1.0,0.5719,False,4
288,在交叉路口遇到这种情况享有优先通行权。,道路通行规则,1.0,0.5866,False,4
289,在交叉路口遇到这种情况享有优先通行权。,道路通行规则,1.0,0.5866,False,4
290,如图所示，在这种情况下准备进入环形路口时，为了保证车后车流的通畅，应加速超越红车进入路口。,道路通行规则,1.0,0.2741,False,4
291,为什么规定辅路车让主路车先行?,交通信号与标志标线,0.4815,0.0003,True,4
292,驾驶机动车在没有道路中心线的道路上行驶，应该在道路的左侧通行,道路通行规则,0.5403,0.0263,True,4
293,如图所示，驾驶机动车经过这种道路时，如果前方没有其他交通参与者，可在道路上随意通行。,道路通行规则,0.5162,0.0141,True,4
294,如图所示，驾驶机动车在路口遇到这种交通信号时，右转弯的车辆不妨碍被放行的车辆、行人的情况下，可以通行。,交通信号与标志标线,0.7285,0.0842,False,5
295,驾驶机动车通过未设置交通信号灯的交叉路口时，下列说法错误的是什么？,交通信号与标志标线,0.9137,0.1437,False,5
296,驾驶机动车在交叉路口前变更车道时， 应在进入实线区后，开启转向灯，变更车道。,道路通行规则,1.0,1.1317,False,4
297,如图所示，A车具有优先通行权。,道路通行规则,0.5012,0.0076,True,4
298,如图所示，驾驶机动车在路口前遇到这种情况时， A车具有优先通行权。,道路通行规则,1.0,0.2787,False,4
299,驾驶机动车遇前方交叉路口交通阻塞时， 路口内无网状线的，可停在路口内等候。,道路通行规则,1.0,0.597,False,4
300,如图所示，驾驶机动车行驶至此位置时，以下做法正确的是什么？,车辆结构与驾驶操作,0.519,0.0141,True,7
301,道路没有划分机动车道、非机动车道和人行道的，以下说法正确的是什么？,道路通行规则,1.0,0.2709,False,4
302,驾驶机动车经过无划分车道的道路时，可以随意通行。,道路通行规则,1.0,0.2812,False,4
303,如图所示，当机动车行驶至交叉口时的做法是正确的。,车辆结构与驾驶操作,0.5099,0.0115,True,7
304,如图所示，A车具有优先通行权。,道路通行规则,0.5012,0.0076,True,4
305,如图所示，B车具有优先通行权。,道路通行规则,0.4974,0.0059,True,4
306,如图所示，A车具有优先通行权。,道路通行规则,0.5012,0.0076,True,4
307,请判断—下图中这辆黄色小型汽车的违法行为是什么？,道路交通安全法律法规,1.0,0.62,False,2
308,遇到图中所示的情况，我方车辆应怎样行驶？,道路通行规则,0.4965,0.0063,True,4
309,遇到图中所示的情况，应怎样行驶？,道路通行规则,0.4978,0.0066,True,4
310,遇到图中所示的情况，应怎样行驶？,道路通行规则,0.4978,0.0066,True,4
311,机动车在道路上变更车道需要注意什么？,道路通行规则,1.0,0.5674,False,4
312,这辆红色轿车变更车道的方法和路线是正确的。,道路通行规则,1.0,0.5661,False,4
313,驾驶机动车变更车道时，以下做法正确的是什么？,道路通行规则,1.0,0.5615,False,4
314,驾驶机动车应在变更车道的同时开启转向灯。,道路通行规则,1.0,0.5643,False,4
315,如图所示，驾驶机动车遇到右侧车辆强行变道，应减速慢行，让右前方车辆顺利变道。,车辆结构与驾驶操作,0.4989,0.006,True,7
316,如图所示，红圈标注的深色车辆的做法是违法的。,道路交通安全法律法规,1.0,0.2521,False,2
317,驾驶机动车在道路上超车时可以不使用转向灯。,道路通行规则,1.0,0.2816,False,4
318,驾驶机动车在道路上超车完毕驶回原车道时开启右转向灯。,道路通行规则,1.0,0.5462,False,4
319,驾驶机动车在夜间超车时怎样使用灯光？,车辆结构与驾驶操作,0.5903,0.0181,False,7
320,驾驶机动车超车应该提前开启左转向灯、变换使用远近光灯或鸣喇叭。,道路通行规则,1.0,0.2619,False,4
321,驾驶机动车超车后立即开启右转向灯驶回原车道。,道路通行规则,1.0,0.5371,False,4
322,在超越前车时，提前开启左转向灯，变换使用远、近光灯或者鸣喇叭是为了什么?,安全文明驾驶常识,0.4925,0.0045,True,6
323,在这种情况下可以借右侧公交车道超车。,道路通行规则,1.0,0.5486,False,4
324,驾驶机动车在下列哪种情形下不能超越前车？,驾驶证与机动车管理,0.4958,0.0051,True,3
325,在没有中心线的道路上发现后车发出超车信号时，如果条件许可如何行驶？,道路通行规则,1.0,0.2675,False,4
326,这种情况超车时，从前车的哪一侧超越？,道路通行规则,1.0,0.2838,False,4
327,同车道行驶的车辆遇前车有下列哪种情形时不得超车？,道路通行规则,1.0,0.5939,False,4
328,同车道行驶的车辆遇前车有下列哪种情形时不得超车？,道路通行规则,1.0,0.5939,False,4
329,同车道行驶的车辆前方遇到下列哪种车辆不得超车？,道路通行规则,1.0,0.5963,False,4
330,同车道行驶的车辆前方遇到下列哪种车辆不得超车？,道路通行规则,1.0,0.5963,False,4
331,同车道行驶的车辆前方遇到下列哪种车辆不得超车？,道路通行规则,1.0,0.5963,False,4
332,驾驶机动车行经市区下列哪种道路时不得超车？,道路通行规则,1.0,0.2763,False,4
333,驾驶机动车行经下列哪种路段不得超车？,道路通行规则,1.0,0.2691,False,4
334,驾驶机动车行经下列哪种路段时不得超车？,道路通行规则,1.0,0.2691,False,4
335,驾驶机动车在下列哪种路段不得超车？,道路通行规则,1.0,0.2707,False,4
336,遇到这种情况不能超车。,道路通行规则,1.0,0.2915,False,4
337,在道路上遇到这种情况可以从两侧超车。,道路通行规则,1.0,0.2896,False,4
338,遇到这种情况下可以从右侧超车。,道路通行规则,1.0,0.2895,False,4
339,驾驶机动车行经城市没有列车通过的铁路道口时允许超车。,道路通行规则,1.0,0.2719,False,4
340,驾驶机动车在隧道、陡坡等特殊路段不得超车。,道路通行规则,1.0,0.2749,False,4
341,如图所示，在这种情况下通过交叉路口时，不得超车的原因是什么?,道路通行规则,1.0,0.8344,False,4
342,超车时应从前车的左侧超越，是因为左侧超车便于观察，有利于安全。,道路通行规则,1.0,0.266,False,4
343,超车需从前车左侧超越，以下说法正确的是什么?,道路通行规则,1.0,0.2766,False,4
344,驾驶机动车超车时，可以鸣喇叭替代开启转向灯。,道路通行规则,1.0,0.2741,False,4
345,如图所示，A车可以从左侧超越B车。,车辆结构与驾驶操作,0.5026,0.009,True,7
346,如图所示，驾驶机动车遇前方车流行驶缓慢时，借用公交专用道超车是正确的。,道路通行规则,1.0,0.2655,False,4
347,如图所示，驾驶机动车遇左侧车道有车辆正在超车时，可以迅速变道，伺机反超。,道路通行规则,1.0,0.5294,False,4
348,如图所示，驾驶机动车在这种情况下，当C车减速让超车时，A车应该如何行驶？,道路通行规则,1.0,0.2727,False,4
349,在这种情况下，想超越前车，可借右侧公交车道。,道路通行规则,1.0,0.2771,False,4
350,驾驶机动车在经过交通流量大的路段，只要不是红灯就可以随时超车。,道路通行规则,1.0,0.2706,False,4
351,如果想超越前方图中这辆慢速度行驶的小汽车，怎样做是正确的？,道路通行规则,0.4972,0.0072,True,4
352,驾驶小型汽车在高速公路、城市快速路上行驶超过规定时速50%以上的，—次记多少分？,道路通行规则,1.0,0.3552,False,4
353,驾驶小型汽车在高速公路、城市快速路上行驶超过规定时速50%以上的，—次记3分。,道路通行规则,1.0,0.3526,False,4
354,下列哪种行为会受到200元以上2000元以下罚款，并处吊销机动车驾驶证？,道路交通安全法律法规,1.0,0.2603,False,2
355,如图所示，在这种情况下只要后方没有来车，可以倒车.,道路通行规则,1.0,0.2593,False,4
356,在以下路段不能倒车的是什么?,道路通行规则,1.0,0.2536,False,4
357,在后方无来车的情况下，在隧道中倒车应靠边行驶。,道路通行规则,1.0,0.266,False,4
358,在交叉路口、隧道内均不能倒车。,道路通行规则,1.0,0.8301,False,4
359,在这种路口怎样进行掉头？,道路通行规则,1.0,0.5671,False,4
360,遇到这种情况的路口，以下做法正确的是什么？,道路通行规则,1.0,0.2746,False,4
361,在这个路口可以掉头。,道路通行规则,1.0,0.5602,False,4
362,在这个路口不能掉头。,道路通行规则,1.0,0.5578,False,4
363,在这段道路上不能掉头。,道路通行规则,1.0,0.2913,False,4
364,驾驶机动车在铁路道口、桥梁、陡坡、隧道或者容易发生危险的路段不能掉头。,道路通行规则,1.0,0.2756,False,4
365,在这段道路上，只要不影响其他车辆通行的前提下可以掉头。,道路通行规则,1.0,0.2822,False,4
366,如图所示，这种情况下只要后方、对向无来车，可以掉头。,道路通行规则,1.0,0.2737,False,4
367,如图所示，在前方路口可以掉头。,道路通行规则,1.0,0.5429,False,4
368,驾驶机动车在道路上掉头时， 应当提前开启左转向灯。,道路通行规则,1.0,0.286,False,4
369,驾驶机动车在没有道路中心线的狭窄山路怎样会车？,道路通行规则,1.0,0.2784,False,4
370,驾驶机动车在没有中心线的道路上遇相对方向来车时怎样行驶？,车辆结构与驾驶操作,0.4883,0.0002,True,7
371,遇到这种情况可以优先通行。,道路通行规则,0.5467,0.0313,True,4
372,未上坡的车辆遇到这种情况让对向下坡车先行。,道路通行规则,0.4966,0.007,True,4
373,如图所示，在这种情况下，会车时必须减速靠右通过。,道路通行规则,1.0,0.278,False,4
374,在狭窄的山路会车，规定不靠山体的一方优先行驶的原因是什么?,道路通行规则,1.0,0.277,False,4
375,如图所示，驾驶机动车遇到这种情况，不仅要控制车速留出会车空间， 而且要注意与右侧的儿童保持足够的安全距离。,安全文明驾驶常识,1.0,0.403,False,6
376,驾驶机动车在没有道路中心线的狭窄山路，靠山体的一方要让不靠山体的—方先行。,道路通行规则,0.496,0.0064,True,4
377,交叉路口不得倒车的原因是什么?,道路通行规则,1.0,0.822,False,4
378,如何通过这种交叉路口？,道路通行规则,1.0,0.5722,False,4
379,进入这个路口应该怎样做？,道路通行规则,1.0,0.2719,False,4
380,在路口右转弯遇同车道前车等候放行信号时如何行驶？,道路通行规则,1.0,0.5274,False,4
381,在这个路口右转弯如何通行？,道路通行规则,1.0,0.2916,False,4
382,在路口遇这种情形要减速让行。,道路通行规则,1.0,0.5347,False,4
383,驾驶机动车通过没有交通信号的交叉路口怎样行驶？,道路通行规则,0.9279,0.1675,False,4
384,驾驶机动车通过交叉路口要遵守交通信号。,道路通行规则,0.8858,0.1444,False,4
385,驾驶机动车在没有交通信号的路口要尽快通过。,交通信号与标志标线,0.8295,0.1358,False,5
386,在没有交通信号指示的交叉路口，转弯的机动车让直行的车辆和行人先行。,道路通行规则,0.9162,0.1629,False,5
387,当您即将通过交叉路口的时候，才意识到要左转而不是向前，以下说法正确的是什么?,道路通行规则,1.0,0.5649,False,4
388,如图所示，当车辆驶进这样的路口时，以下说法错误的是什么？,道路通行规则,1.0,0.2596,False,4
389,如图所示，前方有车辆从主路进入辅路时，怎么做是正确的？,车辆结构与驾驶操作,0.4984,0.0072,True,7
390,遇到这种情况的路段，可以进入网状线区域内停车等候。,道路通行规则,1.0,0.2761,False,4
391,这辆小轿车不能在这个位置停车。,道路通行规则,1.0,0.2751,False,4
392,驾驶机动车遇到这种桥时首先怎样办？,安全文明驾驶常识,0.4879,0.0005,True,6
393,这辆停在路边的机动车没有违法行为。,道路交通安全法律法规,1.0,0.6428,False,2
394,这样在路边临时停放机动车有什么违法行为？,道路交通安全法律法规,1.0,0.628,False,2
395,驾驶机动车需要在路边停车时怎样选择停车地点？,道路通行规则,1.0,0.2751,False,4
396,这样在路边临时停放机动车有什么违法行为？,道路交通安全法律法规,1.0,0.628,False,2
397,这样临时停放红色轿车有什么违法行为？,道路交通安全法律法规,1.0,0.6503,False,2
398,这样停放机动车什么违法行为？,道路交通安全法律法规,1.0,0.6654,False,2
399,在距这段路多少米以内的路段不能停放机动车？,驾驶证与机动车管理,0.4839,0.0005,True,3
400,在道路上临时停车不得妨碍其他车辆和行人通行。,道路通行规则,0.5675,0.0079,True,4
401,驾驶机动车找不到停车位时可以借人行道停放。,道路通行规则,1.0,0.2656,False,4
402,距离交叉路口50米以内的路段不能停车。,道路通行规则,1.0,0.8258,False,4
403,这个路段可以在非机动车道上临时停车。,道路通行规则,1.0,0.5393,False,4
404,社会车辆距离消防栓或者消防队(站)门前30米以内的路段不能停车。,道路通行规则,1.0,0.5355,False,4
405,距离桥梁、陡坡、隧道50米以内的路段不能停车。,道路通行规则,1.0,0.2631,False,4
406,距离宽度不足4米的窄路50米以内的路段不能停车。,道路通行规则,1.0,0.2625,False,4
407,机动车停稳前不能开车门和上下人员。,车辆结构与驾驶操作,0.4874,0.0011,True,7
408,打开机动车车门时，不得妨碍其他车辆和行人通行。,安全文明驾驶常识,1.0,0.2639,False,6
409,图中深色车辆在该地点临时停车是可以的。,道路通行规则,1.0,0.2712,False,4
410,图中标注车辆在该地点停车是可以的。,道路通行规则,1.0,0.27,False,4
411,图中小型汽车的停车地点是正确的。,道路通行规则,1.0,0.2717,False,4
412,如图所示，A车在此处停车是可以的。,道路通行规则,1.0,0.2625,False,4
413,如图所示，A车在此处停车是可以的。,道路通行规则,1.0,0.2625,False,4
414,看到图中标志时，应怎样行驶？,交通信号与标志标线,1.0,0.3058,False,5
415,如图所示，通过这个标志的路口时应该减速让行。,道路通行规则,1.0,0.5339,False,4
416,如图所示，通过有这个标志的路口时无需减速。,道路通行规则,1.0,0.2616,False,5
417,下列哪个交通标志表示不能停车？,交通信号与标志标线,0.9343,0.1877,False,5
418,遇到图中所示标志，如何停车？,道路通行规则,0.8672,0.1756,False,5
419,在图中所示的这段道路上行驶，驾驶人需要注意什么？,道路通行规则,0.4984,0.0065,True,4
420,这个标志是何含义？,交通信号与标志标线,0.5529,0.0344,True,5
421,如图所示，这个标志设置在有人看守的铁路道口，提示驾驶人距有人看守的铁路道口的距离还有100米。,车辆结构与驾驶操作,0.4882,0.002,True,5
422,如图所示，驾驶机动车遇到这种情况，以下做法正确的是什么？,车辆结构与驾驶操作,0.5052,0.0073,True,7
423,下列高速公路交通标志与其含义对应的正确的一项是？,交通信号与标志标线,0.7406,0.0799,False,5
424,图中这个标志提示前方道路的最高车速限制在每小时50公里以下。,道路通行规则,0.4941,0.0053,True,5
425,在这个位置时怎样使用灯光？,车辆结构与驾驶操作,1.0,0.2935,False,7
426,进入减速车道时怎样使用灯光？,车辆结构与驾驶操作,0.5832,0.0165,False,7
427,驾驶机动车驶离高速公路时，在这个位置怎样行驶？,道路通行规则,1.0,0.3602,False,4
428,可以从这个位置直接驶入高速公路行车道。,道路通行规则,1.0,0.6192,False,4
429,驶离高速公路可以从这个位置直接驶入匝道。,道路通行规则,1.0,0.3514,False,4
430,这辆小型载客汽车进入高速公路行车道的行为是正确的。,道路通行规则,1.0,0.6081,False,4
431,这辆小型载客汽车驶离高速公路行车道的方法是正确的。,道路通行规则,1.0,0.6114,False,4
432,如图所示，在高速公路最左侧车道行驶，想驶离高速公路，以下说法正确的是什么?,道路通行规则,1.0,0.7011,False,4
433,驾驶机动车在高速公路上行驶，错过出口时，如果确认后方无来车，可以倒回出口驶离高速公路。,道路通行规则,1.0,0.39,False,4
434,驾驶图中这辆机动车能否进入高速公路行驶？,道路通行规则,1.0,0.3573,False,4
435,假如您在高速公路上不小心错过了准备驶出的路口，正确的操作应该是？,道路通行规则,1.0,0.6158,False,4
436,在高速公路上长期骑、轧车行道分界线行驶，会同时占用两个车道，导致后方车辆行驶困难，易引发交通事故。,道路通行规则,0.6391,0.0019,False,4
437,在这条高速公路上行驶时的最高速度不能超过多少？,道路通行规则,1.0,0.372,False,4
438,在这段高速公路上行驶的最高车速是多少？,道路通行规则,1.0,0.3698,False,4
439,在这段高速公路上行驶的最低车速是多少？,道路通行规则,1.0,0.3697,False,4
440,在这条车道行驶的最低车速是多少？,道路通行规则,1.0,0.3536,False,4
441,在这条车道行驶的最低车速是多少？,道路通行规则,1.0,0.3536,False,4
442,在这条车道行驶的最高车速是多少？,道路通行规则,1.0,0.354,False,4
443,驾驶小型载客汽车在高速公路行驶的最低车速为90公里/小时。,道路通行规则,1.0,0.3497,False,4
444,驾驶机动车在高速公路遇到能见度低于200米的气象条件时，最高车速是多少？,道路通行规则,1.0,0.3452,False,4
445,驾驶机动车在高速公路遇到能见度低于100米的气象条件时，最高车速是多少？,道路通行规则,1.0,0.3452,False,4
446,驾驶机动车在高速公路遇到能见度低于50米的气象条件时，车速不得超过20公里/小时，还应怎么做？,道路通行规则,1.0,0.3396,False,4
447,如图所示，在高速公路上同方向三条机动车道最左侧车道行驶，应保持什么车速?,道路通行规则,1.0,0.6419,False,4
448,如图所示，在高速公路同方向三条机动车道右侧车道行驶，车速不能低于多少?,道路通行规则,1.0,0.6404,False,4
449,如图所示，在同向三车道高速公路上行车，车速每小时115公里应在哪条行车道上行驶?,道路通行规则,1.0,0.6139,False,4
450,如图所示，在高速公路同方向两条机动车道左侧车道行驶，应保持什么车速?,道路通行规则,1.0,0.6396,False,4
451,如图所示，在高速公路同方向三条机动车道中间车道行驶，车速不能低于多少?,道路通行规则,1.0,0.6387,False,4
452,如图所示，在这种情况下，您应该轻踩制动踏板减速。,车辆结构与驾驶操作,1.0,0.2876,False,7
453,驾驶车辆进入高速公路加速车道后，须尽快将车速提高到每小时60公里以上的原因是什么？,道路通行规则,1.0,0.5978,False,4
454,高速公路上同时有最高和最低速度限制，因为过快或者过慢都容易导致追尾。,道路通行规则,1.0,0.356,False,4
455,在这条车道行驶的最低车速是120公里。,道路通行规则,1.0,0.3501,False,4
456,驾驶小型载客汽车在高速公路上时速超过100公里时的跟车距离是多少？,道路通行规则,1.0,0.6119,False,4
457,驾驶小型载客汽车在高速公路上时速低于100公里时的最小跟车距离是多少？,道路通行规则,1.0,0.6099,False,4
458,驾驶机动车在高速公路上行驶，遇低能见度气象条件时，能见度在200米以下，车速不得超过每小时多少公里，与同车道前车至少保持多少米的距离？,道路通行规则,1.0,0.5872,False,4
459,雪天在高速公路上驾驶时，关于安全车距错误的说法是什么？,道路通行规则,1.0,0.3149,False,4
460,驾驶机动车在高速公路遇到能见度低于200米的气象条件时，最高车速不能超过60公里／小时， 与前车距离要保持100米以上。,道路通行规则,1.0,0.3261,False,4
461,在图中所示的高速公路行车道跟随前车行驶时，最小的跟车距离不得少于100米。,道路通行规则,1.0,0.8639,False,4
462,在能见度小于200米的高速公路上以60km/h速度行驶时，与同车道前车安全距离是多少？,道路通行规则,1.0,0.234,False,4
463,这辆在高速公路上临时停放的故障车，警告标志应该设置在车后多远处？,道路通行规则,0.6393,0.0384,False,5
464,机动车在高速公路上发生故障时错误的做法是什么？,道路通行规则,0.7206,0.0797,False,4
465,机动车在高速公路上发生故障或交通事故无法正常行驶时由什么车拖曳或牵引？,紧急情况与事故处理,1.0,0.5464,False,8
466,机动车在高速公路上发生故障时，在来车方向50至100米处设置警告标志。,道路通行规则,0.6387,0.0363,False,5
467,机动车在高速公路上发生故障时，将车上人员迅速转移到右侧路肩上或者应急车道内，并且迅速报警。,道路通行规则,0.7428,0.0601,False,4
468,机动车在高速公路上发生交通事故无法正常行驶时，用救援车、清障车拖曳、牵引。,紧急情况与事故处理,1.0,0.2819,False,8
469,下列做法是否正确？,紧急情况与事故处理,0.4888,0.0039,True,8
470,高速公路上车辆发生故障后，开启危险报警闪光灯和摆放警告标志的作用是警告后续车辆注意避让。,紧急情况与事故处理,1.0,0.2266,False,5
471,车辆发生故障无法移动时，以下做法是否正确？,紧急情况与事故处理,1.0,0.2889,False,8
472,驾驶机动车在高速公路上发生故障，需要停车排除故障时，若能将机动车移至应急车道内，则不需要开启危险报警闪光灯。,道路通行规则,1.0,0.3076,False,4
473,车辆发生故障而无法移动时，首先应在车辆后方50-150米处放置危险警告标志，防止后车追尾。,交通信号与标志标线,0.6274,0.0367,False,5
474,高速公路上车辆发生故障后，开启危险报警闪光灯和摆放警告标志是为了向其他车辆求助。,紧急情况与事故处理,1.0,0.2261,False,5
475,在高速公路行驶，遇到图中所示的车辆无法继续行驶，应怎样放置危险警告标志？,道路通行规则,0.6399,0.038,False,5
476,驾驶机动车通过漫水路时要加速行驶。,驾驶证与机动车管理,0.491,0.0029,True,3
477,驾驶机动车遇到漫水桥时要察明水情确认安全后再低速通过。,安全文明驾驶常识,0.4929,0.0036,True,6
478,行至漫水路段时，应当怎样做？,安全文明驾驶常识,0.5058,0.0109,True,6
479,在涉水路段跟车时，应当怎样做?,道路通行规则,1.0,0.2735,False,4
480,驾驶机动车行径漫水路或者漫水桥时，应当停车察明水情确认安全后再低速通过。,道路通行规则,1.0,0.2557,False,4
481,如图所示，驾驶机动车遇到这种情况时，以下做法正确的是什么？,车辆结构与驾驶操作,0.5023,0.0057,True,7
482,如图所示，驾驶机动车遇到这种情况时，以下做法正确的是什么？,车辆结构与驾驶操作,0.5023,0.0057,True,7
483,驾驶机动车行经漫水路或者漫水桥时，应当停车察明水情，快速通过。,道路通行规则,1.0,0.2656,False,4
484,跟车进入漫水路段时，怎么样是正确的？,道路通行规则,1.0,0.283,False,4
485,下面关于下坡熄火滑行的说法错误的是？,紧急情况与事故处理,0.4839,0.0013,True,8
486,如图所示，驾驶机动车行驶至桥梁涵洞时，以下做法正确的是什么？,车辆结构与驾驶操作,0.5118,0.0104,True,7
487,驾驶机动车在隧道内行驶时，可以临时停车。,道路通行规则,1.0,0.273,False,4
488,在这种情况下可以加速通过人行横道。,道路通行规则,1.0,0.3068,False,4
489,遇到这种情形时，应怎么办？,道路通行规则,0.4873,0.0015,True,4
490,行经这种交通标线的路段要加速行驶。,交通信号与标志标线,1.0,0.3417,False,5
491,如图所示，机动车遇行人正在通过人行横道时，要停车让行，是因为行人享有优先通行权。,道路通行规则,1.0,0.5578,False,4
492,如图所示，驾驶机动车遇到这种情况能够加速通过，是因为人行横道没有行人通过。,道路通行规则,0.6116,0.0276,False,4
493,遇到这种情形怎样行驶？,道路通行规则,0.5068,0.0111,True,4
494,遇有这种排队等候的情形怎么做？,道路通行规则,0.4831,0.0009,True,4
495,遇到前方车辆缓慢行驶时怎样行驶？,道路通行规则,0.4996,0.0077,True,4
496,在路口遇到这种情形时怎样做？,道路通行规则,1.0,0.2758,False,4
497,驾驶机动车在车道减少的路口，遇到前方车辆依次停车或缓慢行驶时怎么办？,道路通行规则,1.0,0.7966,False,4
498,驾驶机动车遇到前方车辆停车排队等候或缓慢行驶时怎么办？,道路通行规则,1.0,0.2664,False,4
499,驾驶机动车遇有前方交叉路口交通阻塞时怎么办？,道路通行规则,1.0,0.5582,False,4
500,驾驶机动车在没有交通信号的路口遇到前方车辆缓慢行驶时要依次交替通行。,交通信号与标志标线,0.7491,0.0948,False,5
501,遇到这种情况时，要加速从红车前变更车道。,道路通行规则,1.0,0.5707,False,4
502,在交叉路口遇到这种情况时，要在红灯亮以前加速通过路口。,道路通行规则,1.0,0.5798,False,4
503,如图所示，在这种情形下，对方车辆具有先行权.,车辆结构与驾驶操作,0.4936,0.0039,True,7
504,遇前方路段车道减少，车辆行驶缓慢，为保证道路通畅，应借对向车道迅速通过。,道路通行规则,1.0,0.3266,False,4
505,如图所示，驾驶机动车行驶至车道减少的路段时，遇前方机动车排队等候或行驶缓慢时，以下做法正确的是什么？,道路通行规则,1.0,0.2623,False,4
506,驾驶机动车遇到前方道路拥堵时，可以借用无人通行的非机动车道行驶。,道路通行规则,1.0,0.3344,False,4
507,遇前方路段车道减少行驶缓慢，为了有序、安全，应依次交替通行。,道路通行规则,1.0,0.2725,False,4
508,遇到图中所示前方车辆停车等待的情形，我方车应如何行驶？,道路通行规则,1.0,0.2746,False,4
509,在这种情形中前车怎样行驶？,道路通行规则,0.5094,0.0131,True,4
510,行车中遇到执行紧急任务的消防车、救护车、工程救险车时要及时让行。,道路通行规则,1.0,0.2534,False,4
511,行车中遇到正在进行作业的道路养护车辆、工程作业车时要注意避让。,安全文明驾驶常识,0.4881,0.0026,True,6
512,如图所示，当A车后方有执行任务的救护车驶来时，以下做法正确的是什么?,车辆结构与驾驶操作,0.4917,0.0035,True,7
513,怎样通过这样的路口？,道路通行规则,1.0,0.2743,False,4
514,驾驶机动车通过没有交通信号和管理人员的铁路道口怎样通过？,交通信号与标志标线,1.0,0.3822,False,5
515,在这种情况的铁路道口要加速通过。,道路通行规则,0.4993,0.0084,True,4
516,行至这种情况的铁路道口要停车观察。,道路通行规则,1.0,0.2753,False,4
517,如图所示，铁路道口禁止掉头的原因是什么?,道路通行规则,1.0,0.2676,False,4
518,如图所示，铁路道口设置这个标志，是提示驾驶人前方路口有单股铁道。,道路通行规则,1.0,0.259,False,5
519,遇到图中所示信号灯亮着，但栏杆还没落下，应怎样行驶？,交通信号与标志标线,1.0,0.3199,False,5
520,在高速公路上开车遇到图中所示的情况时，以下操作不正确的是什么？,道路通行规则,1.0,0.3362,False,4
521,雾天行车可多鸣喇叭催促前车提速，避免发生追尾。,安全文明驾驶常识,1.0,0.2852,False,6
522,遇到图中所示的情景，怎么做是正确的？,道路通行规则,0.4882,0.0033,True,4
523,遇到图中所示的情景，怎么做是正确的？,道路通行规则,0.4882,0.0033,True,4
524,如图所示，夜间驾驶机动车遇对方使用远光灯，无法看清前方路况时，以下做法正确的是什么？,安全文明驾驶常识,1.0,0.2759,False,6
525,夜间驾驶机动车在没有中心隔离设施或者没有中心线的道路上行驶，以下哪种情况下应当改用近光灯？,安全文明驾驶常识,1.0,0.2737,False,6
526,如图所示， 夜间驾驶机动车与同方向行驶的前车距离较近时，以下做法正确的是什么？,安全文明驾驶常识,1.0,0.3162,False,6
527,这位驾驶人违反法律规定的行为是什么？,道路交通安全法律法规,1.0,0.3112,False,2
528,驾驶机动车在上道路行驶前驾驶人要按规定系好安全带。,车辆结构与驾驶操作,1.0,0.33,False,7
529,机动车上路行驶时，前排乘车人可不系安全带。,车辆结构与驾驶操作,1.0,0.3342,False,7
530,机动车行驶中，车上少年儿童可不使用安全带。,车辆结构与驾驶操作,0.6325,0.036,False,7
531,驾驶人连续驾驶不得超过多长时间？,驾驶证与机动车管理,0.491,0.0038,True,3
532,驾驶人连续驾驶4小时以上，停车休息的时间不得少于多少？,道路通行规则,1.0,0.264,False,4
533,在什么情况下不得行车？,安全文明驾驶常识,0.4847,0.0014,True,6
534,驾驶机动车下陡坡时不得有哪些危险行为？,道路交通安全法律法规,0.4971,0.0055,True,2
535,在这段道路上一定要减少鸣喇叭的频率。,道路通行规则,0.4944,0.0057,True,4
536,在车门、车厢没有关好时不要驾驶机动车起步。,车辆结构与驾驶操作,0.4896,0.0018,True,7
537,不要在驾驶室的前后窗范围内悬挂和放置妨碍驾驶人视线的物品。,安全文明驾驶常识,0.4858,0.0015,True,6
538,行车中在道路情况良好的条件下可以观看车载视频。,道路通行规则,0.4879,0.0021,True,4
539,驾驶小型汽车下陡坡时允许熄火滑行。,驾驶证与机动车管理,0.4896,0.0039,True,3
540,驾驶机动车时可以向道路上抛撒物品。,道路通行规则,0.4911,0.0024,True,4
541,在道路上发生未造成人员伤亡且无争议的轻微交通事故如何处置？,紧急情况与事故处理,1.0,0.6363,False,8
542,驾驶机动车在道路上发生交通事故要立即将车移到路边。,紧急情况与事故处理,1.0,0.6599,False,8
543,驾驶人在发生交通事故后因抢救伤员变动现场时要标明位置。,紧急情况与事故处理,1.0,1.235,False,8
544,在道路上发生交通事故造成人身伤亡时，要立即抢救受伤人员并迅速报警。,紧急情况与事故处理,1.0,1.1593,False,8
545,驾驶机动车碰撞建筑物、公共设施后可即行撤离现场。,紧急情况与事故处理,1.0,0.2864,False,8
546,发生交通事故造成人员受伤时，要保护现场并立即报警。,紧急情况与事故处理,1.0,0.9097,False,8
547,道路交通事故中，驾驶人有饮酒、醉酒嫌疑时，要保护现场并立即报警。,紧急情况与事故处理,1.0,0.3286,False,8
548,道路交通事故中，机动车无号牌、检验合格标志、保险标志时，要保护现场并立即报警。,驾驶证与机动车管理,0.676,0.0117,False,8
549,驾驶机动车发生财产损失交通事故，当事人对事实及成因无争议的可先撤离现场。,紧急情况与事故处理,1.0,0.6394,False,8
550,驾驶机动车发生财产损失交通事故后，当事人对事实及成因无争议移动车辆时需要对现场拍照或者标划停车位置。,紧急情况与事故处理,1.0,0.3699,False,8
551,机动车发生财产损失交通事故，对应当自行撤离现场而未撤离的，交通警察不可以责令当事人撤离现场。,紧急情况与事故处理,1.0,0.6202,False,8
552,机动车发生财产损失交通事故，对应当自行撤离现场而未撤离造成交通堵塞的，可以对驾驶人处以200元罚款。,紧急情况与事故处理,1.0,0.3546,False,8
553,驾驶机动车发生交通事故未造成人身伤亡的，责任明确双方无争议时，应当如何处置？,紧急情况与事故处理,1.0,0.6229,False,8
554,驾驶机动车在道路上发生交通事故，任何情况下都应标明现场位置后，先行撤离现场。,紧急情况与事故处理,1.0,0.6387,False,8
555,驾驶机动车在高速公路要按照限速标志标明的车速行驶。,道路通行规则,1.0,0.6453,False,4
556,驾驶机动车在道路上发生交通事故，当事人不能自行移动车辆的，应当保护现场并立即报警。,紧急情况与事故处理,1.0,0.9104,False,8
557,驾驶机动车发生以下交通事故，哪种情况适用自行协商解决？,紧急情况与事故处理,1.0,0.6241,False,8
558,机动车发生轻微财产损失的交通事故，对应当自行撤离现场而未撤离的，交通警察有权责令当事人撤离现场。,紧急情况与事故处理,1.0,0.6196,False,8
559,发生交通事故时，下列哪种情况下当事人应当保护现场并立即报警？,紧急情况与事故处理,1.0,0.9039,False,8
560,发生无人员伤亡的、财产轻微损失的交通事故后，以下做法正确的是什么？,紧急情况与事故处理,1.0,0.6354,False,8
561,驾驶机动车在道路上发生交通事故造成人身伤亡的，驾驶人必须报警。,紧急情况与事故处理,1.0,0.9199,False,8
562,两辆机动车发生轻微碰擦事故后，为保证理赔，必须等保险公司人员到场鉴定后才能撤离现场。,紧急情况与事故处理,1.0,0.2884,False,8
563,遇到这种单方交通事故，应如何处理？,紧急情况与事故处理,1.0,0.6691,False,8
564,.机动车之间发生交通事故，不管是否有人员伤亡，只要双方当事人同意，都可自行协商解决。,紧急情况与事故处理,1.0,0.6307,False,8
565,事故报警时，要向交警提供事故地点、人物伤情、车辆号牌等信息，协助交警快速定位到达现场。,紧急情况与事故处理,1.0,0.2913,False,8
566,车辆在高速公路发生故障不能移动时，驾驶人这种尝试排除故障的做法是否正确？,道路通行规则,0.6657,0.0536,False,4
567,机动车之间发生交通事故造成轻微财产损失，当事人对事实及成因无争议时，在确保安全的原则下，对现场拍照或标划事故车辆现场位置后，可自行撤离现场处理损害赔偿事宜，主要目的是什么？,紧急情况与事故处理,1.0,0.6283,False,8
568,在道路上造成人身伤亡、事故后果非常严重的交通事故，可自行撤离现场。,紧急情况与事故处理,1.0,0.651,False,8
569,车辆发生轻微剐蹭事故，双方驾驶人争执不下，坚持在原地等待警察来处理，造成路面堵塞，该行为会受到罚款的处罚。,道路交通安全法律法规,1.0,0.2559,False,2
570,驾驶机动车与行人之间发生交通事故造成人身伤亡、财产损失的， 机动车—方没有过错的，不承担赔偿责任。,紧急情况与事故处理,1.0,0.3604,False,8
571,机动车发生财产损失交通事故，对应当自行撤离现场而未撤离的，交警应如何处置？,紧急情况与事故处理,1.0,0.6104,False,8
572,找出这辆故障车有哪种违法行为？,道路交通安全法律法规,1.0,0.2967,False,2
573,机动车在道路上发生故障，需要停车排除时，驾驶人应该怎么办？,紧急情况与事故处理,0.5675,0.0079,True,8
574,机动车在道路上发生故障，难以移动时下列做法正确的是什么？,紧急情况与事故处理,1.0,0.2862,False,8
575,机动车在道路上发生故障难以移动时要在车后50米以内设置警告标志。,交通信号与标志标线,0.6322,0.0379,False,5
576,机动车在道路上发生轻微交通事故且妨碍交通时，不需移动。,紧急情况与事故处理,1.0,0.6312,False,8
577,机动车在夜间道路上发生故障难以移动时要开启危险报警闪光灯、示廓灯、后位灯。,紧急情况与事故处理,1.0,0.2925,False,8
578,已经达到报废标准的机动车经大修后可以上路行驶。,道路交通安全法律法规,1.0,0.26,False,3
579,下列哪种标志是驾驶机动车上路行驶应当在车上放置的标志？,驾驶证与机动车管理,0.4989,0.006,True,5
580,如图所示，驾驶机动车遇到这种情况，以下做法正确的什么？,车辆结构与驾驶操作,0.509,0.0096,True,7
581,如图所示，驾驶机动车经过这种道路时，应降低车速在道路中间通行。,道路通行规则,0.5131,0.0125,True,4
582,如图所示，驾驶机动车遇到这种情况，可以轻按喇叭提醒前方非机动车和行人后方有来车。,安全文明驾驶常识,1.0,0.2737,False,6
583,蓝色车辆遇到图中的情形时，下列做法正确的是？,紧急情况与事故处理,0.4884,0.0026,True,8
584,车辆后备箱门未关好，是可以上路行驶的。,其他与综合知识,0.5404,0.0272,True,9
585,在路口右转弯遇同车道前车等候放行信号时，要依次停车等候。,道路通行规则,1.0,0.7863,False,4
586,遇到图中所示的情况，应怎样行驶？,道路通行规则,0.4978,0.0066,True,4
587,遇到图中所示的情况，应怎样行驶？,道路通行规则,0.4978,0.0066,True,4
588,遇到图中所示的情况，应怎样行驶？,道路通行规则,0.4978,0.0066,True,4
589,未取得驾驶证的学员在道路上学习驾驶技能，下列哪种做法是正确的？,驾驶证与机动车管理,1.0,0.2955,False,3
590,驾驶机动车上路前应当检查车辆安全技术性能。,车辆结构与驾驶操作,0.4883,0.0001,True,7
591,驾驶人在下列哪种情况下不能驾驶机动车？,驾驶证与机动车管理,0.5066,0.0098,True,3
592,服用国家管制的精神药品可以短途驾驶机动车。,驾驶证与机动车管理,0.4905,0.0036,True,3
593,交通信号包括交通信号灯、交通标志、交通标线和交通警察的指挥。,交通信号与标志标线,1.0,1.4327,False,5
594,交通标志和交通标线不属于交通信号。,交通信号与标志标线,1.0,1.1311,False,5
595,交通信号灯由红灯、绿灯和黄灯组成。,交通信号与标志标线,1.0,0.8552,False,5
596,道路交通标线分为指示标线、警告标线、禁止标线。,交通信号与标志标线,1.0,0.4093,False,5
597,这两辆车发生追尾的主要原因是什么？,紧急情况与事故处理,0.4854,0.0008,True,8
598,遇到这种情形时要停车避让行人。,道路通行规则,1.0,0.227,False,4
599,其他车辆不准进入专用车道行驶，其目的是为了不影响专用车的正常通行。,道路通行规则,1.0,0.3348,False,4
600,机动车参加安全技术检验的主要目的是检查车辆各项性能系数，及时消除车辆安全隐 患，减少事故发生。,紧急情况与事故处理,1.0,0.2585,False,8
601,对驾驶过程中接打手机的看法正确的是？,其他与综合知识,0.53,0.023,True,9
602,当后排座位没有人乘坐时，后车门未关好就起步也是可以的。,其他与综合知识,0.5567,0.0365,True,9
603,图中这辆上路学习驾驶的自学直考车有什么违法行为？,道路交通安全法律法规,1.0,0.631,False,2
604,驾驶达到报废标准的机动车上道路行驶的，公安交通管理部门将会予以收缴。以下说法错误的是什么？,道路交通安全法律法规,1.0,0.2619,False,3
605,无证驾驶可构成危险驾驶罪。,道路交通安全法律法规,0.9024,0.1916,False,9
606,交通警察对未放置保险标志上道路行驶的车辆可依法扣留驾驶证。,驾驶证与机动车管理,1.0,0.5871,False,3
607,已经达到报废标准的机动车在缴纳管理费后可以上路行驶。,道路交通安全法律法规,0.9995,0.2494,False,3
608,驾驶机动车，必须遵循什么原则？,驾驶证与机动车管理,0.4854,0.0001,True,3
609,雪天行车时，应开启近光灯和雾灯告知其他车辆本车位置。,安全文明驾驶常识,0.5468,0.0297,True,6
610,驾驶机动车在隧道中超车时，应该提前开启左转向灯。,道路通行规则,1.0,0.2753,False,4
611,在狭窄的山路会车，靠山体的一方视野宽阔，所以要让不靠山体的一方优先行驶。,道路通行规则,1.0,0.2727,False,4
612,对驾驶人开展日常安全教育是增强_____意识，提高安全文明素质的重要手段。,安全文明驾驶常识,1.0,0.4443,False,6
613,驾驶机动车遇到后方有执行紧急任务的特种车辆时，可以临时使用无人通行的非机动车道让行。,道路通行规则,1.0,0.5292,False,4
614,雨天行车视线受阻，开启远光灯会提高能见度。,安全文明驾驶常识,1.0,0.2972,False,6
615,停车后，应先观察前后交通环境，确保安全后再打开机动车车门。,道路通行规则,1.0,0.2513,False,4
616,以70公里/小时的速度在没有限速标志的同向3车道的高速公路上行驶，应该走哪个车道？,道路通行规则,1.0,0.8793,False,4
617,如图所示，前车在行驶过程中没有违法行为。,道路交通安全法律法规,1.0,0.6091,False,2
618,机动车之间发生的造成财产损失、尚未造成人员伤亡，且车辆可以移动的交通事故，双方驾驶人对交通事故无争议，但其中一方使用伪造、变造的号牌，不可以自行协商解决。,紧急情况与事故处理,1.0,0.3654,False,8
619,学员在学习驾驶过程中有违反道路交通安全的行为或者造成交通事故的，由谁承担责任？,紧急情况与事故处理,1.0,0.4921,False,8
620,驾驶机动车不按规定会车的，将被一次记多少分？,道路通行规则,1.0,0.2696,False,4
621,遇到交通信号灯、交通标志或交通标线与交通警察的指挥不一致时，应如何行驶？,交通信号与标志标线,1.0,1.3208,False,5
622,非机动车驾驶人、行人与处于静止状态的机动车发生交通事故造成损失，机动车—方无责任的，关于机动车—方的赔偿责任，下面说法哪种是正确的？,紧急情况与事故处理,1.0,0.3596,False,8
623,申请C1/C2/ C3驾驶证的， 两眼裸视力或矫正视力应达到对数视力表多少以上？,驾驶证与机动车管理,1.0,0.3114,False,3
624,驾驶机动车超过规定时速50%的会受到什么处罚？,道路交通安全法律法规,1.0,0.2738,False,2
625,对未按照国家规定投保交强险的车辆，除扣留机动车外，还会受到什么处罚？,道路交通安全法律法规,1.0,0.2651,False,2
626,使用软连接牵引装置时，牵引车与被牵引车之间应当保持多远距离？,安全文明驾驶常识,0.5051,0.0113,True,6
627,非法安装警报器、标志灯具的将处200元以上2000元以下罚款。,道路交通安全法律法规,1.0,0.2793,False,2
628,多少年内有吸食、注射毒品行为的，不得申请机动车驾驶证？,驾驶证与机动车管理,1.0,0.3065,False,3
629,机动车驾驶证损毁无法辨认的，要在多长时间内申请换证？,驾驶证与机动车管理,1.0,0.5922,False,3
630,对道路交通安全违法行为的处罚种类不包括（）？,道路交通安全法律法规,1.0,1.0334,False,2
631,因交通信号指示不一致造成的违法行为，经核实后应当予以消除。,道路交通安全法律法规,1.0,0.22,False,5
632,驾驶机动车上路，驾驶人应随车携带驾驶证与行驶证，否则会被扣留车辆。,驾驶证与机动车管理,1.0,0.3263,False,3
633,机动车驾驶人有下列哪种行为，会被吊销驾驶证，终生不得重新取得驾驶证？,驾驶证与机动车管理,0.6232,0.0316,False,3
634,机动车购买后尚未登记，需要临时上道路行驶的，应当如何做？,驾驶证与机动车管理,1.0,0.2782,False,3
635,驾驶人在实习期内单独驾驶机动车上高速公路行驶，会受到什么处罚？,道路通行规则,0.5772,0.0036,True,3
636,当事人有下列哪种行为，要承担交通事故全部责任？,紧急情况与事故处理,1.0,0.5927,False,8
637,关于驾驶机动车时转向灯的使用，以下说法正确的是什么？,车辆结构与驾驶操作,0.4993,0.0065,True,7
638,下列驾驶情形中，需要使用转向灯的是？①准备超车②路口转弯③靠边停车④变更车道。,道路通行规则,1.0,1.1537,False,4
639,夜间驾驶机动车在有路灯照明的路段起步，应开启远光灯。,安全文明驾驶常识,1.0,0.3032,False,6
640,以下哪项行为可构成危险驾驶罪？,道路交通安全法律法规,1.0,0.2475,False,9
641,驾驶机动车不按规定使用灯光的，将被—次记多少分？,车辆结构与驾驶操作,1.0,0.2815,False,7
642,驾驶人未取得驾驶证或者醉酒驾驶机动车，导致发生道路交通事故，保险公司不承担赔偿责任。,紧急情况与事故处理,1.0,0.3,False,8
643,当事人未在道路交通事故现场报警，事后请求公安机关交通管理部门处理的，公安机关交通管理部门应当按照相关规定予以记录，并在（）内作出是否受理的决定。,紧急情况与事故处理,1.0,0.8307,False,8
644,在道路上车辆发生故障、事故停车后，不按规定设置警告标志，一次记1分。,紧急情况与事故处理,1.0,0.2302,False,5
645,驾驶机动车在夜间通过人行横道时怎样使用灯光？,道路通行规则,0.5825,0.0135,False,7
646,造成交通事故后逃逸，尚不构成犯罪的，公安机关交通管理部门会处以何种处罚？,紧急情况与事故处理,1.0,0.3293,False,8
647,持有境外机动车驾驶证的人，符合国务院公安部门规定的驾驶许可条件，经公安机关交通管理部门考核合格的，可以发给中国的机动车驾驶证。,驾驶证与机动车管理,1.0,0.6111,False,3
648,驾驶机动车闯红灯—次扣6分。,驾驶证与机动车管理,0.4933,0.0027,True,3
649,驾驶人在驾驶证核发地车辆管理所管辖区以外居住的，可以向政务大厅申请换证。,驾驶证与机动车管理,1.0,0.6483,False,3
650,机动车从匝道驶入高速公路，应当开启什么灯？,道路通行规则,1.0,0.3493,False,4
651,在有信号灯的交叉路口，直行是绿灯，左转是红灯时，车辆可以进入左转待转区等待。,道路通行规则,1.0,0.2572,False,4
652,任何单位或者个人不得伪造、变造机动车登记证书、号牌、行驶证、检验合格标志、保险标志。,驾驶证与机动车管理,1.0,1.2353,False,3
653,机动车驾驶人补领机动车驾驶证后，继续使用原机动车驾驶证的，处20元以上200元以下罚款。,驾驶证与机动车管理,0.6509,0.0459,False,3
654,机动车驾驶人逾期不参加审验仍驾驶机动车的，会受到什么处罚？,驾驶证与机动车管理,0.5723,0.0068,True,3
655,夜间驾驶机动车在路口遇前方绿灯亮起时，如果人行横道上仍有行人通过，应开启远光灯催促其尽快通过。,道路通行规则,0.6584,0.0192,False,4
656,醉驾可构成危险驾驶罪。,道路交通安全法律法规,0.9024,0.1917,False,9
657,机动车驾驶人在—个记分周期内有两次以上达到12分或者累积记分达到24分以上的，在道路交通安全法律、法规和相关知识考试合格后即可发还机动车驾驶证。,道路交通安全法律法规,1.0,0.6662,False,2
658,机动车驾驶证被暂扣期间驾驶机动车的，由公安机关交通管理部门处两百元以上二千元以下罚款，可以并处以下哪种处罚？,道路交通安全法律法规,1.0,0.2512,False,2
659,机动车在公路上运载超限的不可解体的物品，只要不影晌交通安全，就可以随意上路行驶。,道路交通安全法律法规,0.5826,0.0469,False,2
660,因饮酒后驾驶机动车被处罚，再次饮酒后驾驶机动车的处十日以下拘留，并处1000元以上2000元以下罚款， 吊销机动车驾驶证。,道路交通安全法律法规,1.0,0.8497,False,2
661,驾驶人未取得驾驶资格或者醉酒驾驶机动车，发生道路交通事故的，造成受害人的财产损失，保险公司不承担赔偿责任。,紧急情况与事故处理,1.0,0.3034,False,8
662,非法拦截、扣留机动车辆，不听劝阻，造成交通严重阻塞或者较大财产损失的，由公安机关交通管理部门处多少元罚款？,道路交通安全法律法规,1.0,0.267,False,2
663,在几年内无累积记分的机动车驾驶人，可以延长机动车驾驶证的审验期？,驾驶证与机动车管理,1.0,0.3299,False,3
664,申请小型汽车、三轮汽车驾驶证的，年龄段在18周岁以上70周岁以下。,驾驶证与机动车管理,1.0,0.3151,False,3
665,故意损毁、移动、涂改交通设施，造成危害后果，尚不构成犯罪的，由公安交通管理部门处多少元罚款？,道路交通安全法律法规,1.0,0.5612,False,2
666,申请残疾人专用小型自动挡载客汽车驾驶证的人年龄条件是多少？,驾驶证与机动车管理,1.0,0.322,False,3
667,交通事故仅造成重伤且驾驶人愿意承担全部责任的，可自行协商处理。,紧急情况与事故处理,1.0,0.624,False,8
668,机动车所有人将机动车作为抵押物抵押的，应当向登记地车辆管理所申请抵押登记。,驾驶证与机动车管理,1.0,0.3363,False,3
669,在城市快速公路上违法占用应急车道，—次记多少分？,道路通行规则,0.6135,0.0314,False,4
670,以隐瞒、欺骗手段补领机动车驾驶证的，会受到下列哪种处罚？,驾驶证与机动车管理,0.6197,0.0318,False,3
671,机动车驾驶证遗失的，机动车驾驶人应当向机动车驾驶证核发地或者核发地以外的车辆管理所申请补发。,驾驶证与机动车管理,1.0,0.3897,False,3
672,机动车所有人将机动车作为抵押物抵押的，机动车所有人应当向居住地车辆管理所申请抵押登记。,驾驶证与机动车管理,1.0,0.2981,False,3
673,驾驶机动车在高速公路或者城市快速路上不按规定车道行驶的，将被—次记多少分？,道路通行规则,1.0,0.659,False,4
674,驾驶机动车碰撞建筑物、公共设施后，只要没有人员伤亡，可即行撤离现场。,紧急情况与事故处理,1.0,0.2867,False,8
675,机动车在设有最高限速标志的道路上行驶，以下说法正确的是什么？,道路通行规则,1.0,0.291,False,4
676,驾驶机动车在高速公路上倒车，—次记几分？,道路通行规则,1.0,0.6288,False,4
677,驾驶机动车行经人行横道，不按规定减速、停车、避让行人的，将被—次记多少分？,道路通行规则,1.0,0.5338,False,4
678,机动车驾驶人补领机动车驾驶证后，使用原机动车驾驶证驾驶的，除被收回原机动车驾驶证外，还会处多少元罚款？,驾驶证与机动车管理,0.6785,0.0607,False,3
679,驾驶机动车在道路上追逐竞驶，情节恶劣的，可构成危险驾驶罪。,道路交通安全法律法规,0.9868,0.2368,False,9
680,下列属于机动车驾驶证审验内容的是？,驾驶证与机动车管理,1.0,0.668,False,3
681,在普通城市道路上逆向行驶，将被—次性扣多少分？,道路通行规则,0.4994,0.0079,True,4
682,机动车驾驶人造成事故后逃逸构成犯罪的，吊销驾驶证且5年内不得重新取得驾驶证。,道路交通安全法律法规,0.6668,0.023,False,8
683,牵引故障车时，牵引与被牵引的机动车都要开启危险报警闪光灯，最高行驶速度不得超过60公里／小时。,紧急情况与事故处理,1.0,0.538,False,8
684,长期服用依赖性精神药品成瘾尚未戒除的，车辆管理所将注销其驾驶证。,驾驶证与机动车管理,1.0,0.38,False,3
685,申请机动车登记，只需提交车辆购置税的完税证明或者免税凭证，与机动车所有人的身份无关。,驾驶证与机动车管理,1.0,0.3901,False,3
686,驾驶机动车不按规定超车、让行的，或者逆向行驶的，将被—次记多少分？,道路通行规则,1.0,0.5347,False,4
687,驾驶机动车在道路上发生事故，未造成人身伤亡或仅造成轻微财产损失，基本事实清 楚，当事人对事实及成因无争议的，可以即行撤离现场，恢复交通，自行协商处理损害赔偿事宜。,紧急情况与事故处理,1.0,0.3129,False,8
688,超过机动车驾驶证有效期—年以上未换证的，会受到何种处罚？,驾驶证与机动车管理,1.0,0.5896,False,3
689,道路划设专用车道的，在专用车道内，只准许规定的车辆通行。,道路通行规则,1.0,0.2915,False,4
690,驾驶机动车驶出环岛时，应先驶入最右侧车道不用开启转向灯驶离即可。,道路通行规则,1.0,0.2675,False,4
691,驾驶机动车在雾天行车应开启雾灯、近光灯、示廓灯和后位灯，能见度较低时，还应开启危险报警闪光灯。,紧急情况与事故处理,0.5516,0.0003,True,6
692,机动车强制险的保险期间为多长时间？,驾驶证与机动车管理,0.5,0.0076,True,3
693,对道路交通安全违法行为的处罚种类包括警告、罚款、暂扣或者吊销驾驶证、行政拘留。,道路交通安全法律法规,1.0,1.0156,False,2
694,对于情节轻微，未影晌道路通行的，交通警察会指出违法行为，给予口头警告后放行。,道路交通安全法律法规,1.0,0.4945,False,2
695,非法安装警报器、标志灯具的，公安机关 交通管理部门会强制拆除，予以收缴。,交通信号与标志标线,0.6111,0.0614,False,5
696,机动车驶进急弯、坡道顶端等影响安全视距的路段时，应当减速慢行，并鸣喇叭示意。,安全文明驾驶常识,0.5068,0.0112,True,6
697,驾驶机动车通过路面条件较好的窄桥怎样控制车速？,交通信号与标志标线,0.4996,0.0064,True,6
698,公安机关交通管理部门扣留车辆的，不得扣留车辆所载货物。,道路交通安全法律法规,0.5771,0.0083,True,9
699,饮酒后或者醉酒驾驶机动车发生重大交通事故构成犯罪的，依法追究刑事责任，吊销机动车驾驶证， 10 年内不得重新取得机动车驾驶证。,道路交通安全法律法规,1.0,0.6107,False,2
700,申请小型汽车驾驶证的，年龄在18周岁以上即可。,驾驶证与机动车管理,1.0,0.3205,False,3
701,准驾车型为C1的驾驶人，在实习期内驾驶机动车上高速公路行驶，可以由准驾车型为C2驾照3年以上的驾驶人陪同。,驾驶证与机动车管理,1.0,0.3565,False,3
702,驾驶机动车违法使用其他号牌、行驶证的，—次记多少分？,驾驶证与机动车管理,1.0,0.3366,False,3
703,机动车在道路上临时停车时，应按顺行方向停车，车身距道路边缘不超过50厘米。,道路通行规则,1.0,0.2736,False,4
704,申请机动车驾驶证年龄在70周岁以上的人，需要进行记忆力、判断力、反应力等能力测试。,驾驶证与机动车管理,1.0,0.3097,False,3
705,车辆在高速公路匝道上掉头时，应确保后方无来车。,道路通行规则,1.0,0.6283,False,4
706,饮酒后驾驶机动车的，除按规定处1000元以上2000元以下罚款，还要受到哪种处罚？,道路交通安全法律法规,1.0,0.8108,False,2
707,车辆在高速公路匝道上倒车时，应开启危险报警闪光灯。,道路通行规则,1.0,0.3234,False,4
708,提供虚假材料申请驾驶证的申请人会承担下列哪种法律责任？,道路交通安全法律法规,0.7063,0.0729,False,2
709,在道路上作业的清扫车在不影响其他车辆通行的情况下，可以不受什么限制？,道路通行规则,0.506,0.0099,True,4
710,伪造、变造或者使用伪造、变造的机动车登记证书、号牌、行驶证、驾驶证的，会被处多少元罚款？,驾驶证与机动车管理,1.0,0.933,False,3
711,驾驶机动车通过急弯路时，最高行驶速度不得超过30公里／小时。,道路通行规则,0.4857,0.0004,True,4
712,车辆驶入加速车道后，尽快将车速提高到每小时60公里以上。,道路通行规则,1.0,0.2685,False,4
713,校车载人不得超过核定的人数，不得以任何理由超员。,驾驶证与机动车管理,0.4836,0.0011,True,9
714,在没有施划停车位的人行道上可以临时停车。,道路通行规则,1.0,0.2827,False,4
715,行人不得跨越、倚坐道路隔离设施，不得扒车、强行拦车或者实施妨碍道路交通安全的其他行为。,安全文明驾驶常识,0.7894,0.1291,False,6
716,驾驶机动车驶离高速公路进入匝道后，应将车速降到限定速度以下。,道路通行规则,1.0,0.3456,False,4
717,从事校车业务或者旅客运输，严重超过额定乘客载客的，可构成危险驾驶罪。,其他与综合知识,1.0,0.4647,False,9
718,对于持有小型自动挡汽车驾驶证(C2)以上的人员，可以驾驶上肢残疾人专用小型自动挡载客汽车。,驾驶证与机动车管理,1.0,0.3208,False,3
719,在道路同方向划有2条以上机动车道的，左侧为快速车道，右侧为慢速车道。,道路通行规则,1.0,0.2668,False,4
720,驾驶机动车在高速公路上行驶，可以随时借用应急车道行驶、超车或停车。,道路通行规则,1.0,1.2199,False,4
721,交通警察的指挥分为：手势信号和使用器具的交通指挥信号。,交通信号与标志标线,0.6356,0.0732,False,5
722,关于驾驶机动车，以下说法正确的是什么？,车辆结构与驾驶操作,0.4947,0.0035,True,7
723,交通警察指挥的交叉路口遇到停车排队等候或者缓慢行驶时，机动车应当依次交替通行。,道路通行规则,1.0,0.8232,False,4
724,高速公路上最高时速不得超过120公里。,道路通行规则,1.0,0.3566,False,4
725,违反交通管制的规定强行通行，不听劝阻的，会受到下列哪种处罚？,道路交通安全法律法规,1.0,0.2806,False,2
726,当驾驶人服用的药物对驾驶行为可能有影响时，驾驶人不得驾驶机动车。,驾驶证与机动车管理,0.4921,0.0022,True,3
727,驾驶机动车需要在路边停车时，应在停车泊位内停放。,道路通行规则,1.0,0.2785,False,4
728,驾驶机动车经过图中绿灯亮的路口时，可以直接通过。,道路通行规则,1.0,0.2698,False,4
729,在夜间会车的时候，可以适时关闭前大灯。,道路通行规则,0.5505,0.0005,True,4
730,车辆在道路上发生事故，只要有人看守指引，可以不设置警告标志。,交通信号与标志标线,0.635,0.0397,False,5
731,公安机关交通管理部门在交通事故调解期间，有—方当事人向人民法院提起民事诉讼的，应当终止调解。,紧急情况与事故处理,1.0,0.6068,False,8
732,准驾车型为小型汽车的，可以驾驶轻型、微型专项作业车。,驾驶证与机动车管理,1.0,0.3644,False,3
733,服用国家管制的麻醉药品可以短途驾驶机动车。,驾驶证与机动车管理,0.4902,0.0033,True,3
734,被保险机动车1年内没有发生交通事故，下一年的保险费率会降低。,紧急情况与事故处理,1.0,0.6511,False,8
735,驾驶机动车遇同车道行驶的前车开启左转向灯时不得超车。,道路通行规则,1.0,0.6085,False,4
736,驾驶机动车发生未造成人身伤亡的交通事故后，当事人对事实及成因有争议的，应当立即报警。,紧急情况与事故处理,1.0,0.8986,False,8
737,造成交通事故后当事人逃逸的，有证据证明对方当事人也有过错的，逃逸的当事人仍需承担全部责任。,紧急情况与事故处理,1.0,0.8914,False,8
738,饮酒后驾驶非营运机动车的，处十五日拘留，并处五干元罚款。,道路交通安全法律法规,1.0,0.7856,False,2
739,道路交通事故的损失是由受害人故意造成的，保险公司是否予以赔偿？,紧急情况与事故处理,1.0,0.5768,False,8
740,有酒后驾驶机动车行为的，机动车交通事故责任强制保险费率将上浮。,紧急情况与事故处理,1.0,0.5836,False,8
741,机动车驾驶证遗失、损毁无法辨认时，应当向车辆管理所申请补领。,驾驶证与机动车管理,1.0,0.3824,False,3
742,驾驶机动车通过无划分车道的道路时，机动车在道路中间通行，非机动车和行人在道路两侧通行。,道路通行规则,0.5802,0.0132,False,4
743,造成交通事故后逃逸，尚不构成犯罪的，公安机关交通管理部门除按照规定罚款外，还可以并处()?,紧急情况与事故处理,1.0,0.3203,False,8
744,小型自动挡汽车科目二考试内容包括倒车入库、坡道定点停车和起步、侧方停车、曲线行驶、直角转弯。,道路通行规则,1.0,0.5228,False,4
745,在路口遇到图中这种黄灯不断闪烁时，提醒车辆应注意什么？,道路通行规则,1.0,0.2621,False,4
746,驾驶技能准考证明的有效期是三年。,驾驶证与机动车管理,1.0,0.2912,False,3
747,驾驶机动车发生交通事故未造成人身伤亡，双方当事人对事故无异议的，也要在现场等待交警处理。,紧急情况与事故处理,1.0,0.6431,False,8
748,驾驶人年龄在70岁以上时，准驾车型为C1的驾驶人每年都要体检1次，准驾车型C2的驾驶人可以每两年检查1次身体状况。,驾驶证与机动车管理,1.0,0.3754,False,3
749,对交通事故损害赔偿的争议，当事人可以请求公安机关交通管理部门调解，也可以向人民法院提起民事诉讼。,紧急情况与事故处理,1.0,0.6015,False,8
750,当事人对交通事故损害赔偿有争议，请求公安机关交通管理部门调解，在收到交通事故认定书之日起多少日内要提出书面调解申请？,紧急情况与事故处理,1.0,0.6303,False,8
751,机动车登记分为注册登记、变更登记、转移登记、抵押登记和注销登记。,驾驶证与机动车管理,0.8084,0.1275,False,3
752,驾驶机动车在一般道路逆向行驶，一次记6分。,道路通行规则,0.502,0.0078,True,4
753,因违法停车现场已被处理过的违法行为，可以申请消除电子眼处罚。,道路交通安全法律法规,1.0,0.6576,False,2
754,遇前方道路发生交通事故时，在交通警察的指挥下可以临时占用对向车道。,紧急情况与事故处理,1.0,0.3541,False,8
755,以60公里/小时的速度在没有限速标志的同向三车道的高速公路上行驶，应该走最右侧车道。,道路通行规则,1.0,0.8792,False,4
756,开车过程中不得主动打电话，但在车流量较少的道路上，当他人打来电话时，可以临时边开车边接电话。,道路通行规则,0.49,0.0035,True,4
757,驾驶机动车上路行驶前，应检查车况是否符合安全技术要求，不得驾驶存在燃油泄漏等安全隐患的机动车上道路行驶。,驾驶证与机动车管理,0.4903,0.0006,True,3
758,机动车行驶超过规定时速50%时，处200元以上2000元以下罚款，可以并处吊销机动车驾驶证。,道路交通安全法律法规,1.0,0.2412,False,2
759,初次申请机动车驾驶证或者申请增加准驾车型的，科目—考试合格后，车辆管理所应当在3日内核发学习驾驶证明。,驾驶证与机动车管理,1.0,0.6735,False,3
760,机动车驾驶人提出注销申请的，车辆管理所应当注销其机动车驾驶证。,驾驶证与机动车管理,1.0,0.4006,False,3
761,遇到交通信号灯、交通标志或交通标线与交通警察的指挥不—致时，按照交通警察指挥行驶。,交通信号与标志标线,1.0,1.3216,False,5
762,申请人在考试过程中有贿赂、舞弊行为的，取消考试资格，已经通过考试的其他科目成绩予以保留。,其他与综合知识,0.4889,0.0018,True,2
763,车辆发生故障被牵引时，可以临时搭载乘客。,其他与综合知识,0.6155,0.0297,False,9
764,驾驶证遗失补办期间，有补办证明的，可以临时驾驶相应车型的机动车。,驾驶证与机动车管理,1.0,0.3337,False,3
765,达到报废条件的机动车，只要不再上路行驶，就可以不用办理注销登记。,驾驶证与机动车管理,0.6021,0.0268,False,3
766,公路客运车辆载客超过核定乘员，公安机关交通管理部门依法扣留机动车后，驾驶人应当将超载的乘车人转运，费用由谁承担？,驾驶证与机动车管理,0.5012,0.007,True,9
767,驾驶机动车在高速公路行驶时，要严格按照车载导航指示的车速行驶。,道路通行规则,1.0,0.3538,False,4
768,道路养护施工单位在道路上进行养护、维修时，应当按照规定设置规范的安全警示标志和安全防护设施。,交通信号与标志标线,0.5431,0.0271,True,5
769,夜间行经车流量较少的公路，可以临时超速驾驶。,安全文明驾驶常识,1.0,0.2749,False,6
770,当事人应当自收到罚款的行政处罚决定书之日起几日内，到指定的银行缴纳罚款？,道路交通安全法律法规,1.0,0.5408,False,2
771,驾驶人因服兵役、出国（境）等原因无法办理审验时，延期审验期限最长不得超过1年。,驾驶证与机动车管理,1.0,0.2842,False,3
772,机动车之间发生的造成车物损失或者人员轻微伤，且车辆能移动的交通事故，哪种情况适用自行协商解决？,紧急情况与事故处理,1.0,0.6128,False,8
773,机动车驾驶证被暂扣期间驾驶机动车的，由公安机关交通管理部门处多少元罚款？,驾驶证与机动车管理,0.6119,0.0257,False,3
774,驾驶拼装的机动车上道路行驶，会 处200以上2000元以下罚款，并吊销驾驶证。,道路交通安全法律法规,1.0,0.5221,False,2
775,醉酒驾驶非营运机动车的，由公安机关交通管理部门吊销机动车驾驶证，依法追究刑事责任，并且终生不得重新取得机动车驾驶证。,道路交通安全法律法规,1.0,0.882,False,2
776,机动车驾驶人有饮酒、醉酒、服用国家管制的精神药品或者麻醉药品嫌疑的，应当接受测试、检验。,道路交通安全法律法规,1.0,0.5109,False,3
777,下列不属于交通信号的是什么？,交通信号与标志标线,1.0,0.4509,False,5
778,已经达到报废标准的机动车经大修后也不可以上路行驶。,道路交通安全法律法规,1.0,0.259,False,3
779,小型汽车C1科目二考试内容包括倒车入库、坡道定点停车和起步、侧方停车、曲线行驶、直角转弯；小型自动挡汽车C2考试内容，取消科目二考试”坡道定点停车和起步”项目，考试项目由5项减少为4项。,道路通行规则,1.0,0.5215,False,4
780,将机动车交给驾驶证被吊销的人驾驶的，交通警察可以依法扣留其行驶证。,驾驶证与机动车管理,1.0,0.3441,False,3
781,驾驶机动车不按照规定避让校车的，一次记6分。,驾驶证与机动车管理,0.4933,0.0045,True,3
782,持有大型客车、牵引车、城市公交车、中型客车、大型货车驾驶证的驾驶人从业单位等信息发生变化的，应当在信息变更后三十日内，向驾驶证核发地车辆管理所备案。,驾驶证与机动车管理,1.0,0.3441,False,3
783,机动车在抵押登记、质押备案期间不可以办理转移登记。,驾驶证与机动车管理,1.0,0.2936,False,3
784,图中机动车驾驶人事故逃逸且构成犯罪的行为是违法行为，会被记12分。,道路交通安全法律法规,1.0,0.3893,False,2
785,图中所示驾驶人的这种行为是违法行为，会被记12分。,道路交通安全法律法规,1.0,0.6382,False,2
786,上道路行驶的机动车不按规定安装机动车号牌的，一次记12分。,驾驶证与机动车管理,1.0,0.2862,False,3
787,驾驶小型汽车在高速公路行驶，超过规定时速20%但不到50%的，一次记2分。,道路通行规则,1.0,0.3442,False,4
788,申请增驾轻型牵引挂车驾驶证的人年龄条件是多少？,驾驶证与机动车管理,1.0,0.3209,False,3
789,驾驶机动车超员、超速，构成犯罪，被吊销驾驶证的，几年内不得申请机动车驾驶证？,道路交通安全法律法规,1.0,0.22,False,3
790,3年内有下列哪种行为的人不得申请机动车驾驶证？,驾驶证与机动车管理,1.0,0.3025,False,3
791,初次申领机动车驾驶证的，不得申请下列哪种准驾车型？,驾驶证与机动车管理,1.0,0.6952,False,3
792,申请增加轻型牵引挂车准驾车型的，应取得驾驶小型汽车、小型自动挡汽车准驾车型资格几年以上？,驾驶证与机动车管理,1.0,0.3818,False,3
793,持有境外机动车驾驶证入境短暂停留的，可以临时申请3个月的临时机动车驾驶许可。,驾驶证与机动车管理,1.0,0.6099,False,3
794,现役军人（含武警）应向哪里的车辆管理所申领机动车驾驶证？,驾驶证与机动车管理,1.0,0.4362,False,3
795,申请增加准驾车型的，申请人应向哪里的车辆管理所申领机动车驾驶证？,驾驶证与机动车管理,1.0,0.7329,False,3
796,申请增加准驾车型的，申请人应向户籍所在地车辆管理所申领驾驶证。,驾驶证与机动车管理,1.0,0.7176,False,3
797,已持有C1/C2准驾车型增加C6准驾车型的，应当考试科目二和科目三。,驾驶证与机动车管理,1.0,0.3691,False,3
798,机动车驾驶人因身体条件发生变化，申请变更准驾车型为残疾人专用小型自动挡载客汽车，应考试科目二和科目三。,驾驶证与机动车管理,1.0,0.3446,False,3
799,以下哪项不属于轻型牵引挂车科目二考试内容？,驾驶证与机动车管理,0.494,0.0064,True,3
800,因当地尚未设立科目二考场的，申请人可以选择省（自治区）内其他考场参加考试。,其他与综合知识,0.5164,0.0162,True,9
801,学习驾驶证明的有效期为三年，但有效期截止日期不得超过申请年龄条件上限。,驾驶证与机动车管理,1.0,0.5796,False,3
802,机动车驾驶证电子版与纸质版具有同等效力。,驾驶证与机动车管理,1.0,0.3167,False,3
803,年龄在70周岁以上的，不可以驾驶下列哪种机动车？,驾驶证与机动车管理,0.5217,0.0185,True,3
804,年满70岁的驾驶人发生责任交通事故造成人员重伤或者死亡的，应当在本记分周期结束后三十日内到公安机关交通管理部门接受审验。,紧急情况与事故处理,1.0,0.3217,False,8
805,身体条件证明自出具之日起多长时间之内有效？,驾驶证与机动车管理,0.5028,0.0109,True,3
806,隐瞒有关情况或者提供虚假材料申领机动车驾驶证的，公安机关交通管理部门不予受理或者不予办理，并处多少元以下罚款？,驾驶证与机动车管理,0.629,0.0362,False,3
807,申请人在考试过程中有贿赂、舞弊行为的，取消考试资格，已经通过考试的其他科目成绩无效，并处多少元以下罚款？,道路交通安全法律法规,1.0,0.2695,False,2
808,根据交通违法行为的严重程度，一次记分的分值为：12分、6分、3分、2分、1分。,道路交通安全法律法规,1.0,0.8965,False,2
809,机动车驾驶人造成致人轻伤以上或者死亡的交通事故后逃逸，尚不构成犯罪的，—次记12分。,紧急情况与事故处理,1.0,0.5821,False,8
810,驾驶人有下列哪种违法行为—次记12分？,道路交通安全法律法规,1.0,0.6805,False,2
811,驾驶小型汽车在高速公路、城市快速路上行驶超过规定时速50%以上的，一次记9分。,道路通行规则,1.0,0.3532,False,4
812,代替实际机动车驾驶人接受交通违法行为处罚和记分牟取经济利益的，一次记多少分？,道路交通安全法律法规,1.0,1.1533,False,2
813,驾驶人有下列哪种违法行为—次记9分？,道路交通安全法律法规,1.0,0.6825,False,2
814,驾驶人有下列哪种违法行为—次记9分？,道路交通安全法律法规,1.0,0.6825,False,2
815,驾驶小型汽车在城市快速路上行驶超过规定时速20%以上未达50%的，一次记多少分？,道路通行规则,0.511,0.0134,True,4
816,驾驶机动车造成致人轻微伤或者财产损失的交通事故后逃逸，尚不构成犯罪的，将会被—次记12分。,紧急情况与事故处理,1.0,0.5919,False,8
817,驾驶机动车在高速公路上行驶低于规定最低时速的，—次记2分。,道路通行规则,1.0,0.3527,False,4
818,机动车驾驶人可以—次性处理同—辆机动车的多起交通违法行为记录。,道路交通安全法律法规,1.0,0.6377,False,2
819,机动车驾驶人请他人代为接受交通违法行为处罚和记分，并支付经济利益的，会被处以所支付经济利益几倍以下的罚款？,道路交通安全法律法规,1.0,1.1903,False,2
820,这辆在道路上行驶的机动车有下列哪种违法行为？,道路交通安全法律法规,1.0,0.6512,False,2
821,驾驶人有下列哪种违法行为—次记12分？,道路交通安全法律法规,1.0,0.6805,False,2
822,驾驶与准驾车型不符的机动车—次记几分？,驾驶证与机动车管理,1.0,0.3584,False,3
823,上道路行驶的机动车未悬挂机动车号牌的一次记几分？,驾驶证与机动车管理,1.0,0.2926,False,3
824,上道路行驶的机动车故意遮挡、污损机动车号牌的一次记几分？,驾驶证与机动车管理,1.0,0.2972,False,3
825,驾驶人有下列哪种违法行为—次记6分？,道路交通安全法律法规,1.0,0.6809,False,2
826,有下列哪种违法行为的机动车驾驶人将被一次记6分？,道路交通安全法律法规,1.0,0.6439,False,2
827,有下列哪种违法行为的机动车驾驶人将被一次记9分？,道路交通安全法律法规,1.0,0.6452,False,2
828,图中驾驶人的这种违法行为会被记多少分？,道路交通安全法律法规,1.0,0.6484,False,2
829,图中驾驶人的违法行为会被记多少分？,道路交通安全法律法规,1.0,0.6511,False,2
830,在图中位置停车会被记多少分？,道路通行规则,1.0,0.305,False,4
831,上道路行驶的机动车不按规定年检，一次记多少分？,驾驶证与机动车管理,0.4955,0.0045,True,3
832,驾驶机动车有拨打、接听手持电话的行为，一次记多少分？,道路交通安全法律法规,0.5061,0.0107,True,2
833,小型汽车驾驶人在—个记分周期内累积记分达到12分的，要参加为期几天的道路交通安全法律、法规和相关知识学习？,道路交通安全法律法规,1.0,0.9814,False,2
834,驾驶小型汽车在高速公路行驶，超过规定时速20%以上，未达50%的，一次记多少分？,道路通行规则,1.0,0.3483,False,4
835,驾驶机动车遇前方机动车停车排队或者缓慢行驶时，借道超车或者占用对面车道、穿插等候车辆的，将被—次记多少分？,道路通行规则,1.0,0.7862,False,4
836,小型汽车驾驶人在—个记分周期内两次以上达到12分的，车辆管理所应当在驾驶人科目—考试合格后多少日内对其进行科目三考试？,道路交通安全法律法规,0.9588,0.2246,False,2
837,驾驶机动车在高速公路或者城市快速路以外的道路上行驶时，未按规定系安全带的，一次记多少分？,道路通行规则,0.634,0.0344,False,4
838,驾驶小型汽车在—般道路行驶，超过规定时速20%但不到50%的 ，一次记2分。,道路通行规则,0.5046,0.0102,True,4
839,驾驶机动车不按照规定避让校车的，—次记多少分？,驾驶证与机动车管理,0.4893,0.0023,True,3
840,驾驶机动车违反禁令标志、禁止标线指示的，一次记多少分？,交通信号与标志标线,1.0,0.6114,False,5
841,驾驶与准驾车型不符的机动车的，一次记3分。,驾驶证与机动车管理,1.0,0.3549,False,3
842,驾驶机动车在高速公路上不按规定车道行驶的，一次记多少分？,道路通行规则,1.0,0.6895,False,4
843,驾驶人驾驶机动车在道路上行驶，未按规定系安全带的，一次记多少分？,车辆结构与驾驶操作,1.0,0.3178,False,7
844,小型汽车驾驶人在一个记分周期内累积记分达到12分的，应当参加为期30日的道路交通安全法律、法规和相关知识学习。,道路交通安全法律法规,1.0,0.9736,False,2
845,持有大型客车、重型牵引挂车、城市公交车、中型客车、大型货车驾驶证的驾驶人从业单位等信息发生变化的，应当在信息变更后的多长时间内，向从业单位所在地车辆管理所备案？,驾驶证与机动车管理,1.0,0.3373,False,3
846,报考小型汽车准驾车型科目三考试的，应在取得驾驶技能准考证明满多少日后预约？,驾驶证与机动车管理,1.0,0.3346,False,3
847,驾驶机动车追逐竞驶，构成犯罪的，依法被吊销机动车驾驶证未满五年的，不得申请机动车驾驶证。,道路交通安全法律法规,1.0,0.2435,False,3
848,报考小型自动挡汽车准驾车型科目三考试的，在取得驾驶技能准考证明满30日后预约。,驾驶证与机动车管理,1.0,0.3345,False,3
849,申请增加轻型牵引挂车准驾车型的，应当在本记分周期和申请前最近3个记分周期内没有记满12分记录。,驾驶证与机动车管理,0.6561,0.051,False,3
850,临时入境机动车驾驶人的临时机动车驾驶许可在—个记分周期内累积记分达到12分，未按规定参加道路交通安全法律、法规和相关知识学习、考试的，不得申请机动车驾驶证或者再次申请临时机动车驾驶许可。,道路交通安全法律法规,1.0,0.341,False,2
851,已持有C2准驾车型驾驶证申请增加C1准驾车型的，应当考试科目二和科目三。,驾驶证与机动车管理,1.0,0.7402,False,3
852,已持有C1/C2准驾车型增加C6准驾车型的，应当考试科目二和科目三安全文明驾驶常识理论。,安全文明驾驶常识,0.7081,0.0667,False,6
853,以下哪项不属于轻型牵引挂车科目二考试内容？,驾驶证与机动车管理,0.494,0.0064,True,3
854,小型汽车、小型自动挡汽车科目三考试里程不得少于10公里。,驾驶证与机动车管理,0.5022,0.0101,True,3
855,机动车驾驶人已通过部分科目考试后，居住地发生变更的，只能回到居住地预约其他考试。,驾驶证与机动车管理,0.4945,0.0049,True,3
856,已通过部分科目考试后，居住地发生变更的，可以申请变更考试地，在现居住地预约其他科目考试。,其他与综合知识,0.4957,0.0062,True,9
857,申请人因居住地发生变化，提出变更考试场地申请，不得超过几次？,驾驶证与机动车管理,0.4904,0.0045,True,3
858,报考小型自动挡汽车准驾车型科目三考试的，应在取得驾驶技能准考证明满多少日后预约？,驾驶证与机动车管理,1.0,0.3357,False,3
859,报考小型汽车准驾车型科目三考试的，在取得驾驶技能准考证明满30日后预约。,驾驶证与机动车管理,1.0,0.3334,False,3
860,在驾驶技能准考证明的有效期内，科目二和科目三道路驾驶技能考试预约次数合计不得超过5次。,驾驶证与机动车管理,1.0,0.2883,False,3
861,机动车驾驶人已超过准驾年龄，应到车管所换领可驾驶的准驾车型驾驶证，逾期未办理，原准驾车型驾驶资格作废。,驾驶证与机动车管理,1.0,0.9498,False,3
862,在车辆管理所管辖区域内，机动车驾驶证记载的机动车驾驶人信息发生变化申请换证时，应提交机动车驾驶证。,驾驶证与机动车管理,1.0,0.652,False,3
863,年龄在70周岁以上的机动车驾驶人审验时还应当按照规定进行记忆力、判断力、反应力等能力测试。,驾驶证与机动车管理,1.0,0.2826,False,3
864,驾驶小型载客汽车超过核定人数100%以上的，一次记9分。,驾驶证与机动车管理,0.4838,0.0003,True,2
865,办理残疾人专用小型自动挡载客汽车驾驶证的，应提交由县级以上医疗机构出具的身体证明。,驾驶证与机动车管理,1.0,0.3172,False,3
866,申请人以欺骗、贿赂等不正当手段取得机动车驾驶证的，公安机关交通管理部门收缴机动车驾驶证，撤销机动车驾驶许可，并处多少元以下罚款？,驾驶证与机动车管理,1.0,0.3337,False,3
867,学员在符合规定的学习驾驶过程中有违反道路交通安全法的行为或者造成交通事故的，由教练员或者随车指导人员承担责任。,紧急情况与事故处理,1.0,0.4691,False,8
868,机动车驾驶人请他人代为接受交通违法行为处罚和记分，并支付经济利益的，会被处以所支付经济利益三倍以下的罚款，但最高不得超过六万元。,道路交通安全法律法规,1.0,1.1852,False,2
869,机动车驾驶人参加审验教育时在签注学习记录、学习过程中弄虚作假的，相应学习记录无效，重新参加审验学习，并处多少元罚款？,驾驶证与机动车管理,0.5669,0.008,True,3
870,机动车驾驶人的交通违法行为实行累积记分制度，记分周期必须从驾驶人初次领取机动车驾驶证之日起连续计算。,道路交通安全法律法规,1.0,0.5937,False,2
871,办理残疾人专用小型自动挡载客汽车驾驶证业务时，身体条件证明自出具之日起多长时间之内有效？,驾驶证与机动车管理,1.0,0.311,False,3
872,根据交通违法行为的严重程度，对—次记分分值的分类正确的是什么？,道路交通安全法律法规,1.0,0.8839,False,2
873,机动车驾驶人请他人代为接受交通违法行为处罚和记分，并支付经济利益的，会被处以所支付经济利益二倍以下的罚款。,道路交通安全法律法规,1.0,1.1901,False,2
874,驾驶小型载客汽车超过核定人数100%以上的，一次记多少分？,驾驶证与机动车管理,0.4841,0.0004,True,2
875,驾驶小型汽车在高速公路、城市快速路上行驶超过规定时速50%以上的，—次记多少分？,道路通行规则,1.0,0.3552,False,4
876,代替实际机动车驾驶人接受交通违法行为处罚和记分牟取经济利益的，—次记9分。,道路交通安全法律法规,1.0,1.1528,False,2
877,驾驶7座以上载客汽车载人超过核定人数50%以上未达到100%的，一次记6分。,道路交通安全法律法规,0.4878,0.0026,True,2
878,驾驶机动车在高速公路上违法停车的，一次记12分。,道路通行规则,1.0,0.3585,False,4
879,驾驶图中机动车上路行驶，一次记几分？,驾驶证与机动车管理,0.5071,0.0108,True,3
880,造成交通事故后逃逸，尚不构成犯罪的，记12分。,紧急情况与事故处理,1.0,0.6204,False,8
881,驾驶7座以下载客汽车超过核定载客人数50%以上未达100%的，一次记多少分？,道路交通安全法律法规,0.4869,0.002,True,2
882,驾驶小型汽车在高速公路上行驶，超过规定时速20%以上未达到50%的，一次记6分。,道路通行规则,1.0,0.3505,False,4
883,驾驶小型汽车在普通公路上行驶，超过规定时速50%以上的，一次记多少分？,道路通行规则,0.5233,0.0192,True,4
884,机动车驾驶证被暂扣或者扣留期间驾驶机动车的，将会被一次记9分。,驾驶证与机动车管理,1.0,0.3046,False,3
885,驾驶人有下列哪种违法行为—次记6分？,道路交通安全法律法规,1.0,0.6809,False,2
886,小型汽车载客超过额定人员20%以上未达到50%以上的，一次记多少分？,其他与综合知识,0.5121,0.0141,True,9
887,驾驶小型汽车在一般道路上行驶超过规定时速20%以上未达50%以上的，一次记6分。,道路通行规则,0.5108,0.0131,True,4
888,小型汽车驾驶人有以下哪种违法行为，—次记3分？,道路交通安全法律法规,1.0,0.6379,False,2
889,驾驶机动车不按规定超车、让行，或者在高速公路、城市快速路以外的道路上逆行的，一次记6分。,道路通行规则,1.0,0.8713,False,4
890,驾驶机动车遇前方机动车停车排队或者缓慢行驶时，借道超车或者占用对面车道、穿插等候车辆的，一次记9分。,道路通行规则,1.0,0.7845,False,4
891,驾驶机动车有拨打、接听手持电话等妨碍安全驾驶的行为的， 一次记2分。,道路交通安全法律法规,0.5025,0.0083,True,2
892,驾驶不按规定安装机动车号牌的机动车上道路行驶的，一次记12分。,驾驶证与机动车管理,1.0,0.2865,False,3
893,驾驶人有下列哪种违法行为—次记3分？,道路交通安全法律法规,1.0,0.6758,False,2
894,机动车驾驶人的交通违法行为实行累积记分制度，记分周期应该从什么时间开始计算？,道路交通安全法律法规,1.0,0.9014,False,2
895,驾驶人有下列哪种违法行为—次记1分？,道路交通安全法律法规,1.0,0.6787,False,2
896,驾驶机动车在高速公路、城市快速路以外的道路上不按规定倒车、掉头的，一次记2分。,道路通行规则,1.0,0.8797,False,4
897,驾驶机动车未按规定系安全带的，—次记2分。,车辆结构与驾驶操作,1.0,0.3349,False,7
898,申请人因居住地发生变化，提出变更考试场地申请，不得超过3次。,驾驶证与机动车管理,0.4899,0.0043,True,3
899,机动车驾驶人申请学法减分时时，—个记分周期内，累计最高扣减几分？,道路交通安全法律法规,1.0,0.2783,False,2
900,无论机动车驾驶人在高速公路还是普通公路上行驶，只要不系安全带，都将被一次记1分。,道路通行规则,0.6248,0.0292,False,4
901,机动车驾驶人累积记分未达到12分的，还可以处理其驾驶的其他机动车的交通违法行为记录。,道路交通安全法律法规,1.0,0.8813,False,2
902,机动车驾驶人累积记分满12分的，还可以处理其他机动车的交通违法行为记录。,道路交通安全法律法规,1.0,0.8872,False,2
903,关于处理机动车的交通违法行为记录，以下正确的说法是什么？,道路交通安全法律法规,1.0,0.6131,False,2
904,行政处罚决定被依法变更或者撤销的，相应记分不会被变更或者撤销。,道路交通安全法律法规,1.0,0.5369,False,2
905,机动车驾驶人在—个记分周期内累积记分满12分的，公安机关交通管理部门应当扣留其机动车驾驶证，开具强制措施凭证，并送达满分教育通知书，通知机动车驾驶人参加满分学习、考试。,驾驶证与机动车管理,0.5722,0.0045,True,2
906,临时入境的机动车驾驶人在一个记分周期内记分满12分的，会受到什么样的处罚？,道路交通安全法律法规,1.0,0.5549,False,2
907,机动车驾驶人请他人代为接受交通违法行为处罚和记分，并支付经济利益的，会被处以所支付经济利益三倍以下的罚款，但最高不得超过多少元？,道路交通安全法律法规,1.0,1.1841,False,2
908,在本记分周期内或者上一个记分周期内，机动车驾驶人有二次以上参加满分教育记录的，不得参加学法减分。,道路交通安全法律法规,1.0,0.2835,False,2
909,机动车驾驶人参加审验教育时在签注学习记录、学习过程中弄虚作假的，处1000元罚款，但是会保留相应学习记录。,道路交通安全法律法规,0.5512,0.0001,True,2
910,有视力矫正的机动车驾驶人驾驶机动车时，应当佩戴眼镜。,驾驶证与机动车管理,0.533,0.0218,True,3
911,办理残疾人专用小型自动挡载客汽车驾驶证业务时，身体条件证明自出具之日起6个月内有效。,驾驶证与机动车管理,1.0,0.312,False,3
912,申请人在考试过程中有贿赂、舞弊行为的，取消考试资格，已经通过考试的其他科目成绩无效，并处1000元以下罚款。,道路交通安全法律法规,1.0,0.2721,False,2
913,申请人以欺骗、贿赂等不正当手段取得机动车驾驶证的，公安机关交通管理部门收缴机动车驾驶证，撤销机动车驾驶许可，处二千元以下罚款。,驾驶证与机动车管理,1.0,0.3352,False,3
914,机动车驾驶人补领机动车驾驶证后，继续使用原机动车驾驶证的，处多少元罚款？,驾驶证与机动车管理,0.6842,0.0632,False,3
915,学习驾驶证明的有效期为1年，但有效期截止日期不得超过申请年龄条件上限。,驾驶证与机动车管理,1.0,0.5794,False,3
916,上道路行驶的机动车不按规定安装机动车号牌的，一次记几分？,驾驶证与机动车管理,1.0,0.2916,False,3
917,驾驶机动车在道路上车辆发生故障后，不按规定使用灯光的，一次记3分。,紧急情况与事故处理,0.5623,0.0044,True,7
918,驾驶机动车在高速公路上行驶低于规定最低时速的，一次记几分？,道路通行规则,1.0,0.3516,False,4
919,机动车驾驶人申请学法减分时时，—个记分周期内，累计最高扣减3分。,道路交通安全法律法规,1.0,0.2775,False,2
920,机动车驾驶人申请学法减分时，参加道路交通安全法律、法规和相关知识现场学习满一小时且考试合格的，一次扣减1分。,道路交通安全法律法规,1.0,0.6847,False,2
921,上道路行驶的机动车不按规定年检，一次记3分。,驾驶证与机动车管理,0.5006,0.0073,True,3
922,有听力障碍的机动车驾驶人驾驶机动车时，应当佩戴助听设备。,驾驶证与机动车管理,0.531,0.0209,True,3
923,医疗机构出具虚假身体条件证明的，公安机关交通管理部门有权停止认可该医疗机构出具的证明，并通报卫生健康行政部门。,驾驶证与机动车管理,0.4871,0.0009,True,9
924,机动车驾驶人在—个记分周期期限届满，累积记分虽未满12分，但有罚款逾期未缴纳的，该记分周期内尚未缴纳罚款的交通违法行为记分分值转入下一记分周期。,道路交通安全法律法规,1.0,1.1584,False,2
925,驾驶机动车会车错误使用远光灯，—次记多少分？,道路通行规则,1.0,0.3363,False,4
926,驾驶机动车在道路上行驶，错误使用危险报警闪光灯的，一次记多少分？,紧急情况与事故处理,1.0,0.2639,False,8
927,机动车登记分为注册登记和变更登记两种。,驾驶证与机动车管理,0.8958,0.1694,False,3
928,对机动车进行安全技术检验的机构应该按照国家标准检验，并对其检验结果承担法律责任。,道路交通安全法律法规,1.0,0.3886,False,2
929,学习机动车驾驶，应当先学习道路交通安全法律、法规和相关知识，考试合格后，再学习机动车驾驶技能。,道路交通安全法律法规,1.0,0.7311,False,2
930,驾驶人持有的驾驶证准驾车型为C1的，可以驾驶C6轻型牵引挂车。,驾驶证与机动车管理,1.0,0.6569,False,3
931,驾驶人持有A2驾照的，可以直接驾驶轻型牵引挂车。,驾驶证与机动车管理,0.5061,0.0113,True,3
932,驾驶人年龄超过70周岁，不得驾驶三轮汽车、轻型牵引挂车、普通二轮摩托车和普通三轮摩托车。,驾驶证与机动车管理,0.5057,0.0116,True,3
933,发现以下哪种情形，车辆管理所在办理驾驶证业务时应及时开展调查？,驾驶证与机动车管理,1.0,0.3686,False,3
934,机动车驾驶人身体条件发生变化，妨碍机动车安全驾驶，仍然驾驶机动车的，将被处以200元以上1000元以下罚款。,道路交通安全法律法规,1.0,0.2744,False,2
935,机动车驾驶人可以通过交通安全公益活动扣减驾驶证记分，满两个小时为一次，—次扣减1分。,道路交通安全法律法规,0.6132,0.0263,False,2
936,驾驶有以下哪种情况时，可以参加学法减分？,驾驶证与机动车管理,0.4863,0.0011,True,2
937,累积记分满12分的，不得再处理其他机动车的交通违法行为记录。,道路交通安全法律法规,1.0,0.8918,False,2
938,机动车驾驶证被依法扣押、扣留或者暂扣期间，机动车驾驶人不得申请补发。,驾驶证与机动车管理,1.0,0.3145,False,3
939,机动车驾驶人申请学法减分时，参加道路交通安全法律、法规和相关知识现场学习满—小时且考试合格的，一次扣减几分？,道路交通安全法律法规,1.0,0.6867,False,2
940,申请人在道路学习驾驶时，未按照公安机关交通管理部门指定的路线、时间进行的，公安机关交通管理部门对申请人处以二十元以上二百元以下罚款。,道路交通安全法律法规,1.0,0.282,False,2
941,未取得机动车驾驶证申请人，在道路上学习驾驶时，没有教练员随车指导，由公安机关交通管理部门处多少元罚款？,驾驶证与机动车管理,0.7398,0.0891,False,3
942,在实习期内驾驶机动车牵引挂车，由公安机关交通管理部门处二十元以上二百元以下罚款。,驾驶证与机动车管理,0.6398,0.0411,False,3
943,未取得机动车驾驶证驾驶机动车，发生负同等以上责任交通事故造成人员重伤或者死亡未满十年的，不得申请机动车驾驶证。,紧急情况与事故处理,1.0,0.2888,False,8
944,申请增加准驾车型的，机动车驾驶人应当向哪里的车辆管理所申请？,驾驶证与机动车管理,1.0,0.4217,False,3
945,货车上高速公路行驶超过规定限宽或者限高的，一次记记分？,道路通行规则,0.71,0.0787,False,4
946,机动车驾驶人申请学法减分时，参加道路交通安全法律、法规和相关知识网上学习三日内累计满三十分钟且考试合格的，一次扣减1分。,道路交通安全法律法规,1.0,0.671,False,2
947,机动车驾驶人申请学法减分时，参加道路交通安全法律、法规和相关知识网上学习三日内累计满三十分钟且考试合格的，一次扣减几分？,道路交通安全法律法规,1.0,0.6719,False,2
948,机动车驾驶人初次取得汽车类准驾车型或者初次取得摩托车类准驾车型后的12个月为实习期。,驾驶证与机动车管理,1.0,0.6654,False,3
949,C6表示哪种准驾车型？,驾驶证与机动车管理,1.0,0.4017,False,3
950,属于申请增加轻型牵引挂车准驾车型的，车辆管理所应在多长时间内核发学习驾驶证明？,驾驶证与机动车管理,1.0,0.6892,False,3
951,机动车驾驶证被依法扣押、扣留或者暂扣期间，采用隐瞒、欺骗手段补领机动车驾驶证的，会收到下列哪种处罚？,驾驶证与机动车管理,0.6569,0.0505,False,3
952,B2表示哪种准驾车型？,驾驶证与机动车管理,1.0,0.406,False,3
953,初次申请机动车驾驶证或者申请增加准驾车型的，科目—考试合格后，车辆管理所应当在3日内核发学习驾驶证明。,驾驶证与机动车管理,1.0,0.6735,False,3
954,代替实际机动车驾驶人接受交通违法行为处罚和记分牟取经济利益的，由公安机关交通管理部门处违法所得三倍以下罚款，但最高不超过五万元。,道路交通安全法律法规,1.0,1.1989,False,2
955,B1表示哪种车型？,驾驶证与机动车管理,0.5378,0.0274,True,3
956,初次申领机动车驾驶证的，不得申请下列哪种准驾车型？,驾驶证与机动车管理,1.0,0.6952,False,3
957,组织他人在驾驶人参加审验教育时在签注学习记录、学习过程中弄虚作假，由公安机关交通管理部门处多少元以下罚款？,道路交通安全法律法规,0.5755,0.0122,True,2
958,以下哪个代号表示中型载货汽车？,车辆结构与驾驶操作,0.508,0.0126,True,7
959,A2实习期驾驶人驾驶机动车上高速公路行驶，以下做法正确的是什么？,道路通行规则,0.6015,0.0157,False,4
960,驾驶人出现以下哪种情况时，不得驾驶机动车？,驾驶证与机动车管理,0.5123,0.0129,True,3
961,驾驶人在高速公路上行驶感觉疲劳时，应驶入最近的服务区休息，不得在应急车道内停车休息。,道路通行规则,1.0,0.6014,False,4
962,机动车驾驶人在—个记分周期内累积记满36分的，在道路交通安全法律、法规和相关知识考试合格后，应当按照规定预约参加场地驾驶技能和道路驾驶技能考试。,道路交通安全法律法规,1.0,0.9285,False,2
963,申请人隐瞒有关情况或者提供虚假材料申领机动车驾驶证的，会受到以下哪种处罚？,驾驶证与机动车管理,0.6616,0.0531,False,3
964,机动车驾驶人处理完交通违法行为记录后累积记分未满12分，参加公安机关交通管理部门组织的交通安全教育并达到规定要求的，可以申请在机动车驾驶人现有累积记分分值中扣减记分。在—个记分周期内累计最高可以扣减几分？,道路交通安全法律法规,1.0,0.9158,False,2
965,机动车被监察机关、人民法院、人民检察院、行政执法部门依法查封、扣押的，不得办理注册登记。,驾驶证与机动车管理,1.0,0.2768,False,3
966,驾驶校车、中型以上载客载货汽车、危险物品运输车辆以外的机动车在高速公路上行驶超过规定时速40%的，—次记6分。,道路通行规则,0.6745,0.0582,False,4
967,机动车驾驶人在一个记分周期内三次以上累积记分满12分，在道路交通安全法律、法规和相关知识考试合格后，应当按照规定预约参加场地驾驶技能和道路驾驶技能考试。,道路交通安全法律法规,1.0,0.9348,False,2
968,机动车驾驶人在一个记分周期内累积记分满24分未满36分的，在道路交通安全法律、法规和相关知识考试合格后，应当按照规定预约参加场地驾驶技能考试。,道路交通安全法律法规,1.0,0.9369,False,2
969,申请人以欺骗、贿赂等不正当手段取得机动车驾驶证的，会受到哪种处罚？,驾驶证与机动车管理,0.6249,0.0343,False,3
970,下列哪种情形不会被扣留车辆？,道路交通安全法律法规,1.0,0.2932,False,9
971,机动车驾驶人在办理期满换领驾驶证时，可以到具有健康体检资质的二级以上医院、乡镇卫生院、社区卫生服务中心、健康体检中心等医疗机构体检。,驾驶证与机动车管理,1.0,0.3082,False,3
972,中型客车的车型代号是什么？,驾驶证与机动车管理,0.5099,0.0116,True,3
973,参加公安机关交通管理部门组织的交通安全公益活动的，满多长时间为一次，一次扣减几分？,道路交通安全法律法规,0.6029,0.0576,False,2
974,未取得校车驾驶资格驾驶校车的，一次记多少分？,道路交通安全法律法规,0.487,0.0011,True,2
975,驾驶校车、中型以上载客载货汽车、危险物品运输车辆以外的机动车在高速公路上行驶超过规定时速百分之二十以上未达到百分之五十的，—次记多少分？,道路通行规则,0.6704,0.0571,False,4
976,参加公安机关交通管理部门组织的道路交通安全法律、法规和相关知识网上学习三日内累计满三十分钟且考试合格的，—次扣减1分。,道路交通安全法律法规,1.0,0.6756,False,2
977,驾驶机动车载运爆炸物品，未悬挂警示标志并采取必要的安全措施的，一次记9分。,交通信号与标志标线,0.5576,0.035,True,5
978,机动车驾驶人参加审验教育时在签注学习记录、学习过程中弄虚作假，会受到相应的处罚，以下说法错误的是什么？,道路交通安全法律法规,0.5517,0.0,True,2
979,同一机动车所有人名下两辆机动车的号牌号码互换，以下说法正确的是什么？,驾驶证与机动车管理,1.0,0.2828,False,3
980,机动车驾驶人可以通过互联网交通安全综合服务管理平台申请机动车驾驶证电子版。,驾驶证与机动车管理,1.0,0.2589,False,3
981,驾驶校车、中型以上载客载货汽车、危险物品运输车辆以外的机动车在高速公路、城市快速路上行驶超过规定时速百分之五十以上的，一次记12分。,道路通行规则,0.6736,0.0585,False,4
982,驾驶7座以上载客汽车载人超过核定人数百分之二十以上未达到百分之五十的，一次记多少分？,道路交通安全法律法规,0.4886,0.0031,True,2
983,已注册登记的机动车所有权转让后，现机动车所有人未按照规定的时限办理转让登记的，由公安机关交通管理部门处警告或者一干元以下罚款。,驾驶证与机动车管理,0.5882,0.0167,False,3
984,机动车的型号或者有关技术参数与国务院机动车产品主管部门公告不符的，不得办理注册登记。,驾驶证与机动车管理,1.0,0.2799,False,3
985,驾驶校车、公路客运汽车、旅游客运汽车、7座以上载客汽车以外的其他载客汽车载人超过核定人数百分之五十以上未达到百分之百的，一次记12分。,其他与综合知识,0.5005,0.0086,True,9
986,组织申请人在机动车驾驶人考试过程中作弊，情节严重构成犯罪的，会受到什么处罚？,道路交通安全法律法规,1.0,0.5684,False,2
987,代替实际机动车驾驶人参加审验教育的，由公安机关交通管理部门处二干元以下罚款。,道路交通安全法律法规,0.5741,0.009,True,2
988,驾驶校车、中型以上载客载货汽车、危险物品运输车辆以外的机动车在高速公路、城市快速路以外的道路上行驶超过规定时速60%的，一次记6分。,道路通行规则,0.6851,0.064,False,4
989,驾驶校车、中型以上载客载货汽车、危险物品运输车辆以外的机动车在高速公路、城市快速路上行驶超过规定时速百分之五十以上的，一次记6分。,道路通行规则,0.6748,0.059,False,4
990,代替他人或者让他人代替自已参加机动车驾驶人考试，处拘役或者管制，并处或者单处罚金。,道路交通安全法律法规,1.0,0.2693,False,2
991,申请人在机动车驾驶人考试过程中组织作弊的，处三年以下有期徒刑或者拘役，并处或单处罚金。,道路交通安全法律法规,1.0,0.2688,False,2
992,机动车驾驶人被处以暂扣机动车驾驶证的，经满分学习、考试合格且罚款已缴纳的，记分予以清除，可以发还机动车驾驶证。,道路交通安全法律法规,1.0,0.2134,False,2
993,机动车在道路上发生的造成财产损失、尚未造成人员伤亡，且车辆可以移动的交通事故必须等待交通警察现 场处理。,紧急情况与事故处理,1.0,0.6273,False,8
994,以下机动车中，哪种车型可以牵引挂车？,驾驶证与机动车管理,0.5575,0.0355,True,3
995,机动车驾驶人在—个记分周期内累积记分达到多少分的，公安机关交通管理部门将通知其参加满分学习、考试？,道路交通安全法律法规,1.0,0.2943,False,2
996,驾驶校车、公路客运汽车、旅游客运汽车载人超过核定人数百分之多少以上的，一次记12分？,道路交通安全法律法规,0.4833,0.0001,True,2
997,交通违法行为累积记分未满多少分的情况下，可以处理其驾驶的其他机动车的交通违法处罚记录？,道路交通安全法律法规,1.0,1.143,False,2
998,在最近几个记分周期内，机动车驾驶人因饮酒后驾驶机动车受到过处罚的，不得通过交通安全教育扣减交通违法行为记分？,道路交通安全法律法规,1.0,1.2214,False,2
999,初次申领机动车驾驶证的，可以申请轻型牵引挂车。,驾驶证与机动车管理,1.0,0.3636,False,3
1000,"驾驶载货汽车载物超过最大允许总质量未达到30%, 一次记1分。",道路交通安全法律法规,0.4837,0.001,True,2
1001,累积记分未满12分，可以处理其驾驶的其他机动车的交通违法行为记录。,道路交通安全法律法规,1.0,0.8835,False,2
1002,机动车驾驶人可以在机动车驾驶证核发地或交通违法行为发生地、处理地参加公安机关交通管理部门组织的道路交通法律、法规和相关知识学习，并在学习地参加考试。,道路交通安全法律法规,1.0,0.8918,False,2
1003,饮酒后驾驶营运机动车依法被吊销机动车驾驶证未满五年的，不得再次申请机动车驾驶证。,道路交通安全法律法规,0.9886,0.2055,False,3
1004,申请人隐瞒有关情况或者提供虚假材料申请校车驾驶资格的，公安机关交通管理部门不予受理或者不予办理，处500元以下罚款。,道路交通安全法律法规,0.9534,0.2222,False,2
1005,组织、参与实施以欺骗、贿赂等不正当手段取得机动车驾驶证并牟取经济利益的，由公安机关交通管理部门处违法所得三倍以上五倍以下罚款，但最高不超过十万元。,道路交通安全法律法规,1.0,0.2609,False,2
1006,驾驶机动车载货长度、宽度高度超过规定的，一次记1分。,驾驶证与机动车管理,0.496,0.0052,True,3
1007,驾驶人员在行驶的公共交通工具上擅离职守，与他人互殴或者殴打他人，危及公共安全的，处一年以下有期徒刑拘役或者管制，并处或者单处罚金。,道路交通安全法律法规,1.0,0.2758,False,2
1008,驾驶载货汽车载物超过最大允许总质量30%以上未达到50%的， 或者违反规定载客的，一次记3分。,其他与综合知识,0.5085,0.0128,True,9
1009,驾驶校车、公路客运汽车、旅游客运汽车、7座以上载客汽车以外的其他载客汽车载人超过核定人数60%的，一次记6分。,其他与综合知识,0.5037,0.0101,True,9
1010,机动车喷涂、粘贴标识或者车身广告，影响安全驾驶的，会被处以警告或者二百元以下罚款。,道路交通安全法律法规,1.0,0.2796,False,2
1011,小型载客汽车驾驶人在—个记分周期内参加满分教育的次数每增加一次或者累积记分每增加12分，道路交通安全法律、法规和相关知识的学习时间增加七天，每次满分学习的天数最多六十天。,道路交通安全法律法规,1.0,0.9469,False,2
1012,驾驶非机动车、拖拉机、轮式专用机械车、较接式客车、全挂拖斗车以及其他设计最高时速低于70公里的机动车，不得进入高速公路。,道路通行规则,1.0,0.3272,False,4
1013,驾驶人在实习期内不得单独驾驶机动车上高速，在增加准驾车型后的实习期内，驾驶原准驾车型的机动车时不受上述限制。,驾驶证与机动车管理,1.0,0.7209,False,3
1014,关于交通违法行为，以下错误的说法是什么？,道路交通安全法律法规,1.0,0.631,False,2
1015,满20周岁的，不可以初次申请以下哪种准驾车型？,驾驶证与机动车管理,1.0,0.3539,False,3
1016,驾驶人有下列哪种违法行为一次记9分？,道路交通安全法律法规,1.0,0.6823,False,2
1017,关于申请增加轻型牵引挂车准驾车型的要求，以下正确的说法是什么？,驾驶证与机动车管理,1.0,0.3396,False,3
1018,驾驶校车、公路客运汽车、 旅游客运汽车载人超过核定人数未达20%的，一次记几分？,道路通行规则,0.4854,0.0013,True,4
1019,驾驶人有下列哪种违法行为一次记12分？,道路交通安全法律法规,1.0,0.6795,False,2
1020,驾驶人有下列哪种违法行为一次记1分？,道路交通安全法律法规,1.0,0.6777,False,2
1021,驾驶人有下列哪种违法行为一次记9分？,道路交通安全法律法规,1.0,0.6823,False,2
1022,驾驶校车、中型以上载客载货汽车、危险物品运输车辆以外的机动车在高速公路、城市快速路以外的道路上行驶超过规定时速50%以上的，一次记几分？,道路通行规则,0.685,0.0641,False,4
1023,对行驶中的公共交通工具驾驶人使用暴力或者抢控驾驶操作装置，干扰公共交通工具正南行驶，危及公共安全，构成犯罪的，会被处以1年以下有期徒刑、拘役或者管制，并处或单处罚金。,道路交通安全法律法规,1.0,0.4985,False,2
1024,申请人以欺骗、贿赂等不正当手段取得机动车驾驶证的，公安机关交通管理部门收缴机动车驾驶证，撤销机动车驾驶许可，处二干元以下罚款；申请人在三年内不得再次申领机动车驾驶证。,驾驶证与机动车管理,1.0,0.3556,False,3
1025,机动车驾驶人受到的行政处罚被依法变更或者撤销的，其相应的记分不会变更或撤销。,道路交通安全法律法规,1.0,0.5322,False,2
1026,关于机动车号牌灭失、丢失或者 损毁的，以下错误的说法是什么？,驾驶证与机动车管理,1.0,0.2792,False,3
1027,改变车身颜色、更换发动机、车身或车架，未在规定时限内办理变更登记的，由公安机关交通管理部门处警告或者200元以下罚款。,车辆结构与驾驶操作,0.5915,0.0179,False,7
1028,机动车驾驶人在实习期内，可以通过接受交通安全教育扣减交通违法行为记分。,道路交通安全法律法规,1.0,0.6163,False,2
1029,组织他人代替实际机动车驾驶人参加审验教育的，有违法所得的，由公安机关交通管理部门处违法所得三倍以下罚款，但最高不得超过五万元。,道路交通安全法律法规,1.0,0.2828,False,2
1030,驾驶人有下列哪种违法行为一次记9分？,道路交通安全法律法规,1.0,0.6823,False,2
1031,驾驶中型客车在高速公路上行驶，最高速度不能超过多少？,道路通行规则,1.0,0.3668,False,4
1032,机动车驾驶人初次取得汽车类准驾车型或者初次取得摩托车类准驾车型后的实习期是多长时间？,驾驶证与机动车管理,1.0,0.6669,False,3
1033,增加机动车车内装饰，在不影响安全和识别号牌的情况下，机动车所有人不需要去办理变更登记。,驾驶证与机动车管理,1.0,0.5406,False,3
1034,小型、微型载客汽车因改变车身颜色申请变更登记，车辆不在登记地的，可以向车辆所在地车辆管理所提出申请。,驾驶证与机动车管理,1.0,0.3378,False,3
1035,申请危险货物运输车登记的，机动车所有人应当为个人。,其他与综合知识,1.0,0.4273,False,9
1036,机动车属于被盗抢骗的，不予办理注册登记。,驾驶证与机动车管理,1.0,0.2853,False,3
1037,机动车被监察机关、人民法院、人民检察院、行政执法部门依法查封、扣押的，（）不予办理注册登记？,驾驶证与机动车管理,1.0,0.276,False,3
1038,申请机动车注册登记的，机动车所有人必须提交机动车交通事故责任强制保险凭证。,紧急情况与事故处理,1.0,0.3126,False,8
1039,免予安全技术检验的机动车，在申请注册登记前发生了交通事故，也应进行安全技术检验。,紧急情况与事故处理,1.0,0.3323,False,8
1040,机动车驾驶人饮酒后驾驶机动车受到过处罚的，在最近几个记分周期内，不得通过接受交通安全教育扣减交通违法行为记分？,道路交通安全法律法规,1.0,1.2256,False,2
1041,连续驾驶载货汽车超过4小时未停车休息或者停车休息时间少于20分钟的，一次记6分。,道路通行规则,1.0,0.2693,False,4
1042,驾驶机动车在道路上发生故障，停车后未按规定设置警告标志的，一次记1分。,交通信号与标志标线,0.6368,0.0399,False,5
1043,驾驶机动车在人行横道不按规定减速、停车、避让行人的，一次记3分。,道路通行规则,1.0,0.5332,False,4
1044,申请人年龄在70周岁以上的，可以申请的准驾车型为小型汽车、小型自动挡汽车、残疾人专用小型自动挡载客汽车、轻便摩托车。,驾驶证与机动车管理,1.0,0.3364,False,3
1045,解除强制隔离戒毒措施未满3年的，不得申请机动车驾驶证。,驾驶证与机动车管理,1.0,0.3186,False,3
1046,三年内有代替他人参加机动车驾驶人考试行为的，不得申请机动车驾驶证。,驾驶证与机动车管理,1.0,0.3051,False,3
1047,已持有机动车驾驶证在本记分周期没有记满12分的，即可申请增加准驾车型。,驾驶证与机动车管理,1.0,0.3757,False,3
1048,申请机动车驾驶证的人在户籍地以外居住的，应向户籍地车辆管理所提出申请。,驾驶证与机动车管理,1.0,0.3747,False,3
1049,关于申请机动车驾驶证，以下错误的说法是什么？,驾驶证与机动车管理,1.0,0.318,False,3
1050,在申请机动车驾驶证时，必须提交县级或者部队团级以上医疗机构出具的身体条件证明。,驾驶证与机动车管理,1.0,0.3123,False,3
1051,机动车驾驶人身体条件发生变化，不适合驾驶机动车的，不得驾驶机动车。,驾驶证与机动车管理,0.5215,0.0161,True,3
1052,已经持有小型自动挡汽车驾驶证，增加小型汽车准驾车型后的12个月为实习期。,驾驶证与机动车管理,1.0,0.9415,False,3
1053,已经持有小型汽车的驾驶证，增加普通二轮摩托车准驾车型后的12个月为实习期。,驾驶证与机动车管理,1.0,0.9299,False,3
1054,代替他人参加机动车驾驶人考试的，车辆管理所应该注销其机动车驾驶证。,驾驶证与机动车管理,1.0,0.3766,False,3
1055,驾驶校车载人超过核定人数30%的，一次记多少分？,道路交通安全法律法规,0.4872,0.0022,True,2
1056,持有小型汽车驾驶证的驾驶人，驾驶摩托车上路行驶的，一次 记9分。,驾驶证与机动车管理,1.0,0.2857,False,3
1057,连续驾驶中型以上载客汽车、危险物品运输车辆超过4小时未停车休息或者停车休息时间少于20分钟的，一次记9分。,其他与综合知识,0.5778,0.014,True,9
1058,驾驶人有下列哪种违法行为一次记9分？,道路交通安全法律法规,1.0,0.6823,False,2
1059,驾驶7座以上载客汽车载人超过核定人数40%的，一次记3分。,驾驶证与机动车管理,0.4853,0.0014,True,3
1060,驾驶校车在高速公路、城市快速路上行驶超速未达20%的，一次记多少分？,道路通行规则,1.0,0.3587,False,4
1061,驾驶载货汽车载物超过最大允许总质量50%以上的，一次记多少分？,道路通行规则,0.484,0.0007,True,4
1062,驾驶小型载客汽车在普通城市道路上行驶时，超过规定时速30%，一次记3分。,道路通行规则,0.5106,0.013,True,4
1063,有下列哪种行为的人不得申请机动车驾驶证？,驾驶证与机动车管理,1.0,0.3039,False,3
1064,申请人在场地和道路上学习驾驶，应当按规定取得学习驾驶证明。,驾驶证与机动车管理,1.0,0.3043,False,3
1065,学习驾驶证明只能采用纸质形式。,驾驶证与机动车管理,1.0,0.3335,False,3
1066,在学习驾驶证明有效期内，申请人科目三道路驾驶技能考试五次考试不合格，已考试合格的其他科目成绩作废。,驾驶证与机动车管理,1.0,0.566,False,3
1067,关于实习期，以下说法正确的是什么？,驾驶证与机动车管理,1.0,0.3527,False,3
1068,驾驶机动车在没有中心线的城市道路上行驶，以下说法正确的是什么？,道路通行规则,0.5095,0.0108,True,4
1069,申请大型客车驾驶证的申请人，应该在26周岁以上，50周岁以下。,驾驶证与机动车管理,1.0,0.3082,False,3
1070,已取得驾驶小型汽车准驾车型资格多少年以上，可以申请增加中型客车准驾车型？,驾驶证与机动车管理,1.0,0.4043,False,3
1071,有造成人员死亡的交通事故中承担同等以上责任记录的，不得申请下列哪种车型？,紧急情况与事故处理,1.0,0.5948,False,8
1072,摩托车科目二考试内容包括：桩考、坡道定点停车和起步、通过单边桥。,道路通行规则,1.0,0.2688,False,4
1073,年满70周岁的普通三轮摩托车驾驶人，应到车管所换领轻便摩托车的机动车驾驶证。,驾驶证与机动车管理,1.0,0.5812,False,3
1074,驾驶校车、公路客运汽车、 旅游客运汽车载人超过核定人数百分之二十未达百分之五十的，一次记几分？,道路通行规则,0.4843,0.0009,True,4
1075,70周岁以上的驾驶人，可以驾驶以下哪种车型？,驾驶证与机动车管理,0.5516,0.0333,True,3
1076,B1驾驶证可以驾驶以下哪种车型？,驾驶证与机动车管理,1.0,0.3305,False,3
1077,持有C1驾驶证的机动车驾驶人，只能驾驶自动挡汽车。,驾驶证与机动车管理,1.0,0.3287,False,3
1078,货车上高速公路行驶超过规定限宽或者限高的，一次记1分。,道路通行规则,1.0,0.3433,False,4
1079,这属于哪一种标志？,交通信号与标志标线,0.5282,0.0234,True,5
1080,禁令标志的作用是什么？,交通信号与标志标线,1.0,0.3825,False,5
1081,这个标志是何含义？,交通信号与标志标线,0.5529,0.0344,True,5
1082,这个标志是何含义？,交通信号与标志标线,0.5529,0.0344,True,5
1083,这个标志提示哪种车型禁止通行？,驾驶证与机动车管理,0.4874,0.0008,True,5
1084,这个标志是何含义？,交通信号与标志标线,0.5529,0.0344,True,5
1085,这个标志是何含义？,交通信号与标志标线,0.5529,0.0344,True,5
1086,这个标志是何含义？,交通信号与标志标线,0.5529,0.0344,True,5
1087,这个标志是何含义？,交通信号与标志标线,0.5529,0.0344,True,5
1088,这个标志是何含义？,交通信号与标志标线,0.5529,0.0344,True,5
1089,这个标志是何含义？,交通信号与标志标线,0.5529,0.0344,True,5
1090,这个标志是何含义？,交通信号与标志标线,0.5529,0.0344,True,5
1091,这个标志是何含义？,交通信号与标志标线,0.5529,0.0344,True,5
1092,这个标志是何含义？,交通信号与标志标线,0.5529,0.0344,True,5
1093,这个标志是何含义？,交通信号与标志标线,0.5529,0.0344,True,5
1094,这个标志是何含义？,交通信号与标志标线,0.5529,0.0344,True,5
1095,这个标志是何含义？,交通信号与标志标线,0.5529,0.0344,True,5
1096,这个标志是何含义？,交通信号与标志标线,0.5529,0.0344,True,5
1097,这个标志是何含义？,交通信号与标志标线,0.5529,0.0344,True,5
1098,这个标志是何含义？,交通信号与标志标线,0.5529,0.0344,True,5
1099,这个标志是何含义？,交通信号与标志标线,0.5529,0.0344,True,5
1100,这属于哪一种标志？,交通信号与标志标线,0.5282,0.0234,True,5
1101,指示标志的作用是什么？,交通信号与标志标线,1.0,0.5032,False,5
1102,这个标志是何含义？,交通信号与标志标线,0.5529,0.0344,True,5
1103,这个标志是何含义？,交通信号与标志标线,0.5529,0.0344,True,5
1104,这个标志是何含义？,交通信号与标志标线,0.5529,0.0344,True,5
1105,这个标志是何含义？,交通信号与标志标线,0.5529,0.0344,True,5
1106,这个标志是何含义？,交通信号与标志标线,0.5529,0.0344,True,5
1107,这个标志是何含义？,交通信号与标志标线,0.5529,0.0344,True,5
1108,这个标志是何含义？,交通信号与标志标线,0.5529,0.0344,True,5
1109,这个标志是何含义？,交通信号与标志标线,0.5529,0.0344,True,5
1110,这个标志是何含义？,交通信号与标志标线,0.5529,0.0344,True,5
1111,这个标志是何含义？,交通信号与标志标线,0.5529,0.0344,True,5
1112,这个标志是何含义？,交通信号与标志标线,0.5529,0.0344,True,5
1113,这个标志是何含义？,交通信号与标志标线,0.5529,0.0344,True,5
1114,这个标志是何含义？,交通信号与标志标线,0.5529,0.0344,True,5
1115,这个标志是何含义？,交通信号与标志标线,0.5529,0.0344,True,5
1116,这个标志是何含义？,交通信号与标志标线,0.5529,0.0344,True,5
1117,这个标志是何含义？,交通信号与标志标线,0.5529,0.0344,True,5
1118,这个标志是何含义？,交通信号与标志标线,0.5529,0.0344,True,5
1119,这个标志是何含义？,交通信号与标志标线,0.5529,0.0344,True,5
1120,这个标志是何含义？,交通信号与标志标线,0.5529,0.0344,True,5
1121,这个标志是何含义？,交通信号与标志标线,0.5529,0.0344,True,5
1122,这个标志是何含义？,交通信号与标志标线,0.5529,0.0344,True,5
1123,这个标志是何含义？,交通信号与标志标线,0.5529,0.0344,True,5
1124,这个标志是何含义？,交通信号与标志标线,0.5529,0.0344,True,5
1125,这个标志是何含义？,交通信号与标志标线,0.5529,0.0344,True,5
1126,这个标志是何含义？,交通信号与标志标线,0.5529,0.0344,True,5
1127,这个标志是何含义？,交通信号与标志标线,0.5529,0.0344,True,5
1128,这个标志是何含义？,交通信号与标志标线,0.5529,0.0344,True,5
1129,这个标志是何含义？,交通信号与标志标线,0.5529,0.0344,True,5
1130,这个标志是何含义？,交通信号与标志标线,0.5529,0.0344,True,5
1131,这个标志是何含义？,交通信号与标志标线,0.5529,0.0344,True,5
1132,这个标志是何含义？,交通信号与标志标线,0.5529,0.0344,True,5
1133,这个标志是何含义？,交通信号与标志标线,0.5529,0.0344,True,5
1134,这个标志是何含义？,交通信号与标志标线,0.5529,0.0344,True,5
1135,这个标志是何含义？,交通信号与标志标线,0.5529,0.0344,True,5
1136,这个标志是何含义？,交通信号与标志标线,0.5529,0.0344,True,5
1137,这个标志是何含义？,交通信号与标志标线,0.5529,0.0344,True,5
1138,这个标志的含义是指示此处设有室内停车场。,道路通行规则,0.9859,0.243,False,5
1139,这个标志的含义是指示此处设有室内停车场。,道路通行规则,0.9859,0.243,False,5
1140,这属于哪一种标志？,交通信号与标志标线,0.5282,0.0234,True,5
1141,以下哪个标志，表示干路先行？,交通信号与标志标线,0.4864,0.001,True,5
1142,以下交通标志表示单行线的是哪一项？,交通信号与标志标线,1.0,0.4481,False,5
1143,下列哪个标志，指示车辆直行和右转合用车道？,道路通行规则,0.9823,0.2403,False,5
1144,下列哪个标志为最低限速标志？,道路通行规则,1.0,0.2741,False,5
1145,下列哪个表示—般道路车道数变少？,道路通行规则,1.0,0.2747,False,4
1146,这个标志是何含义？,交通信号与标志标线,0.5529,0.0344,True,5
1147,这个标志是何含义？,交通信号与标志标线,0.5529,0.0344,True,5
1148,这个标志是何含义？,交通信号与标志标线,0.5529,0.0344,True,5
1149,这个标志是何含义？,交通信号与标志标线,0.5529,0.0344,True,5
1150,这个标志是何含义？,交通信号与标志标线,0.5529,0.0344,True,5
1151,这个标志是何含义？,交通信号与标志标线,0.5529,0.0344,True,5
1152,这个标志的含义是告示车辆驾驶人应慢行或停车，确保干道车辆优先。,道路通行规则,1.0,0.2595,False,5
1153,这属于哪一类标志？,交通信号与标志标线,0.534,0.0262,True,5
1154,指路标志的作用是什么？,交通信号与标志标线,0.5671,0.0413,True,5
1155,这个标志是何含义？,交通信号与标志标线,0.5529,0.0344,True,5
1156,这个标志是何含义？,交通信号与标志标线,0.5529,0.0344,True,5
1157,这个标志是何含义？,交通信号与标志标线,0.5529,0.0344,True,5
1158,这个标志是何含义？,交通信号与标志标线,0.5529,0.0344,True,5
1159,这个标志是何含义？,交通信号与标志标线,0.5529,0.0344,True,5
1160,这个标志是何含义？,交通信号与标志标线,0.5529,0.0344,True,5
1161,这个标志是何含义？,交通信号与标志标线,0.5529,0.0344,True,5
1162,这个标志是何含义？,交通信号与标志标线,0.5529,0.0344,True,5
1163,这个标志是何含义？,交通信号与标志标线,0.5529,0.0344,True,5
1164,这个标志是何含义？,交通信号与标志标线,0.5529,0.0344,True,5
1165,这个标志是何含义？,交通信号与标志标线,0.5529,0.0344,True,5
1166,这个标志是何含义？,交通信号与标志标线,0.5529,0.0344,True,5
1167,这个标志是何含义？,交通信号与标志标线,0.5529,0.0344,True,5
1168,这个标志是何含义？,交通信号与标志标线,0.5529,0.0344,True,5
1169,这个标志是何含义？,交通信号与标志标线,0.5529,0.0344,True,5
1170,这个标志是何含义？,交通信号与标志标线,0.5529,0.0344,True,5
1171,这个标志是何含义？,交通信号与标志标线,0.5529,0.0344,True,5
1172,这个标志是何含义？,交通信号与标志标线,0.5529,0.0344,True,5
1173,这个标志是何含义？,交通信号与标志标线,0.5529,0.0344,True,5
1174,这个标志是何含义？,交通信号与标志标线,0.5529,0.0344,True,5
1175,这个标志是何含义？,交通信号与标志标线,0.5529,0.0344,True,5
1176,这个标志是何含义？,交通信号与标志标线,0.5529,0.0344,True,5
1177,这个标志是何含义？,交通信号与标志标线,0.5529,0.0344,True,5
1178,这个标志是何含义？,交通信号与标志标线,0.5529,0.0344,True,5
1179,这个标志是何含义？,交通信号与标志标线,0.5529,0.0344,True,5
1180,这个标志是何含义？,交通信号与标志标线,0.5529,0.0344,True,5
1181,这个标志是何含义？,交通信号与标志标线,0.5529,0.0344,True,5
1182,这个标志是何含义？,交通信号与标志标线,0.5529,0.0344,True,5
1183,这个标志是何含义？,交通信号与标志标线,0.5529,0.0344,True,5
1184,这个标志是何含义？,交通信号与标志标线,0.5529,0.0344,True,5
1185,这个标志是何含义？,交通信号与标志标线,0.5529,0.0344,True,5
1186,这个标志是何含义？,交通信号与标志标线,0.5529,0.0344,True,5
1187,这个标志是何含义？,交通信号与标志标线,0.5529,0.0344,True,5
1188,这个标志是何含义？,交通信号与标志标线,0.5529,0.0344,True,5
1189,这个标志是何含义？,交通信号与标志标线,0.5529,0.0344,True,5
1190,这个标志是何含义？,交通信号与标志标线,0.5529,0.0344,True,5
1191,这个标志是何含义？,交通信号与标志标线,0.5529,0.0344,True,5
1192,这个标志是何含义？,交通信号与标志标线,0.5529,0.0344,True,5
1193,这个标志是何含义？,交通信号与标志标线,0.5529,0.0344,True,5
1194,这个标志是何含义？,交通信号与标志标线,0.5529,0.0344,True,5
1195,这个标志是何含义？,交通信号与标志标线,0.5529,0.0344,True,5
1196,这个标志是何含义？,交通信号与标志标线,0.5529,0.0344,True,5
1197,这个标志是何含义？,交通信号与标志标线,0.5529,0.0344,True,5
1198,这个标志是何含义？,交通信号与标志标线,0.5529,0.0344,True,5
1199,这个标志是何含义？,交通信号与标志标线,0.5529,0.0344,True,5
1200,这个标志是何含义？,交通信号与标志标线,0.5529,0.0344,True,5
1201,这个标志是何含义？,交通信号与标志标线,0.5529,0.0344,True,5
1202,这个标志预告什么？,交通信号与标志标线,0.5446,0.029,True,5
1203,这属于哪一类标志？,交通信号与标志标线,0.534,0.0262,True,5
1204,这个标志是何含义？,交通信号与标志标线,0.5529,0.0344,True,5
1205,这属于哪一种标志？,交通信号与标志标线,0.5282,0.0234,True,5
1206,这个标志是何含义？,交通信号与标志标线,0.5529,0.0344,True,5
1207,这个标志是何含义？,交通信号与标志标线,0.5529,0.0344,True,5
1208,这属于哪一种标志？,交通信号与标志标线,0.5282,0.0234,True,5
1209,这属于哪一种标志？,交通信号与标志标线,0.5282,0.0234,True,5
1210,这个标志是何含义？,交通信号与标志标线,0.5529,0.0344,True,5
1211,这个标志是何含义？,交通信号与标志标线,0.5529,0.0344,True,5
1212,这个标志是何含义？,交通信号与标志标线,0.5529,0.0344,True,5
1213,这个标志是何含义？,交通信号与标志标线,0.5529,0.0344,True,5
1214,这是什么交通标志？,交通信号与标志标线,1.0,0.5061,False,5
1215,这是什么交通标志？,交通信号与标志标线,1.0,0.5061,False,5
1216,这个标志是何含义？,交通信号与标志标线,0.5529,0.0344,True,5
1217,这个标志是何含义？,交通信号与标志标线,0.5529,0.0344,True,5
1218,这个标志是何含义？,交通信号与标志标线,0.5529,0.0344,True,5
1219,这是什么交通标志？,交通信号与标志标线,1.0,0.5061,False,5
1220,这是什么交通标志？,交通信号与标志标线,1.0,0.5061,False,5
1221,这是什么交通标志？,交通信号与标志标线,1.0,0.5061,False,5
1222,这个标志是何含义？,交通信号与标志标线,0.5529,0.0344,True,5
1223,这个标志是何含义？,交通信号与标志标线,0.5529,0.0344,True,5
1224,这个标志是何含义？,交通信号与标志标线,0.5529,0.0344,True,5
1225,这个标志是何含义？,交通信号与标志标线,0.5529,0.0344,True,5
1226,这个标志是何含义？,交通信号与标志标线,0.5529,0.0344,True,5
1227,这个标志是何含义？,交通信号与标志标线,0.5529,0.0344,True,5
1228,这个标志是何含义？,交通信号与标志标线,0.5529,0.0344,True,5
1229,这个标志是何含义？,交通信号与标志标线,0.5529,0.0344,True,5
1230,这个标志是何含义？,交通信号与标志标线,0.5529,0.0344,True,5
1231,这个标志是何含义？,交通信号与标志标线,0.5529,0.0344,True,5
1232,这个标志是何含义？,交通信号与标志标线,0.5529,0.0344,True,5
1233,这个标志是何含义？,交通信号与标志标线,0.5529,0.0344,True,5
1234,这个标志是何含义？,交通信号与标志标线,0.5529,0.0344,True,5
1235,这个标志是何含义？,交通信号与标志标线,0.5529,0.0344,True,5
1236,这个标志是何含义？,交通信号与标志标线,0.5529,0.0344,True,5
1237,这个标志是何含义？,交通信号与标志标线,0.5529,0.0344,True,5
1238,这个标志是何含义？,交通信号与标志标线,0.5529,0.0344,True,5
1239,这个标志是何含义？,交通信号与标志标线,0.5529,0.0344,True,5
1240,这个标志是何含义？,交通信号与标志标线,0.5529,0.0344,True,5
1241,这个标志是何含义？,交通信号与标志标线,0.5529,0.0344,True,5
1242,这个标志是何含义？,交通信号与标志标线,0.5529,0.0344,True,5
1243,这个标志是何含义？,交通信号与标志标线,0.5529,0.0344,True,5
1244,这个标志是何含义？,交通信号与标志标线,0.5529,0.0344,True,5
1245,这个标志是何含义？,交通信号与标志标线,0.5529,0.0344,True,5
1246,这个标志是何含义？,交通信号与标志标线,0.5529,0.0344,True,5
1247,这个标志是何含义？,交通信号与标志标线,0.5529,0.0344,True,5
1248,这个标志是何含义？,交通信号与标志标线,0.5529,0.0344,True,5
1249,这个标志是何含义？,交通信号与标志标线,0.5529,0.0344,True,5
1250,这个标志是何含义？,交通信号与标志标线,0.5529,0.0344,True,5
1251,这个标志是何含义？,交通信号与标志标线,0.5529,0.0344,True,5
1252,这个标志是何含义？,交通信号与标志标线,0.5529,0.0344,True,5
1253,这个标志是何含义？,交通信号与标志标线,0.5529,0.0344,True,5
1254,这个标志是何含义？,交通信号与标志标线,0.5529,0.0344,True,5
1255,这个标志是何含义？,交通信号与标志标线,0.5529,0.0344,True,5
1256,这个标志是何含义？,交通信号与标志标线,0.5529,0.0344,True,5
1257,这个标志是何含义？,交通信号与标志标线,0.5529,0.0344,True,5
1258,这个标志是何含义？,交通信号与标志标线,0.5529,0.0344,True,5
1259,这个标志是何含义？,交通信号与标志标线,0.5529,0.0344,True,5
1260,这个标志是何含义？,交通信号与标志标线,0.5529,0.0344,True,5
1261,这个标志是何含义？,交通信号与标志标线,0.5529,0.0344,True,5
1262,这个标志是何含义？,交通信号与标志标线,0.5529,0.0344,True,5
1263,这个标志是何含义？,交通信号与标志标线,0.5529,0.0344,True,5
1264,这个标志是何含义？,交通信号与标志标线,0.5529,0.0344,True,5
1265,这个标志是何含义？,交通信号与标志标线,0.5529,0.0344,True,5
1266,这种标志的作用是警告车辆驾驶人前方有危险，谨慎通行。,交通信号与标志标线,1.0,0.3242,False,5
1267,这个标志的作用是用以警告车辆驾驶人谨慎慢行，注意横向来车。,交通信号与标志标线,0.5438,0.0296,True,5
1268,这个标志的含义是前方即将行驶至Y型交叉路口？,道路通行规则,1.0,0.5591,False,4
1269,这个标志的含义是前方即将行驶至Y型交叉路口？,道路通行规则,1.0,0.5591,False,4
1270,这个标志的含义是警告前方出现向左的急转弯路。,交通信号与标志标线,0.5402,0.0283,True,5
1271,这个标志的含义是警告前方道路易滑，注意慢行。,交通信号与标志标线,0.5329,0.0235,True,5
1272,这个标志的含义是警告前方有两个相邻的反向转弯道路。,交通信号与标志标线,0.5307,0.0227,True,5
1273,这个标志的含义是提醒前方桥面宽度变窄。,交通信号与标志标线,0.504,0.0103,True,5
1274,这个标志的含义是提醒前方右侧行车道或路面变窄。,道路通行规则,0.9947,0.2473,False,5
1275,这个标志的含义是提醒前方左侧行车道或路面变窄。,道路通行规则,0.994,0.247,False,5
1276,这个标志的含义是提醒前方两侧行车道或路面变窄。,道路通行规则,0.9934,0.2467,False,5
1277,这个标志的含义是提醒前方道路变为不分离双向行驶路段。,道路通行规则,0.497,0.0059,True,5
1278,这个标志的含义是警告车辆驾驶人前方是人行横道。,道路通行规则,1.0,0.2633,False,5
1279,这个标志的含义是警告车辆驾驶人前方是学校区域。,安全文明驾驶常识,0.9698,0.2336,False,5
1280,这个标志的含义是警告车辆驾驶人注意前方设有信号灯。,交通信号与标志标线,1.0,0.3396,False,5
1281,这个标志的含义是提醒车辆驾驶人前方是傍山险路路段。,交通信号与标志标线,0.5011,0.0083,True,5
1282,这个标志的含义是提醒车辆驾驶人前方有很强的侧向风。,交通信号与标志标线,0.5084,0.0121,True,5
1283,这个标志的含义是提醒车辆驾驶人前方是急转弯路段。,交通信号与标志标线,0.4961,0.0058,True,5
1284,这个标志的含义是提醒车辆驾驶人前方是堤坝路段。,交通信号与标志标线,0.5015,0.0085,True,5
1285,这个标志的含义是提醒车辆驾驶人前方路段通过村庄或集镇。,交通信号与标志标线,0.5026,0.009,True,5
1286,这个标志的含义是提醒车辆驾驶人前方是单向行驶并且照明不好的涵洞。,交通信号与标志标线,0.4931,0.0044,True,5
1287,这个标志的含义是提醒车辆驾驶人前方是车辆渡口。,交通信号与标志标线,0.5007,0.0079,True,5
1288,这个标志的含义是提醒车辆驾驶人前方是桥头跳车较严重的路段。,交通信号与标志标线,0.4966,0.0063,True,5
1289,这个标志的含义是提醒车辆驾驶人前方路面颠簸或有桥头跳车现象。,交通信号与标志标线,0.5324,0.0239,True,5
1290,这个标志的含义是提醒车辆驾驶人前方是过水路面或漫水桥路段。,交通信号与标志标线,0.5309,0.0229,True,5
1291,这个标志的含义是提醒车辆驾驶人前方是无人看守铁路道口。,交通信号与标志标线,0.5017,0.0092,True,5
1292,这个标志的含义是提醒车辆驾驶人前方是无人看守铁路道口。,交通信号与标志标线,0.5017,0.0092,True,5
1293,这个标志的含义是提醒车辆驾驶人前方是非机动车道。,道路通行规则,1.0,0.2603,False,5
1294,这个标志的含义是告示前方是拥堵路段，注意减速慢行。,交通信号与标志标线,0.5024,0.0096,True,5
1295,这个标志的含义是告示前方道路施工，车辆左右绕行。,交通信号与标志标线,0.4877,0.0015,True,5
1296,这个标志的含义是告示前方道路有障碍物，车辆左侧绕行。,交通信号与标志标线,0.4857,0.0007,True,5
1297,这个标志的含义是告示前方道路是单向通行路段。,道路通行规则,0.5104,0.0125,True,5
1298,这个标志的含义是告示前方是塌方路段，车辆应绕道行驶。,道路通行规则,0.5579,0.0356,True,5
1299,这个标志是何含义？,交通信号与标志标线,0.5529,0.0344,True,5
1300,当驾驶员看到以下标志时，需减速慢行，是因为什么？,交通信号与标志标线,0.4946,0.0056,True,5
1301,下列哪个标志提示驾驶人下陡坡？,交通信号与标志标线,0.4915,0.0042,True,5
1302,下列哪个标志提示驾驶人连续弯路？,交通信号与标志标线,0.4907,0.0039,True,5
1303,看到这个标志的时候，您应该开启前照灯。,交通信号与标志标线,0.487,0.002,True,5
1304,遇到这个标志时，您应该主动确认您与前车之间的距离。,安全文明驾驶常识,0.5019,0.0089,True,5
1305,这个标志表示前方注意双向行驶。,交通信号与标志标线,0.5074,0.0116,True,5
1306,图中这个标志提示前方道路有Y形交叉 路口，会有横向来车。,道路通行规则,1.0,0.5983,False,4
1307,图中这个标志提示前方有环形交叉路口， 前方路口可以掉头行驶。,道路通行规则,1.0,0.8439,False,4
1308,图中这个标志提示前方道路是向右急转弯。,道路通行规则,0.4877,0.0018,True,5
1309,图中这个标志提示前方路段是易发生车辆追尾的路段。,交通信号与标志标线,0.4907,0.0039,True,5
1310,这个标志是何含义？,交通信号与标志标线,0.5529,0.0344,True,5
1311,这个标志是何含义？,交通信号与标志标线,0.5529,0.0344,True,5
1312,这个标志是何含义？,交通信号与标志标线,0.5529,0.0344,True,5
1313,这个标志是何含义？,交通信号与标志标线,0.5529,0.0344,True,5
1314,这个标志的含义是表示车辆会车时，对方车辆应停车让行。,道路通行规则,1.0,0.8027,False,4
1315,这属于哪一种标志？,交通信号与标志标线,0.5282,0.0234,True,5
1316,遇到下列哪个标志，你不需要主动让行？,道路通行规则,1.0,0.2644,False,5
1317,以下交通标志中，表示禁止—切车辆和行人通行的是？,交通信号与标志标线,0.8337,0.1383,False,5
1318,以下交通标志表示的含义是什么？,交通信号与标志标线,1.0,0.468,False,5
1319,下列哪个标志禁止一切车辆长时间停放，临时停车不受限制。,道路通行规则,1.0,0.2619,False,5
1320,遇到这个标志，您不可以左转，但是可以掉头。,道路通行规则,1.0,0.2729,False,5
1321,以下交通标志表示除小客车和货车外， 其他车辆可以直行。,交通信号与标志标线,1.0,0.2902,False,5
1322,图中这个标志提示前方路段在限定的范围内，禁止—切车辆长时间停放，临时停车不受限制。,道路通行规则,1.0,0.2613,False,5
1323,图中这个标志提示前方路段只禁止—切车辆驶入。,交通信号与标志标线,0.4965,0.0067,True,5
1324,图中这个标志提示前方路口只允许直行。,道路通行规则,1.0,0.2626,False,5
1325,这个标志是何含义？,交通信号与标志标线,0.5529,0.0344,True,5
1326,这个标志是何含义？,交通信号与标志标线,0.5529,0.0344,True,5
1327,这个标志是何含义？,交通信号与标志标线,0.5529,0.0344,True,5
1328,这个标志是何含义？,交通信号与标志标线,0.5529,0.0344,True,5
1329,这个标志是何含义？,交通信号与标志标线,0.5529,0.0344,True,5
1330,这个标志是何含义？,交通信号与标志标线,0.5529,0.0344,True,5
1331,这个标志是何含义？,交通信号与标志标线,0.5529,0.0344,True,5
1332,路中心黄色虚线的含义是分隔对向交通流，在保证安全的前提下，可越线超车或转弯。,道路通行规则,1.0,0.2536,False,4
1333,这个地面标记的含义是预告前方设有交叉路口。,道路通行规则,1.0,0.4785,False,4
1334,路中心黄色虚线属于哪一类标线？,交通信号与标志标线,1.0,0.3077,False,5
1335,指示标线的作用是什么？,交通信号与标志标线,1.0,0.3906,False,5
1336,路中白色虚线是什么标线？,交通信号与标志标线,1.0,0.3748,False,5
1337,路中黄色分界线的作用是什么？,交通信号与标志标线,0.5465,0.0313,True,5
1338,路中两条双黄色虚线是什么标线？,交通信号与标志标线,1.0,0.3674,False,5
1339,路两侧的车行道边缘白色实线是什么含义？,交通信号与标志标线,0.5227,0.0203,True,5
1340,路右侧车行道边缘白色虚线是什么含义？,交通信号与标志标线,0.538,0.0276,True,5
1341,图中圈内两条白色虚线是什么标线？,交通信号与标志标线,1.0,0.3668,False,5
1342,图中圈内白色虚线是什么标线？,交通信号与标志标线,1.0,0.3709,False,5
1343,图中圈内黄色虚线是什么标线？,交通信号与标志标线,1.0,0.3782,False,5
1344,图中圈内白色实线是什么标线？,交通信号与标志标线,1.0,0.3597,False,5
1345,图中圈内的锯齿状白色实线是什么标线？,交通信号与标志标线,1.0,0.3654,False,5
1346,图中圈内的路面标记是什么标线？,交通信号与标志标线,1.0,0.8196,False,5
1347,这个地面标记是什么标线？,交通信号与标志标线,1.0,0.4381,False,5
1348,图中圈内的白色折线是什么标线？,交通信号与标志标线,1.0,0.3697,False,5
1349,图中圈内的白色半圆状标记是什么标线？,交通信号与标志标线,1.0,0.3948,False,5
1350,路面由白色虚线和三角地带标线组成的是什么标线？,交通信号与标志标线,1.0,0.3535,False,5
1351,路面上白色虚线和三角地带标线组成的是什么标线？,交通信号与标志标线,1.0,0.3537,False,5
1352,这种白色矩形标线框含义是什么？,交通信号与标志标线,1.0,0.3063,False,5
1353,这种停车标线含义是什么？,交通信号与标志标线,0.6321,0.0402,False,5
1354,这种白色矩形标线框含义是什么？,交通信号与标志标线,1.0,0.3063,False,5
1355,红色圆圈内标线含义是什么？,交通信号与标志标线,1.0,0.3093,False,5
1356,红色圆圈内标线含义是什么？,交通信号与标志标线,1.0,0.3093,False,5
1357,这个导向箭头是何含义？,交通信号与标志标线,0.4878,0.0032,True,5
1358,这个导向箭头是何含义？,交通信号与标志标线,0.4878,0.0032,True,5
1359,这个导向箭头是何含义？,交通信号与标志标线,0.4878,0.0032,True,5
1360,这个导向箭头是何含义？,交通信号与标志标线,0.4878,0.0032,True,5
1361,这个导向箭头是何含义？,交通信号与标志标线,0.4878,0.0032,True,5
1362,这个导向箭头是何含义？,交通信号与标志标线,0.4878,0.0032,True,5
1363,这个导向箭头是何含义？,交通信号与标志标线,0.4878,0.0032,True,5
1364,这个导向箭头是何含义？,交通信号与标志标线,0.4878,0.0032,True,5
1365,这个导向箭头是何含义？,交通信号与标志标线,0.4878,0.0032,True,5
1366,路面上导向箭头是何含义？,交通信号与标志标线,0.5362,0.027,True,5
1367,路面上导向箭头是何含义？,交通信号与标志标线,0.5362,0.027,True,5
1368,这个路面数字标记是何含义？,交通信号与标志标线,0.6871,0.1003,False,5
1369,这个路面标记是何含义？,交通信号与标志标线,1.0,0.5356,False,5
1370,这个路面标记是何含义？,交通信号与标志标线,1.0,0.5356,False,5
1371,这个路面标记是何含义？,交通信号与标志标线,1.0,0.5356,False,5
1372,行经这种交通标线的路段要注意减速慢行。,交通信号与标志标线,1.0,0.3388,False,5
1373,路面上的白色标线是何含义？,交通信号与标志标线,1.0,0.3369,False,5
1374,路面上的黄色标线是何含义？,交通信号与标志标线,1.0,0.3289,False,5
1375,路面上的黄色填充标线是何含义？,交通信号与标志标线,1.0,0.3343,False,5
1376,这种黄黑相间的倾斜线条是什么标记？,交通信号与标志标线,0.6509,0.0827,False,5
1377,路面上的菱形块虚线是何含义？,交通信号与标志标线,0.5932,0.0546,False,5
1378,路中心的双黄实线作用是分隔对向交通流，在保证安全的前提下，可越线超车或转弯。,道路通行规则,1.0,0.2566,False,4
1379,驾驶的车辆正在被其他车辆超越时，若此时后方有跟随行驶的车辆，应怎样做？,安全文明驾驶常识,0.4858,0.0001,True,9
1380,路中心的双黄实线属于哪一类标线？,交通信号与标志标线,1.0,0.2981,False,5
1381,路中心双黄实线是何含义？,交通信号与标志标线,0.5173,0.0177,True,5
1382,路中心黄色虚实线是何含义？,交通信号与标志标线,0.5262,0.0221,True,5
1383,路中心的黄色斜线填充是何含义？,交通信号与标志标线,0.511,0.0146,True,5
1384,路中心白色实线是何含义？,交通信号与标志标线,0.5298,0.0238,True,5
1385,路缘石上的黄色虚线是何含义？,交通信号与标志标线,0.5329,0.0254,True,5
1386,路缘石上的黄色实线是何含义？,交通信号与标志标线,0.5162,0.0173,True,5
1387,图中圈内白色横实线是何含义？,交通信号与标志标线,0.5638,0.0404,True,5
1388,路口最前端的双白实线是什么含义？,道路通行规则,1.0,0.2539,False,4
1389,路口最前端的双白虚线是什么含义？,道路通行规则,0.9998,0.2508,False,4
1390,图中圈内三角填充区域是什么标线？,交通信号与标志标线,1.0,0.3653,False,5
1391,这个路面标记是什么标线？,交通信号与标志标线,1.0,0.8385,False,5
1392,这个路面标记是什么标线？,交通信号与标志标线,1.0,0.8385,False,5
1393,图中路口中央黄色路面标记是什么标线？,交通信号与标志标线,1.0,0.577,False,5
1394,图中圈内两条黄色虚线间的区域是何含义？,交通信号与标志标线,0.5518,0.0346,True,5
1395,道路最左侧白色虚线区域是何含义？,交通信号与标志标线,0.5034,0.0102,True,5
1396,路面上的黄色标记是何含义？,交通信号与标志标线,0.6341,0.0747,False,5
1397,路面上的黄色标记是何含义？,交通信号与标志标线,0.6341,0.0747,False,5
1398,这一组交通警察手势是什么信号？,交通信号与标志标线,1.0,0.464,False,5
1399,这一组交通警察手势是什么信号？,交通信号与标志标线,1.0,0.464,False,5
1400,这一组交通警察手势是什么信号？,交通信号与标志标线,1.0,0.464,False,5
1401,这一组交通警察手势是什么信号？,交通信号与标志标线,1.0,0.464,False,5
1402,这一组交通警察手势是什么信号？,交通信号与标志标线,1.0,0.464,False,5
1403,这一组交通警察手势是什么信号？,交通信号与标志标线,1.0,0.464,False,5
1404,这一组交通警察手势是什么信号？,交通信号与标志标线,1.0,0.464,False,5
1405,这一组交通警察手势是什么信号？,交通信号与标志标线,1.0,0.464,False,5
1406,这一组交通警察手势是什么信号？,交通信号与标志标线,1.0,0.464,False,5
1407,请判断—下，这是什么手势？,交通信号与标志标线,0.5538,0.0353,True,5
1408,请判断—下，这是什么手势？,交通信号与标志标线,0.5538,0.0353,True,5
1409,请判断—下，这是什么手势？,交通信号与标志标线,0.5538,0.0353,True,5
1410,请判断—下，这是什么手势？,交通信号与标志标线,0.5538,0.0353,True,5
1411,驾驶机动车遇到这种信号灯，可在对面直行车前直接向左转弯。,交通信号与标志标线,1.0,0.3186,False,5
1412,驾驶机动车在路口遇到这种信号灯表示什么意思？,交通信号与标志标线,0.6607,0.0529,False,5
1413,驾驶机动车在路口看到这种信号灯亮时，要加速通过。,交通信号与标志标线,0.6483,0.0471,False,5
1414,驾驶机动车遇到这种信号灯亮时，如果已越过停止线，可以继续通行。,交通信号与标志标线,1.0,0.3043,False,5
1415,驾驶机动车遇到这种信号灯不断闪烁时怎样行驶？,交通信号与标志标线,1.0,0.3233,False,5
1416,路口黄灯持续闪烁，警示驾驶人要注意瞭望，确认安全通过。,道路通行规则,0.9968,0.2495,False,4
1417,黄灯持续闪烁，表示机动车可以加速通过。,车辆结构与驾驶操作,0.4871,0.0018,True,7
1418,在路口看到路口这种信号灯亮时，怎样做是正确的？,交通信号与标志标线,0.6321,0.0399,False,5
1419,在路口遇到图中这种黄灯不断闪烁时，说明什么情况？,道路通行规则,1.0,0.263,False,4
1420,看到图中所示道路信号灯不断闪烁时，表示机动车可以加速通过。,交通信号与标志标线,1.0,0.3125,False,5
1421,驾驶机动车在前方路口不能右转弯。,道路通行规则,1.0,0.2705,False,4
1422,驾驶机动车在路口直行遇到这种信号灯应该怎样行驶？,交通信号与标志标线,0.6491,0.0461,False,5
1423,驾驶机动车行驶到这个位置时，如果车前轮已越过停止线可以继续通过。,车辆结构与驾驶操作,0.4865,0.0006,True,7
1424,驾驶机动车在这种信号灯亮的路口，可以右转弯。,交通信号与标志标线,0.6447,0.0451,False,5
1425,驾驶机动车在路口遇到这种信号灯禁止通行。,交通信号与标志标线,0.6411,0.0407,False,5
1426,绿灯亮表示前方路口允许机动车通行。,道路通行规则,1.0,0.2681,False,4
1427,驾驶机动车在路口遇到这种信号灯亮时，要在停止线前停车瞭望。,道路通行规则,1.0,0.221,False,4
1428,驾驶机动车在路口遇到这种信号灯亮时，不能右转弯。,交通信号与标志标线,0.6451,0.045,False,5
1429,遇到这种情况时怎样行驶？,道路通行规则,0.5105,0.0128,True,4
1430,遇到这种情况时，中间车道不允许车辆通行。,道路通行规则,1.0,0.2887,False,4
1431,这辆红色轿车可以在该车道行驶。,道路通行规则,1.0,0.3572,False,4
1432,驾驶机动车要选择绿色箭头灯亮的车道行驶。,道路通行规则,1.0,0.3408,False,4
1433,这个路口允许车辆怎样行驶？,道路通行规则,1.0,0.2749,False,4
1434,这个路口允许车辆怎样行驶？,道路通行规则,1.0,0.2749,False,4
1435,这个路口允许车辆怎样行驶？,道路通行规则,1.0,0.2749,False,4
1436,驾驶机动车在这种情况下不能左转弯。,道路通行规则,0.5003,0.0069,True,4
1437,驾驶机动车在这种情况下可以右转弯。,道路通行规则,0.5,0.007,True,4
1438,驾驶机动车在这种情况下不能直行和左转弯,道路通行规则,0.4996,0.0067,True,4
1439,驾驶机动车在铁路道口看到这种信号灯时怎样行驶？,交通信号与标志标线,1.0,0.3202,False,5
1440,在铁路道口遇到两个红灯交替闪烁时要停车等待。,道路通行规则,1.0,0.267,False,4
1441,在道路与铁路道口遇到一个红灯亮时要尽快通过道口。,道路通行规则,0.4936,0.0056,True,4
1442,如图所示，在这种情况下遇到红灯交替闪烁时，要尽快通过道口。,道路通行规则,0.488,0.0015,True,4
1443,看到路口这种信号灯亮时，怎样做是正确的？,交通信号与标志标线,0.6493,0.0491,False,5
1444,在图中所示有车道信号灯的路段，请判断哪辆机动车行驶的车道是正确的？,交通信号与标志标线,0.6061,0.0263,False,5
1445,遇到图中这种有车道信号灯的路段，应该选择哪条车道行驶？,道路通行规则,0.606,0.0232,False,4
1446,遇到图中这种情况，哪种驾驶行为是正确的？,道路交通安全法律法规,0.4893,0.0028,True,2
1447,在这种急弯道路上行车，应该使用什么灯光？,车辆结构与驾驶操作,1.0,0.2663,False,7
1448,在交叉路口遇到这种情况，对面红车享有优先通行权。,道路通行规则,1.0,0.5875,False,4
1449,在路口看到这种信号灯亮时，怎样做是正确的？,交通信号与标志标线,0.6529,0.0506,False,5
1450,在下图所示的交通事故中，有关事故责任认定，正确的说法是什么？,紧急情况与事故处理,1.0,0.6061,False,8
1451,在下图所示的交通事故中，有关事故责任认定，正确的说法是什么？,紧急情况与事故处理,1.0,0.6061,False,8
1452,驶近图中所示的铁路道口，怎样做才是正确的？,道路通行规则,0.4907,0.0044,True,4
1453,如图所示，当您车速为95km/h时，您可以在哪条车道内行驶?,道路通行规则,1.0,0.2659,False,4
1454,如图所示，驾驶机动车在路口遇到这种信号灯亮时，应当确认安全后通过。,交通信号与标志标线,0.6265,0.035,False,5
1455,如图所示，驾驶机动车在这种情况下不可以左转弯。,车辆结构与驾驶操作,0.5009,0.0058,True,7
1456,下面哪个标志表示注意路面低洼？,交通信号与标志标线,0.5492,0.033,True,5
1457,下面哪个标志表示注意驼峰桥？,交通信号与标志标线,0.515,0.0162,True,5
1458,下面哪个标志表示注意路面不平？,交通信号与标志标线,0.5492,0.033,True,5
1459,潮汐车道是可变车道，会根据早晚车流量，调整车道行驶方向。,道路通行规则,1.0,0.3556,False,4
1460,交通警察手势信号是所有交通信号（信号灯、标志、标线等）当中法律效力最强的一种信号。,交通信号与标志标线,1.0,1.0354,False,5
1461,免费停车位的停车标线是什么颜色？,交通信号与标志标线,0.5835,0.0165,False,4
1462,禁止标线的作用是告知道路使用者道路交通的遵行、禁止、限制等特殊规定。,交通信号与标志标线,1.0,0.2457,False,5
1463,作业区标志的作用是通告道路交通阻断、绕行等情况。,道路交通安全法律法规,0.5871,0.0463,False,5
1464,警告标志是警告机动车驾驶人前方有危险，需谨慎通过。,交通信号与标志标线,1.0,0.3231,False,5
1465,禁令标志是用以禁止和限制车辆、行人交通行为的标志。,交通信号与标志标线,0.7499,0.0979,False,5
1466,驾驶机动车遇前方停止信号时，应该怎么做？,交通信号与标志标线,0.4872,0.0004,True,6
1467,黄色闪光警告信号灯持续闪烁，表示机动车要注意瞭望，在确认安全后可以通过。,交通信号与标志标线,1.0,0.3115,False,5
1468,指路标志的作用是指引道路信息，为驾驶人传递道路方向、地点、距离等信息。,交通信号与标志标线,0.4884,0.0011,True,5
1469,路口最前端的双白实线是减速让行线。,道路通行规则,1.0,0.5287,False,4
1470,路口最前端的双白虚线是停车让行线。,道路通行规则,1.0,0.7967,False,4
1471,图中标志表示允许临时停车。,交通信号与标志标线,0.6497,0.0484,False,5
1472,图中标志提醒驾驶人前方车辆最高限速为80公里/小时。,交通信号与标志标线,0.6098,0.0281,False,5
1473,驾驶非公交车在上午10点钟时，可以进入该车道行驶。,道路通行规则,1.0,0.3593,False,4
1474,驾驶机动车在路口遇到这种信号灯亮时，不得直行，但是可以左转和右转。,交通信号与标志标线,0.6255,0.0364,False,5
1475,驾驶机动车遇图中情形时，应待行人通过再加速驶离人行横道。,道路通行规则,0.5959,0.0201,False,4
1476,如图所示，夜间驾驶机动车在没有照明的路段，当与前车跟车行驶距离较近时，可以开启远光灯照明。,安全文明驾驶常识,0.5901,0.0178,False,6
1477,驾驶机动车在路口遇到这种信号灯亮时，不得直行，但是可以左转和右转。,交通信号与标志标线,0.6255,0.0364,False,5
1478,图中信号灯持续闪烁表示前方路口或道路是危险路段。,交通信号与标志标线,0.629,0.0393,False,5
1479,驾驶机动车遇这个标志时，驾驶人应意识到前方有高速公路服务区。,道路通行规则,1.0,0.3514,False,4
1480,这属于哪一种标志？,交通信号与标志标线,0.5282,0.0234,True,5
1481,以下哪个标志，表示直行车道？,道路通行规则,1.0,0.2612,False,5
1482,驾驶电动汽车在出行前，必须要检查剩余电量。,安全文明驾驶常识,0.4959,0.007,True,6
1483,如图所示，A车货物掉落，导致B车与掉落货物发生碰撞，以下说法正确的是什么？,其他与综合知识,0.6684,0.0549,False,9
1484,如图所示，在这起交通事故中，以下说法正确的是什么？,紧急情况与事故处理,1.0,0.6152,False,8
1485,如图所示，在这起交通事故中，以下说法正确的是什么？,紧急情况与事故处理,1.0,0.6152,False,8
1486,机动车驾驶人造成重大交通事故后逃逸，构成犯罪的，十年内不能申请机动车驾驶证。,紧急情况与事故处理,1.0,0.576,False,8
1487,夜间道路环境对安全行车的主要影响是什么？,安全文明驾驶常识,1.0,0.3195,False,6
1488,夜间驾驶人对物体的观察明显比白天差，视距会有什么变化？,安全文明驾驶常识,1.0,0.2962,False,6
1489,夜间行车，驾驶人视距变短，影响观察，同时注意力高度集中，易产生疲劳。,安全文明驾驶常识,1.0,0.5747,False,6
1490,夜间行车，驾驶人的视野受限，很难观察到灯光照射区域以外的交通情况，因此要减速行驶。,安全文明驾驶常识,0.5832,0.0163,False,6
1491,夜间驾驶人对事物的观察能力明显比白天差，视距变短。,安全文明驾驶常识,1.0,0.2981,False,6
1492,雾天对安全行车的主要影响是什么？,安全文明驾驶常识,1.0,0.3076,False,6
1493,雾天行车时，应及时开启什么灯？,安全文明驾驶常识,1.0,0.2852,False,6
1494,雾天行车多使用喇叭可引起对方注意；听到对方车辆鸣喇叭，也应鸣喇叭回应。,安全文明驾驶常识,1.0,0.2917,False,6
1495,雾天行车，听到对方车辆鸣喇叭，也应鸣喇叭回应，以提示对方车辆。,安全文明驾驶常识,1.0,0.2915,False,6
1496,如图所示，在这种雾天情况下，通过交叉路口时必须开灯、鸣喇叭，加速通过，以免造成交通拥堵。,道路通行规则,1.0,0.3066,False,4
1497,冰雪道路对安全行车的主要影响是什么？,安全文明驾驶常识,1.0,0.3305,False,6
1498,冰雪路行车时应注意什么？,安全文明驾驶常识,1.0,0.3065,False,6
1499,冰雪道路行车，由于积雪对光线的反射，极易造成驾驶人目眩而产生错觉。,安全文明驾驶常识,1.0,0.3104,False,6
1500,在冰雪道路上行车时，车辆的稳定性降低，加速过急时车轮极易空转或溜滑。,安全文明驾驶常识,1.0,0.3011,False,6
1501,在山区冰雪道路上行车，遇有前车正在爬坡时，后车应怎样做？,安全文明驾驶常识,1.0,0.3053,False,6
1502,在冰雪路面上行车，必须降低车速、加大安全距离。,安全文明驾驶常识,1.0,0.6973,False,6
1503,雪天行车中，在有车辙的路段应循车辙行驶。,安全文明驾驶常识,0.5979,0.0555,False,6
1504,车辆在冰雪路面紧急制动易产生侧滑，应低速行驶，可利用发动机制动进行减速。,车辆结构与驾驶操作,0.7037,0.0737,False,7
1505,驾驶机动车在高速公路上遇到雨雪天气时，需要降低车速、保持安全距离的原因，以下说法错误的是什么？,安全文明驾驶常识,0.7697,0.0965,False,6
1506,雨天对安全行车的主要影响是什么？,安全文明驾驶常识,1.0,0.3072,False,6
1507,下雨后路面湿滑， 车辆行驶中紧急制动时，容易导致什么？,紧急情况与事故处理,0.5121,0.0079,True,8
1508,水淹路面影响行车安全，不易通行的原因是什么？,交通信号与标志标线,0.5006,0.0057,True,6
1509,雨天行车，遇撑雨伞和穿雨衣的行人在公路上行走时，应怎样做？,安全文明驾驶常识,1.0,0.5614,False,6
1510,在暴雨天气驾车，刮水器无法刮净雨水时，应怎样做？,安全文明驾驶常识,1.0,0.3,False,6
1511,车辆涉水后，应保持低速行驶，怎样操作制动踏板，以恢复制动效果？,车辆结构与驾驶操作,1.0,0.3154,False,7
1512,雨天路面湿滑，车辆制动距离增大，行车中尽量使用紧急制动减速。,安全文明驾驶常识,1.0,0.2596,False,6
1513,连续降雨天气，山区公路可能会出现路肩疏松和堤坡坍塌现象，行车时应选择道路中间坚实的路面，避免靠近路边行驶。,安全文明驾驶常识,1.0,0.2763,False,6
1514,在大雨天行车，为避免发生“水滑”而造成危险，要控制速度行驶。,安全文明驾驶常识,1.0,0.2754,False,6
1515,在暴雨天气驾车，刮水器无法刮净雨水时，只要慢慢减速行驶就可以。,安全文明驾驶常识,1.0,0.2846,False,6
1516,驶近—个图中所示的路口时，必须先停车再重新起步通过路口。,道路通行规则,1.0,0.5471,False,4
1517,机动车在道路边临时停车时，应怎样做？,道路通行规则,1.0,0.2707,False,4
1518,车辆在雨天临时停车时，应开启什么灯？,道路通行规则,0.555,0.0024,True,4
1519,车辆在雪天临时停车时，应开启什么灯？,道路通行规则,0.9705,0.233,False,4
1520,驾驶车辆通过无人看守的铁路道口时，应怎样做？,安全文明驾驶常识,0.5095,0.0125,True,6
1521,驾驶车辆驶入铁路道口前减速降挡，进入道口后应怎样做？,安全文明驾驶常识,0.4985,0.0078,True,6
1522,车辆通过铁路道口时，应用低速挡安全通过，中途不得换挡，以避免发动机熄火。,车辆结构与驾驶操作,1.0,0.3251,False,7
1523,在图中所示的铁路道口，如果没有看到列车驶来就要加速通过道口。,道路通行规则,0.4855,0.0016,True,4
1524,驶近一个图中所示的铁路道口时，只要看到栏杆还没放下来，就可以加速通过道口。,道路通行规则,0.4861,0.0018,True,4
1525,行车中遇抢救伤员的救护车从本车道逆向驶来时，应怎样做？,紧急情况与事故处理,1.0,0.2906,False,8
1526,如图所示，驾驶过程中遇到这种情况时，A车可以长鸣喇叭提醒道路养护车辆暂停喷水。,道路通行规则,0.4887,0.0011,True,4
1527,驾驶机动车遇到前方低速行驶的洒水车作业时，以下做法错误的是什么？,道路通行规则,0.494,0.0034,True,4
1528,行车中遇到对向来车占道行驶，应怎样做？,道路通行规则,0.5408,0.025,True,4
1529,行车中发现前方道路拥堵时，应怎样做？,安全文明驾驶常识,0.5082,0.0112,True,6
1530,发现前方道路堵塞，正确的做法是什么？,道路通行规则,0.4889,0.0027,True,4
1531,车辆在拥挤路段低速行驶时，遇其他车辆强行插队，应怎样做？,安全文明驾驶常识,0.4875,0.0003,True,9
1532,行车中需要借道绕过前方障碍物，但对向来车已接近障碍物时，应怎样做？,安全文明驾驶常识,0.519,0.0173,True,6
1533,在堵车的交叉路口绿灯亮时，车辆应怎样做？,道路通行规则,1.0,0.5571,False,4
1534,如图所示，车辆在拥挤路段排队行驶时，遇有其他车辆强行穿插行驶，以下说法正确的是什么?,道路通行规则,0.4994,0.0065,True,4
1535,山区道路对安全行车的主要影响是什么？,安全文明驾驶常识,0.5817,0.0475,False,6
1536,驾驶车辆行至道路急转弯处，应怎样做？,安全文明驾驶常识,0.5096,0.0114,True,6
1537,山区道路车辆进入弯道前，在对面没有来车的情况下，应怎样做？,安全文明驾驶常识,0.4876,0.0009,True,4
1538,车辆行至急转弯处时，应减速并靠右侧行驶，防止与越过弯道中心线的对方车辆相撞。,道路通行规则,0.4862,0.0012,True,4
1539,车辆在山区道路跟车行驶时，应怎样做？,道路通行规则,1.0,0.2744,False,4
1540,车辆在通过山区道路弯道时，要做到“减速、鸣喇叭、靠右行”。,道路通行规则,0.4892,0.0027,True,4
1541,车辆在下坡行驶时，可充分利用空挡滑行。,道路通行规则,0.4867,0.0016,True,4
1542,车辆进入山区道路后，要特别注意“连续转弯”标志，并主动避让车辆及行人，适时减速和提前鸣喇叭。,安全文明驾驶常识,1.0,0.2798,False,6
1543,车辆在山区上坡路驾驶，减挡要及时、准确、迅速，避免拖挡行驶导致发动机动力不足。,车辆结构与驾驶操作,1.0,0.3331,False,7
1544,通过山区危险路段，尤其是通过经常发生塌方、泥石流的山区地段，应谨慎驾驶，避免停车。,道路通行规则,1.0,0.2623,False,4
1545,通过经常发生塌方、泥石流的山区地段，避免停车。,道路通行规则,1.0,0.2666,False,4
1546,车辆在交叉路口有优先通行权的，遇有车辆抢行时，应怎样做？,道路通行规则,1.0,0.5667,False,4
1547,车辆行至交叉路口，遇有转弯的车辆抢行，应怎样做？,道路通行规则,1.0,0.5552,False,4
1548,驾驶车辆进入交叉路口前，应降低行驶速度，注意观察，确认安全。,道路通行规则,1.0,0.5481,False,4
1549,车辆在交叉路口绿灯亮后，遇非机动车抢道行驶时，可以不让行。,道路通行规则,1.0,0.8528,False,4
1550,机动车在环形路口内行驶，遇有其他车辆强行驶入时，只要有优先权就可以不避让,道路通行规则,1.0,0.2647,False,4
1551,车辆行至交叉路口时，左转弯车辆在任何时段都可以进入左弯待转区。,道路通行规则,1.0,0.5636,False,4
1552,车辆驶近人行横道时，应怎样做？,道路通行规则,1.0,0.2804,False,4
1553,行驶车道绿灯亮时，但车辆前方人行横道仍有行人行走，应怎样做？,道路通行规则,1.0,0.2842,False,4
1554,驾驶车辆通过人行横道线时，应注意礼让行人。,安全文明驾驶常识,0.8583,0.1136,False,6
1555,车辆起步前，驾驶人应对车辆周围交通情况进行观察，确认安全时再开始起步。,安全文明驾驶常识,0.4969,0.0056,True,6
1556,行车中，发现行人突然横过道路时，应迅速减速避让。,安全文明驾驶常识,1.0,0.2855,False,6
1557,如图所示，驾驶机动车遇到没有行人通过的人行横道时不用减速慢行。,道路通行规则,0.6001,0.0222,False,4
1558,驶近图中所示的路段时，只要没有车辆和行人在人行横道上通过，就可以加速通过。,道路通行规则,0.598,0.0228,False,4
1559,立交桥上一般都是单向行驶，车辆不必减速行驶。,道路通行规则,0.4847,0.0,True,4
1560,如图所示，驾驶机动车行经该路段时，应减速慢行，避免因眩目导致的交通事故。,紧急情况与事故处理,1.0,0.3514,False,8
1561,下长坡时，控制车速除了刹车制动以外还有什么有效的辅助方法？,车辆结构与驾驶操作,0.5326,0.0248,True,7
1562,下长坡连续使用行车制动会导致什么？,车辆结构与驾驶操作,0.5422,0.0293,True,7
1563,车辆上坡行驶，要提前观察路况、坡道长度，及时减挡使车辆保持充足的动力。,驾驶证与机动车管理,0.4894,0.0031,True,3
1564,车辆下长坡时要减挡行驶，以充分利用发动机的制动作用。,车辆结构与驾驶操作,1.0,0.3597,False,7
1565,驾驶机动车下长坡时，利用惯性滑行可以减少燃油消耗，值得提倡。,车辆结构与驾驶操作,0.4945,0.0049,True,7
1566,驾驶机动车下长坡时，仅靠行车制动器制动，容易引起行车制动器失灵。,车辆结构与驾驶操作,1.0,0.3207,False,7
1567,驾驶机动车在山路行驶时，为了减少油耗，下坡时可以空挡滑行，并使用行车制动器控制速度。,车辆结构与驾驶操作,1.0,0.293,False,7
1568,驾驶机动车下长坡时，空挡滑行会导致再次挂挡困难。,车辆结构与驾驶操作,0.4963,0.0056,True,7
1569,漫水道路行车时，应挂高速档，快速通过。,道路通行规则,0.507,0.01,True,4
1570,驾驶人在行车中经过积水路面时，应怎样做？,安全文明驾驶常识,0.5191,0.0169,True,6
1571,驾驶人在行车中经过积水路面时，应减速慢行。,安全文明驾驶常识,0.4914,0.0035,True,6
1572,当驾驶车辆行经两侧有行人且有积水的路面时，应怎样做？,安全文明驾驶常识,1.0,0.288,False,6
1573,当驾驶车辆行经两侧有非机动车行驶且有积水的路面时，应怎样做？,安全文明驾驶常识,0.5227,0.0183,True,6
1574,车辆下坡行驶，要适当控制车速，充分利用发动机进行制动。,车辆结构与驾驶操作,1.0,0.3565,False,7
1575,通过漫水路时要谨慎慢行，不得空挡滑行。,道路通行规则,0.483,0.0011,True,9
1576,遇到—个图中所示的漫水路段时，要提前减速，谨慎慢行进入水区，在涉水路段行驶，—定要低速缓慢行驶，涉水途中禁止停车。,道路通行规则,1.0,0.2715,False,4
1577,会车中遇到对方来车行进有困难需借道时，应怎样做？,道路通行规则,1.0,0.2615,False,4
1578,在狭窄的路段会车时，应做到礼让三先：先慢、先让、先停。,安全文明驾驶常识,0.5814,0.0139,False,6
1579,会车前选择的交会位置不理想时，应怎样做？,道路通行规则,1.0,0.2674,False,4
1580,在山区道路遇对向来车时，应怎样会车？,道路通行规则,1.0,0.2761,False,4
1581,车辆在较窄的山路上行驶时，如果靠山体的一方不让行，应怎样做？,道路通行规则,1.0,0.2581,False,4
1582,在划有道路中心线的道路上会车时，应做到保持安全车速、不越线行驶。,道路通行规则,1.0,0.2683,False,4
1583,在图中这种环境下会车前，要先与对面来车交替变换远、近光灯观察前方道路情况，会车时两车都要关闭前大灯。,道路通行规则,1.0,0.2803,False,4
1584,掉头过程中，应严格控制车速，仔细观察道路前后方情况，确认安全后方可前进或倒车。,道路通行规则,1.0,0.5228,False,4
1585,人行横道上禁止掉头的原因是什么?,道路通行规则,1.0,0.5699,False,4
1586,如图所示，这种情况下只要后方、对向无来车，可以掉头。,道路通行规则,1.0,0.2737,False,4
1587,如图所示，A车要在前方掉头行驶，可以在此处变换车道，进入左侧车道准备掉头。,道路通行规则,1.0,0.5603,False,4
1588,图中所示的情形中，造成事故的责任是左侧车辆倒车没有避让正常行驶的车辆，右侧车辆看到前车掉头时没有停车等待。,道路通行规则,1.0,0.574,False,4
1589,泥泞道路对安全行车的主要影响是什么？,安全文明驾驶常识,0.5756,0.0446,True,6
1590,"在泥泞路上制动时,车轮易发生侧滑或甩尾，导致交通事故。",紧急情况与事故处理,1.0,0.9313,False,8
1591,车辆行至泥泞或翻浆路段时，应停车观察，选择平整、坚实的路段缓慢通过。,道路通行规则,1.0,0.2628,False,4
1592,机动车驶近急弯、坡道顶端等影响安全视距的路段时，减速慢行并鸣喇叭示意是为了什么?,安全文明驾驶常识,0.5048,0.0102,True,6
1593,在一般道路倒车时，若发现有过往车辆通过，应怎样做？,道路通行规则,1.0,0.2534,False,4
1594,倒车过程中要缓慢行驶，注意观察车辆两侧和后方的情况，随时做好停车准备。,道路通行规则,1.0,0.5246,False,4
1595,车辆在山区道路行车下陡坡时，不得超车。,道路通行规则,1.0,0.2755,False,4
1596,行车中突遇对方车辆强行超车，占据自己车道，正确的做法是什么？,道路通行规则,1.0,0.5248,False,4
1597,行车中突遇对向车辆强行超车，占据自己车道时，可不予避让，迫使对方让路。,道路通行规则,1.0,0.5274,False,4
1598,行车中遇到后方车辆要求超车时，应怎样做？,道路通行规则,1.0,0.2508,False,4
1599,驾驶人在超车时，前方车辆不减速、不让道，应怎样做？,道路通行规则,1.0,0.2542,False,4
1600,在道路上超车时，应尽量加大横向距离，必要时可越实线超车。,道路通行规则,1.0,0.2721,False,4
1601,进入左侧道路超车，无法保证与正常行驶前车的横向安全间距时，应怎样做？,道路通行规则,1.0,0.2552,False,4
1602,驾驶的车辆正在被其他车辆超越时，应怎样做？,安全文明驾驶常识,0.4882,0.0008,True,9
1603,遇后车发出超车信号后，只要具备让超条件应怎样做？,道路通行规则,1.0,0.2624,False,4
1604,预计在超车过程中与对面来车有会车可能时，应提前加速超越。,道路通行规则,1.0,0.5378,False,4
1605,通过隧道时，不得超车。,道路通行规则,1.0,0.2897,False,4
1606,通过铁路道口时，不得超车。,道路通行规则,1.0,0.2807,False,4
1607,通过急转弯路段时，在车辆较少的情况下可以超车。,道路通行规则,1.0,0.2705,False,4
1608,通过窄路、窄桥时，不得超车。,道路通行规则,1.0,0.2776,False,4
1609,在山区道路超车时，应怎样超越？,道路通行规则,1.0,0.2742,False,4
1610,夜间行车，可选择下列哪个地段超车？,安全文明驾驶常识,0.5693,0.0095,True,6
1611,超车时，如果无法保证与被超车辆的安全间距，应主动放弃超车。,道路通行规则,1.0,0.2684,False,4
1612,如图所示，以下哪种情况可以超车?(图50a.50b. 50c. 50d),道路通行规则,1.0,0.2582,False,4
1613,如图所示，在超车过程中，遇对向有来车时要放弃超车是因为什么?,道路通行规则,1.0,0.2721,False,4
1614,如图所示，当您超越右侧车辆时，应该尽快超越，减少并行时间。,车辆结构与驾驶操作,0.5001,0.0079,True,7
1615,如图所示，在这种情况下不能够超车的原因是什么?,道路通行规则,1.0,0.2718,False,4
1616,夜间行车，需要超车时，变换远近光灯示意是为了提示前车。,安全文明驾驶常识,0.5724,0.0114,True,6
1617,如图所示，以下哪种情况可以超车?(图51a.51b. 51c. 51d),道路通行规则,1.0,0.2588,False,4
1618,驾驶机动车正在被其他车辆超越时，被超车辆减速靠右侧行驶的目的是什么?,道路通行规则,1.0,0.2624,False,4
1619,驾驶机动车超车时，前方车辆不减速让路，应停止超车并适当减速，与前方车辆保持安全距离。,安全文明驾驶常识,0.7801,0.111,False,6
1620,驾驶机动车超车时，被超越车辆未减速让路，应迅速提速超越前方车辆完成超车。,道路通行规则,1.0,0.2732,False,4
1621,在图中这种环境超车时，要先变换远近光灯告知前车，待前车让行后，开启远光灯超越。,道路通行规则,1.0,0.516,False,4
1622,图中所示的情形超车时，要提前开启左转向灯，连续鸣喇叭或开启远光灯提示，催促前车让行。,道路通行规则,1.0,0.5191,False,4
1623,如果遇到图中这种情况需要超车时，可以在不影晌公交车正常行驶的前提下借公交车道超越。,道路通行规则,1.0,0.5406,False,4
1624,在城市道路上，遇到图中情况需要超车时，可以直接开启右转向灯，借公交车道行驶。,道路通行规则,1.0,0.5971,False,4
1625,驾驶人在观察后方无来车的情况下，未开转向灯就变更车道也是合理的。,道路通行规则,1.0,0.5633,False,4
1626,驾驶车辆在交叉路口前变更车道时，应怎样驶入要变更的车道？,道路通行规则,1.0,1.1237,False,4
1627,驾驶车辆变更车道时，应提前开启转向灯，注意观察，保持安全距离，驶入要变更的车道。,道路通行规则,0.9832,0.1991,False,4
1628,驾驶车辆向右变更车道时，应提前开启右转向灯，注意观察，在确保安全的情况下，驶入要变更的车道。,道路通行规则,1.0,0.5593,False,4
1629,变更车道时只需开启转向灯，便可迅速转向驶入相应的行车道。,道路通行规则,1.0,0.5706,False,4
1630,变更车道时，应开启转向灯，迅速驶入侧方车道。,道路通行规则,1.0,0.5806,False,4
1631,变更车道时只需开启转向灯，并迅速转向驶入相应的车道，以不妨碍同车道机动车正常行驶。,道路通行规则,1.0,0.5698,False,4
1632,驾驶机动车变更车道前应仔细观察，目的是判断有无变更车道的条件。,道路通行规则,1.0,0.5655,False,4
1633,如图所示，A车在此时进入左侧车道是因为进入实线区不得变更车道。,道路通行规则,1.0,0.565,False,4
1634,驾驶机动车向右变更车道前应仔细观察右侧车道车流情况的原因是什么?,道路通行规则,1.0,0.5675,False,4
1635,如图所示，在这种情况下遇右侧车辆变更车道，应减速保持间距，注意避让。,道路通行规则,1.0,0.5607,False,4
1636,如图所示，在这种情况下，A车可以向左变更车道。,道路通行规则,1.0,0.5637,False,4
1637,驶入高速公路的收费口时，应选择怎样的入口？,道路通行规则,1.0,0.3635,False,4
1638,驾驶车辆进入高速公路加速车道后，应尽快将车速提高到每小时多少公里以上？,道路通行规则,1.0,0.5965,False,4
1639,高速公路上行车，如果因疏忽驶过出口，应怎样做？,道路通行规则,1.0,0.3523,False,4
1640,车辆驶离高速公路时，应当经减速车道减速后进入匝道。,道路通行规则,1.0,0.619,False,4
1641,驾驶机动车由加速车道进入高速公路行驶， 以下做法错误的是什么？,道路通行规则,1.0,0.6147,False,4
1642,在标志、标线齐全的高速公路上行车，应当按照什么规定的车道和车速行驶？,道路通行规则,1.0,0.338,False,4
1643,在同向4车道高速公路上行车，车速高于每小时110公里的车辆应在哪条车道上行驶？,道路通行规则,1.0,0.6073,False,4
1644,车辆驶入匝道后，迅速将车速提高到每小时60公里以上。,道路通行规则,0.4898,0.004,True,4
1645,车辆在高速公路匝道提速到每小时60公里以上时，可直接驶入行车道。,道路通行规则,1.0,0.613,False,4
1646,《道路交通安全法实施条例》规定，高速公路上最高时速不得超过120公里。因此在高速公路上行驶只要时速不超过120公里就不违法。,道路交通安全法律法规,0.5988,0.0119,False,2
1647,驾驶机动车在高速公路上行驶，能见度小于200米时，车速不得超过每小时60公里。,道路通行规则,1.0,0.3502,False,4
1648,机动车在高速公路行驶，下列做法正确的是？,道路通行规则,1.0,0.372,False,4
1649,车辆在高速公路匝道上可以停车。,道路通行规则,1.0,0.6484,False,4
1650,车辆不得在高速公路匝道上掉头。,道路通行规则,1.0,0.6396,False,4
1651,车辆不得在高速公路匝道上倒车。,道路通行规则,1.0,0.6197,False,4
1652,车辆应靠高速公路右侧的路肩上行驶。,道路通行规则,1.0,0.3838,False,4
1653,车辆在高速公路上行车，可以频繁地变更车道。,道路通行规则,1.0,0.9153,False,4
1654,高速公路因发生事故造成堵塞时，可在右侧紧急停车带或路肩行驶。,道路通行规则,1.0,0.3623,False,4
1655,在高速公路上遇分流交通管制时，可不驶出高速公路，就地靠边停靠等待管制结束后继续前行。,道路通行规则,1.0,0.3912,False,4
1656,在高速公路上行驶感觉疲劳时，应立即停车休息。,道路通行规则,1.0,0.3508,False,4
1657,车辆在高速公路行驶时，可以仅凭感觉确认车速。,道路通行规则,1.0,0.385,False,4
1658,在高速公路上行驶感觉疲劳时，只要不影晌后方车辆行驶，可以靠边停车休息。,道路通行规则,1.0,0.3431,False,4
1659,车辆因故障必须在高速公路停车时，应在车后方多少米以外设置故障警告标志？,道路通行规则,1.0,0.3035,False,4
1660,在高速公路上驾驶机动车， 车辆发生故障后的处置方法，以下说法错误的是什么？,道路通行规则,0.644,0.0368,False,4
1661,驾驶机动车在高速公路发生故障， 需要停车排除故障时，以下做法先后顺序正确的是？ ①放置警告标志，转移乘车人员至安全处，迅速报警②开启危险报警闪光灯③将车辆移至不妨碍交通的位置④等待救援,道路通行规则,0.6836,0.0284,False,4
1662,驾驶机动车在高速公路上车辆发生故障时，为获得其他车辆的帮助，可将警告标志放置在其他车道。,道路通行规则,1.0,0.3116,False,4
1663,驾驶机动车在高速公路上车辆发生故障时，若车辆可以移动至应急车道内，只需开启危险报警闪光灯，警告标志可根据交通流情况选择是否放置。,道路通行规则,0.7111,0.0431,False,4
1664,车辆在高速公路以每小时100公里的速度行驶时，距同车道前车100米以上为安全距离。,道路通行规则,1.0,0.2384,False,4
1665,行驶在高速公路上遇大雾视线受阻时，应当立即紧急制动停车。,道路通行规则,1.0,0.6162,False,4
1666,驾驶机动车在高速公路上行驶，遇有雾、雨、雪、沙尘、冰雹等低能见度气象条件时， 能见度在50米以下时， 以下做法正确的是什么？,道路通行规则,1.0,0.3317,False,4
1667,驾驶机动车在高速公路上行驶，遇有雾、雨、雪、沙尘、冰雹等低能见度气象条件下， 能见度在100米以下时，车速不得超过每小时多少公里，与同车道前车至少保持多少米的距离？,道路通行规则,1.0,0.5809,False,4
1668,驾驶机动车在高速公路上行驶，能见度小于200米时，与同车道前车应保持100米以上的距离。,道路通行规则,1.0,0.5968,False,4
1669,小型客车行驶在平坦的高速公路上，突然有颠簸感觉时，应迅速降低车速，防止爆胎。,道路通行规则,0.7164,0.0804,False,4
1670,前轮胎爆裂已出现转向时，驾驶人不要过度矫正，应在控制住方向的情况下，应怎样做，使车辆缓慢减速？,车辆结构与驾驶操作,1.0,0.2822,False,7
1671,轮胎气压过低时，高速行驶轮胎会出现波浪变形温度升高而导致什么？,车辆结构与驾驶操作,1.0,0.3077,False,7
1672,避免爆胎的错误的做法是什么？,紧急情况与事故处理,1.0,0.2962,False,8
1673,驾驶人发现轮胎漏气，将车辆驶离主车道时，不要采用紧急制动，以免造成翻车或后车采取制动不及时导致追尾事故。,车辆结构与驾驶操作,0.6028,0.0256,False,7
1674,车辆后轮胎爆裂，车尾会摇摆不定，驾驶人应双手紧握转向盘，控制车辆保持直线行驶，减速停车。,车辆结构与驾驶操作,0.6016,0.026,False,7
1675,行车中当驾驶人意识到爆胎时，应在控制住方向的情况下，轻踏制动踏板，使车辆缓慢减速，逐渐平稳地停靠于路边。,车辆结构与驾驶操作,0.5644,0.0062,True,7
1676,行车中当车辆突然爆胎时，驾驶人切忌慌乱中急踏制动踏板，尽量采用“抢挡”的方法，利用发动机制动使车辆减速。,车辆结构与驾驶操作,1.0,0.328,False,7
1677,车辆前轮胎爆裂，危险较大，方向会立刻向爆胎车轮一侧跑偏，直接影响驾驶人对转向盘的控制。,车辆结构与驾驶操作,0.631,0.0384,False,7
1678,车辆发生爆胎后，驾驶人在尚未控制住车速前，不要冒险使用行车制动器停车，以避免车辆横甩发生更大的险情。,车辆结构与驾驶操作,0.5667,0.0058,True,8
1679,行车中当车辆前轮爆胎已发生转向时，驾驶人应双手紧握转向盘，尽力控制车辆直线行驶。,紧急情况与事故处理,1.0,0.2652,False,8
1680,行车中当驾驶人意识到车辆爆胎时，应在控制住方向的情况下采取紧急制动，迫使车辆迅速停住。,紧急情况与事故处理,1.0,0.2589,False,8
1681,行车中当驾驶人意识到车辆爆胎时，下列错误的做法是？,紧急情况与事故处理,1.0,0.2853,False,8
1682,行车中遇有前方发生交通事故，需要帮助时，应怎样做？,紧急情况与事故处理,1.0,0.6273,False,8
1683,行车中遇交通事故受伤者需要抢救时，应怎样做？,紧急情况与事故处理,1.0,0.9223,False,8
1684,驾驶机动车发生故障或事故不能正常行驶时，应立即打开危险报警闪光灯。,紧急情况与事故处理,1.0,0.8215,False,8
1685,以下哪种行为处十日以下拘留，并处—千元以上二千元以下罚款，吊销机动车驾驶证？,道路交通安全法律法规,1.0,0.5019,False,2
1686,饮酒后或者醉酒驾驶机动车发生重大交通事故构成犯罪的，依法追究刑事责任，吊销机动车驾驶证，将多少年内不得申请机动车驾驶证？,道路交通安全法律法规,1.0,0.6121,False,2
1687,驾驶机动车造成交通事故后逃逸，尚不构成犯罪的，由公安机关交通管理部门处二百元以上二千元以下罚款，可以并处15日以下拘留。,紧急情况与事故处理,0.7241,0.0384,False,8
1688,将机动车交由未取得机动车驾驶证的人驾驶的，由公安交通管理部门处二百元以上二千元以下罚款，可以并处以下哪种处罚？,道路交通安全法律法规,1.0,0.2436,False,2
1689,上道路行驶的机动车驾驶人未携带机动车驾驶证、行驶证的，除扣留机动车外，并受到什么处罚？,驾驶证与机动车管理,1.0,0.3393,False,3
1690,隐瞒有关情况或者提供虚假材料申领机动车驾驶证的，申请人在1年内不得再次申领机动车驾驶证。,驾驶证与机动车管理,1.0,0.2883,False,3
1691,申请人以不正当手段取得机动车驾驶证的，公安机关交通管理部门收缴机动车驾驶 证， 撤销机动车驾驶许可，申请人在3年内不得再次申领机动车驾驶证。,驾驶证与机动车管理,1.0,0.6263,False,3
1692,驾驶机动车造成重大交通事故后逃逸，构成犯罪的，由公安机关交通管理部门吊销机动车驾驶证，且终生不得重新取得机动车驾驶证。,紧急情况与事故处理,1.0,0.2987,False,8
1693,隐瞒有关情况或者提供虚假材料申请机动车驾驶证，申请人在多少年内不得再次申领机动车驾驶证？,驾驶证与机动车管理,1.0,0.278,False,3
1694,申请人在考试过程中有贿赂、舞弊行为的，申请人在多少年内不得再次申领机动车驾驶证？,驾驶证与机动车管理,1.0,0.3124,False,3
1695,机动车驾驶人有以下哪种违法行为的， 暂扣六个月机动车驾驶证？,道路交通安全法律法规,1.0,0.3261,False,2
1696,驾驶拼装的机动车上道路行驶的，公安机关交通管理部门应当予以收缴，强制报废，并吊销机动车驾驶证。,道路交通安全法律法规,1.0,0.4771,False,3
1697,机动车驾驶人一次有两个以上违法行为记分的，应当分别计算累加分值。,道路交通安全法律法规,1.0,0.9003,False,2
1698,在路口直行看到图中这种情况，要在停止线以外停车，等待对面直行车通过后再起步。,道路通行规则,1.0,0.529,False,4
1699,在路口直行看到图中所示信号灯亮时，要尽快加速通过路口，不得停车等待。,道路通行规则,1.0,0.2316,False,4
1700,图中这辆红色机动车选择的行车道是正确的。,道路通行规则,1.0,0.265,False,4
1701,遇到图中这种有车道信号灯的路段，应该选择右侧或者左侧车道行驶。,道路通行规则,0.6143,0.0271,False,4
1702,在路口右转弯看到图中信号灯亮时，要在 停止线以外停车，等待绿灯亮后再向右转弯。,道路通行规则,1.0,0.2514,False,4
1703,闪光警告信号灯为持续闪烁的黄灯，其作用是提示车辆、行人需要快速通过。,交通信号与标志标线,0.6822,0.0653,False,5
1704,在路口看到图中所示信号灯不断闪烁时，要减速或停车瞪望，确认安全后通过。,道路通行规则,1.0,0.2192,False,4
1705,夜间车辆通过照明条件良好的路段时，应使用什么灯？,安全文明驾驶常识,1.0,0.2907,False,6
1706,夜间行车中，前方出现弯道时，灯光照射会发生怎样的变化？,安全文明驾驶常识,0.5675,0.0089,True,6
1707,夜间起步前，应当先开启近光灯。,安全文明驾驶常识,1.0,0.292,False,6
1708,夜间会车时，若对方车辆不关闭远光灯，可变换灯光提示对向车辆，同时减速靠右侧行驶或停车。,道路通行规则,1.0,0.2657,False,4
1709,夜间通过没有路灯或路灯照明不良时，应将近光灯转换为远光灯，但同向行驶的后车不得使用远光灯。,安全文明驾驶常识,1.0,0.2878,False,6
1710,夜间行车，遇对面来车未关闭远光灯时，应减速行驶，以防两车灯光的交汇处有行人通过时发生事故。,安全文明驾驶常识,1.0,0.2904,False,6
1711,夜间通过无交通信号灯控制的交叉路口时，不得变换远、近光灯。,交通信号与标志标线,0.879,0.1255,False,5
1712,夜间行车，要尽量避免超车，确需超车时，可变换远近光灯向前车示意。,安全文明驾驶常识,0.5624,0.0052,True,6
1713,夜间尾随前车行驶时，后车可以使用远光灯。,安全文明驾驶常识,1.0,0.2917,False,6
1714,夜间会车规定150米以内使用近光灯的原因是什么?,道路通行规则,0.5632,0.0067,True,4
1715,遇有浓雾或特大雾天能见度过低，行车困难时，应怎样做？,安全文明驾驶常识,1.0,0.2885,False,6
1716,浓雾天气能见度低，开启远光灯会提高能见度。,安全文明驾驶常识,1.0,0.3087,False,6
1717,大雾天行车，多鸣喇叭是为了什么？,安全文明驾驶常识,1.0,0.2928,False,6
1718,车辆驶入双向行驶隧道前，应开启什么灯？,安全文明驾驶常识,0.4923,0.0046,True,6
1719,驾驶车辆汇入车流时，应提前开启转向灯，保持直线行驶，通过后视镜观察左右情况，确认安全后汇入合流。,安全文明驾驶常识,0.4933,0.0038,True,6
1720,车辆通过学校和小区应注意观察标志标线，低速行驶，不要鸣喇叭。,交通信号与标志标线,0.5707,0.0106,True,5
1721,在高速公路变更车道时，应提前开启转向灯，观察情况，确认安全后，驶入需要变更的车道。,道路通行规则,1.0,0.9055,False,4
1722,机动车在高速公路上遇前方交通受阻时，应当跟随前车顺序排队，并立即开启危险报警闪光灯，防止追尾。,道路通行规则,0.6752,0.059,False,4
1723,风、雨、雪、雾等复杂气象条件，遇前车速度较低时，应开启前照灯，连续鸣喇叭迅速超越。,安全文明驾驶常识,0.4892,0.0035,True,6
1724,夜间行车遇到图中所示的交叉路口，不管有没有车辆和行人横过路口，都要开启远光灯提示。,道路通行规则,0.664,0.0222,False,4
1725,路口转弯过程中，持续开启转向灯，主要是因为什么?,道路通行规则,1.0,0.266,False,4
1726,如图所示，B车具有优先通过权。,车辆结构与驾驶操作,0.5032,0.01,True,7
1727,如图所示，当越过停在人行横道前的A车时，B车应减速，准备停车让行。,道路通行规则,1.0,0.8243,False,4
1728,如图所示，A车具有优先通过权。,车辆结构与驾驶操作,0.5022,0.0093,True,7
1729,如图所示，直行车辆遇到前方路口堵塞，以下说法正确的是什么?,道路通行规则,1.0,0.2635,False,4
1730,如图所示，A车具有优先通行权。,道路通行规则,0.5012,0.0076,True,4
1731,如图所示， 在环岛交叉路口发生的交通事故中， 应由A车负全部责任。,紧急情况与事故处理,0.7728,0.0733,False,8
1732,遇后车超车时， 在条件许可的情况下应减速靠右让路，是为了给后车留出超车空间。,道路通行规则,1.0,0.2733,False,4
1733,驾驶机动车前，以下说法错误的是什么？,车辆结构与驾驶操作,0.4934,0.0034,True,7
1734,行人参与道路交通的主要特点是什么？,安全文明驾驶常识,0.9847,0.2375,False,6
1735,在道路上跟车行驶时，跟车距离不是主要的，只须保持与前车相等的速度，即可防止发生追尾事故。,道路通行规则,0.6059,0.0273,False,4
1736,如图所示，在这种道路上行驶，应在道路中间通行的主要原因是在道路中间通行速度快。,道路通行规则,0.5476,0.0308,True,4
1737,如图所示，机动车在这种道路上行驶，在道路中间通行的原因是什么?,道路通行规则,0.5276,0.0195,True,4
1738,机动车、非机动车和行人实行分道行驶，是为了规范交通秩序，提高通行效率。,安全文明驾驶常识,0.982,0.237,False,6
1739,如图所示，驾驶机动车接打电话容易导致发生交通事故。,紧急情况与事故处理,1.0,0.621,False,8
1740,驾驶机动车时接打电话容易引发事故，以下原因错误的是什么？,紧急情况与事故处理,1.0,0.2704,False,8
1741,驾驶机动车遇紧急事务，可以边开车边接打电话。,驾驶证与机动车管理,0.4919,0.0036,True,3
1742,如图所示，驾驶机动车时，前风窗玻璃处悬挂放置干扰视线的物品是错误的。,车辆结构与驾驶操作,0.5138,0.0142,True,7
1743,行驶过程中发现车门未关好，应及时关闭车门，否则车辆在转弯等激烈运动过程中会造成人员或货物被甩到车外。,其他与综合知识,1.0,0.4691,False,9
1744,行人参与道路交通的主要特点是行人喜欢在—起聚集、围观。,安全文明驾驶常识,1.0,0.2559,False,6
1745,图中这辆蓝色小型汽车行驶的车道是慢速车道。,道路通行规则,1.0,0.2804,False,4
1746,在图中所示的道路跟车行驶时，为什么要保持较大的跟车距离？,道路通行规则,1.0,0.2859,False,4
1747,一个合格的驾驶人，不仅表现在技术的娴熟上，更重要的是应该具有良好的驾驶行为习惯和道德修养。,其他与综合知识,0.5737,0.0428,True,9
1748,驾驶车辆在道路上行驶时，应当按照规定的速度安全行驶。,安全文明驾驶常识,0.5039,0.0073,True,6
1749,驾驶人一边驾车，一边打手持电话是违法行为。,道路交通安全法律法规,1.0,0.6103,False,2
1750,谨慎驾驶的三原则是集中注意力、仔细观察和提前预防。,安全文明驾驶常识,0.4921,0.0052,True,6
1751,遇到路口情况复杂时，应做到“宁停三分，不抢一秒”。,道路通行规则,1.0,0.2726,False,4
1752,行车中要文明驾驶，礼让行车，做到不开英雄车、冒险车、赌气车和带病车。,安全文明驾驶常识,1.0,0.5366,False,6
1753,女驾驶人穿高跟鞋驾驶车辆，不利于安全行车。,安全文明驾驶常识,0.5383,0.0255,True,6
1754,驾驶车辆时，长时间左臂搭在车门窗上，或者长时间右手抓住变速器操纵杆，是一种驾驶陋习。,车辆结构与驾驶操作,1.0,0.2723,False,7
1755,驾驶人一边驾车，一边吸烟对安全行车无影响。,安全文明驾驶常识,0.5203,0.0169,True,6
1756,车辆临时靠边停车后准备起步时，应先怎样做？,道路通行规则,1.0,0.2647,False,4
1757,行车中超越右侧停放的车辆时，为预防其突然起步或开启车门，应怎样做？,安全文明驾驶常识,0.5149,0.0155,True,6
1758,驶近没有人行横道的交叉路口时，发现有人横穿道路，应怎样做？,道路通行规则,1.0,0.8521,False,4
1759,行车中遇有非机动车准备绕过停放的车辆时，应怎样做？,安全文明驾驶常识,0.521,0.0178,True,6
1760,行车中，遇非机动车抢行时，应怎样做？,安全文明驾驶常识,0.5308,0.0228,True,6
1761,行车中遇儿童时，应怎样做？,安全文明驾驶常识,1.0,0.3444,False,6
1762,行车中遇列队横过道路的学生时，应怎样做？,安全文明驾驶常识,0.5246,0.0191,True,6
1763,车辆通过凹凸路面时，应怎样做？,安全文明驾驶常识,0.5099,0.0109,True,6
1764,行车中超越同向行驶的自行车时，应怎样做？,安全文明驾驶常识,0.5279,0.0206,True,6
1765,夜间驾驶车辆遇自行车对向驶来时，应怎样做？,安全文明驾驶常识,1.0,0.3083,False,6
1766,车辆在主干道上行驶，驶近主支干道交汇处时，为防止与从支路突然驶入的车辆相撞，应怎样做？,安全文明驾驶常识,0.4924,0.0034,True,6
1767,驾驶人行车中看到注意儿童标志的时候，应怎样做？,安全文明驾驶常识,1.0,0.3232,False,6
1768,车辆驶近停在车站的公交车辆时，为预防公交车突然起步或行人从车前穿出，应怎样做？,安全文明驾驶常识,1.0,0.286,False,6
1769,行车中从其他道路汇入车流前，应注意观察侧后方车辆的动态。,其他与综合知识,0.4992,0.0071,True,9
1770,车辆在路边起步后应尽快提速，并向左迅速转向驶入正常行驶道路。,道路通行规则,0.5024,0.0095,True,4
1771,车辆转弯时应沿道路右侧行驶，不要侵占对方的车道，做到“左转转大弯，右转转小弯”。,道路通行规则,1.0,0.2751,False,4
1772,当行人出现交通安全违法行为时，车辆可以不给行人让行。,道路交通安全法律法规,1.0,0.3983,False,2
1773,行车中遇残疾人影响通行时，应主动减速礼让。,安全文明驾驶常识,1.0,0.2947,False,6
1774,设有安全带装置的车辆，应要求车内乘员系安全带。,车辆结构与驾驶操作,1.0,0.3663,False,7
1775,行车中前方遇自行车影响通行时，可鸣喇叭提示，加速绕行。,安全文明驾驶常识,0.5021,0.0083,True,6
1776,车辆长时间停放时，应选择停车场停车。,道路通行规则,1.0,0.2787,False,4
1777,在行驶过程中，机动车驾驶人要注意与前车保持安全距离。,安全文明驾驶常识,1.0,0.3801,False,6
1778,专用车道规定的专用使用时间之外，其他车辆可以进入专用车道行驶。,道路通行规则,1.0,0.3247,False,4
1779,如图所示，A车在这种情况下应适当减速。,车辆结构与驾驶操作,0.4934,0.0039,True,7
1780,遇到前方车辆停车排队或者缓慢行驶时，强行穿插，以下说法正确的是什么?,道路通行规则,1.0,0.2739,False,4
1781,如图所示，在这种情况下，驾驶机动车要停车让行。,道路通行规则,1.0,0.5385,False,4
1782,如图所示，在这种情祝下通过路口，应该怎么行驶?,道路通行规则,1.0,0.2718,False,4
1783,遇前方路段车道减少，车辆行驶缓慢，为保证安全有序应该怎样做?,道路通行规则,1.0,0.2585,False,4
1784,因避让特种车辆而发生违法行为，被电子警察拍到时，可向交管部门复议。,道路交通安全法律法规,1.0,0.6296,False,2
1785,如图所示，驾驶机动车遇到这种情况时，A车应当注意避让。,车辆结构与驾驶操作,0.4962,0.0042,True,7
1786,行人参与道路交通的特点除了行走随意性大、方向多变以外，还喜欢聚集、围观。,安全文明驾驶常识,0.9796,0.236,False,6
1787,避让特种车辆使其顺利通过后，车辆应有序回到原车道继续行驶，不要尾随特种车辆，以免发生交通事故。,紧急情况与事故处理,1.0,0.3599,False,8
1788,驾驶机动车行驶过程中，遇道路养护车辆从本车道逆向驶来时，以下做法正确的是什么？,道路通行规则,1.0,0.2655,False,4
1789,警车、消防车、救护车、工程救险车执行紧急任务时，耽误或影晌其通行可能会导致严重后果， 所以其他车辆和行人应当主动让行。,安全文明驾驶常识,0.5568,0.003,True,6
1790,遇到图中所示的情况，应怎样行驶？,道路通行规则,0.4978,0.0066,True,4
1791,安全文明行车是机动车驾驶人必备的驾驶素质。,安全文明驾驶常识,1.0,0.4758,False,6
1792,机动车驾驶人驾驶车辆前可以饮用少量啤酒。,驾驶证与机动车管理,0.5275,0.0202,True,3
1793,机动车在山区冰雪覆盖的道路上行驶，应当采取在＿上安装防滑链等安全措施？,安全文明驾驶常识,1.0,0.292,False,6
1794,驾驶机动车在高速公路上行驶时，应尽可能避免与其他车辆长时间并行。,道路通行规则,1.0,0.3671,False,4
1795,如图所示，驾驶机动车驶出车道后可以直接驶入行车道。,道路通行规则,1.0,0.2637,False,4
1796,如图所示，A车若想左转，以下做法正确的是什么？,车辆结构与驾驶操作,0.5124,0.0128,True,7
1797,如图所示，A车的行为是正确的。,车辆结构与驾驶操作,0.5025,0.0086,True,7
1798,驾驶机动车在高速公路上遇前方车流缓行时，以下做法正确的是什么？,道路通行规则,1.0,0.363,False,4
1799,驾驶机动车驶出地下车库时，应按照导向箭头的方向行驶，不得逆行。,车辆结构与驾驶操作,0.5148,0.0138,True,7
1800,机动车在道路边临时停车时，可以暂时并列停放。,道路通行规则,1.0,0.2808,False,4
1801,驾驶车辆驶入铁路道口前应减速降挡，进入道口后可以变换挡位。,驾驶证与机动车管理,0.4838,0.0009,True,3
1802,驾驶机动车在同方向划有2条以上机动车道的慢速车道内行驶，需要超越同车道行驶的前车时，可以通过快速车道进行超越。,道路通行规则,1.0,0.3122,False,4
1803,夜间通过没有路灯或路灯照明不良的路口，同方向行驶的后车与前车近距离行驶时， 可以使用远光灯提醒前车注意。,安全文明驾驶常识,0.5982,0.0237,False,6
1804,车辆在高速公路以低于每小时100公里的速度行驶时，距同车道前车最低保持100米以上为安全距离。,道路通行规则,1.0,0.2409,False,4
1805,如图所示，驾驶机动车遇到这种情况，要减速慢行，同时持续鸣喇叭提醒行人查看路况。,安全文明驾驶常识,1.0,0.2759,False,6
1806,驾驶机动车距离施工路段50米内禁止停放车辆。,安全文明驾驶常识,0.4984,0.0055,True,6
1807,停车位标线为蓝色表示收费停车位。,交通信号与标志标线,0.5546,0.0016,True,4
1808,警告标线的作用是促使道路使用者了解道路上的特殊情况，提高警觉准备应变防范措施。,交通信号与标志标线,1.0,0.3029,False,5
1809,驾驶机动车在路上靠边停车，应如何使用灯光？,车辆结构与驾驶操作,0.5907,0.0191,False,7
1810,山区狭窄坡路会车时，下坡的车辆先行，因为下坡速度不好控制更加危险。,道路通行规则,1.0,0.2749,False,4
1811,"驾驶机动车在高速公路上发生车辆故障或事故时，应做到“车靠边、人撤离、即报警""' 避免发生二次事故。",紧急情况与事故处理,1.0,0.5996,False,8
1812,停车视距不包括以下哪个距离？,道路通行规则,1.0,0.253,False,4
1813,驾驶人在进入驾驶室前，首先要观察机动车周围情况，确认安全后再上车。,安全文明驾驶常识,0.4908,0.002,True,6
1814,变更车道时，提前打开转向灯后，就可以立即变更车道。,道路通行规则,1.0,0.5799,False,4
1815,车辆驶入双向行驶隧道前，要开启远光灯。,安全文明驾驶常识,0.5012,0.009,True,6
1816,在没有交通信号灯的路口遇停车等待时，可以临时占用对面车道，以免造成更大的拥堵。,道路通行规则,0.8642,0.1162,False,4
1817,驾驶机动车完成超车、驶回原车道时，应该怎样使用灯光？,道路通行规则,1.0,0.2536,False,4
1818,驾驶机动车准备驶离环岛时，应如何使用灯光？,车辆结构与驾驶操作,1.0,0.2885,False,7
1819,驾驶机动车倒车时，应当察明车后情况，确认安全后倒车。,道路通行规则,0.9833,0.2405,False,4
1820,驾驶机动车在道路上行驶，欲变更车道时，应提前开启转向灯，在确认安全的前提下，平稳变更车道。,道路通行规则,1.0,0.5733,False,4
1821,驾驶机动车通过学校门口的人行横道，只要没有行人经过，就可以加速通过。,安全文明驾驶常识,1.0,0.2404,False,6
1822,直线行驶时，车速越快，转向盘操作量应越多，转动转向盘的速度也应越快。,车辆结构与驾驶操作,0.621,0.067,False,7
1823,出现晕厥、恶心、乏力、幻象等影响安全驾驶的现象时，驾驶人不能继续驾驶机动车，避免发生交通事故。,紧急情况与事故处理,1.0,0.6055,False,8
1824,在拥堵的道路上驾驶机动车与对向来车会车时，可以不注意两车横向间距。,道路通行规则,1.0,0.3401,False,4
1825,夜间驾驶机动车驶近上坡坡顶路段时，要使用远光灯。,安全文明驾驶常识,1.0,0.3008,False,6
1826,机动车在高速公路上发生故障，无法正常行驶，应由救援车或清障车拖曳、牵引，牵引车应开启危险报警闪光灯，被牵引的故障车无需开启灯光。,紧急情况与事故处理,1.0,0.2246,False,8
1827,驾驶机动车上路行驶，后排乘车人可不系安全带。,车辆结构与驾驶操作,1.0,0.3331,False,7
1828,行驶中遇前方道路发生交通事故时，在交通警察的指挥下可从应急车道绕行。,紧急情况与事故处理,1.0,0.3567,False,8
1829,驾驶机动车在高速公路上行驶遇前方车流行驶缓慢时，应该怎么做？,道路通行规则,1.0,0.362,False,4
1830,驾驶机动车在能见度低的雪天起步时，要开启近光灯。,安全文明驾驶常识,0.5681,0.0404,True,6
1831,夜间驾驶机动车驶近上坡路段时，应如何使用灯光？,安全文明驾驶常识,0.5567,0.001,True,6
1832,在大风天气条件下驾驶机动车，突然感觉到方向盘难以控制时，要逆风方向转动方向盘。,车辆结构与驾驶操作,1.0,0.3984,False,7
1833,驾驶机动车在进入环岛路口时应按顺时针方向行驶，必要时减速或停车让行。,道路通行规则,1.0,0.7936,False,4
1834,夜间驾驶机动车通过急弯路时，应交替使用远近光灯。,安全文明驾驶常识,1.0,0.2948,False,6
1835,机动车在高速上发生故障时，应当如何设置警告标志？,交通信号与标志标线,0.6515,0.0474,False,5
1836,车辆在泥冲路上发生侧滑时，以下做法正确的是？,紧急情况与事故处理,1.0,0.3055,False,8
1837,驾驶机动车应尽量骑轧可跨越车道分界线行驶，便于根据前方道路情况选择车道。,道路通行规则,1.0,0.2794,False,4
1838,车辆通过铁路道口前，换入低速挡，不得中途换挡，避免导致发动机熄火。,车辆结构与驾驶操作,1.0,0.3336,False,7
1839,在高速公路上行驶感觉疲劳时，应在下—个服务区停车休息。,道路通行规则,1.0,0.3505,False,4
1840,车辆行至交叉路口，因前方大型客车遮挡视线，导致闯红灯，会受到什么处罚？,道路通行规则,1.0,0.2885,False,4
1841,元某在未取得驾驶证的情况下，借用黄某的小型汽车上路行驶，元某的行为将受到下列哪种处罚？,驾驶证与机动车管理,0.5949,0.0193,False,3
1842,驾驶机动车在高速公路上遇雾天时，以下说法正确的是什么？,道路通行规则,0.7986,0.1206,False,4
1843,轮胎胎压过高时容易爆胎，因此在天气炎热时，要经常放气降低胎压。,车辆结构与驾驶操作,0.5606,0.003,True,7
1844,夜间驾驶机动车会车时，可开启远光灯，以便本车和对向车辆能够更好的看清路面情况。,道路通行规则,0.6432,0.0422,False,4
1845,驾驶机动车在坡道路段跟车行驶时，应保留比平路跟车时更大的安全距离。,安全文明驾驶常识,0.803,0.1178,False,6
1846,如遇交通流量较大的路段，跟车距离不重要，只需要保持低速行驶即可。,道路通行规则,1.0,0.2653,False,4
1847,驾驶机动车在距离50米以内不得停车的路段是什么？,道路通行规则,1.0,0.2548,False,4
1848,雾天驾驶机动车跟车行驶，以下做法错误的是什么？,道路通行规则,0.5916,0.0199,False,4
1849,如图所示，关于驾驶机动车在大雾天气会车时的注意事项以下说法错误的是什么？,安全文明驾驶常识,0.5605,0.0025,True,6
1850,机动车前风窗玻璃处可以悬挂装饰类毛绒玩具。,车辆结构与驾驶操作,0.4865,0.0011,True,7
1851,驾驶机动车在长下坡路段行驶时，熄火或者空挡滑行可以减少油耗。,道路通行规则,0.4857,0.0001,True,4
1852,驾驶机动车起步前，应提醒乘车人系好 安全带，并关好车门。,车辆结构与驾驶操作,1.0,0.3739,False,7
1853,驾驶机动车在高速公路上行驶时，不得向窗外抛撒物品。,道路通行规则,1.0,0.3807,False,4
1854,驾驶机动车不得有下列哪种行为？,道路交通安全法律法规,0.5188,0.0147,True,2
1855,驾驶人连续驾驶机动车超过4小时， 应停车休息至少20分钟。,道路通行规则,1.0,0.263,False,4
1856,驾驶人连续驾驶机动车超过多长时间时，应停车休息至少20分钟？,道路通行规则,1.0,0.2604,False,4
1857,驾驶机动车需要在路边临时停车时，可选择在不影晌行人通行的人行横道上停放。,道路通行规则,1.0,0.3078,False,4
1858,驾驶机动车需要在路边临时停车时，下列哪种说法是错误的？,道路通行规则,1.0,0.2667,False,4
1859,驾驶机动车在道路上发生交通事故，难以移动时，正确的做法是？,紧急情况与事故处理,1.0,0.6431,False,8
1860,当机动车在道路上发生交通事故后，在确保安全的情况下，应将车上人员疏散到路外安全的地方，避免造成二次事故。,紧急情况与事故处理,1.0,0.6176,False,8
1861,夜间驾驶机动车发生交通事故，难以移动的，应当开启什么灯？,紧急情况与事故处理,1.0,0.3575,False,8
1862,驾驶人患有妨碍安全驾驶机动车的疾病，在无明显不适的情况下，可以驾驶机动车。,驾驶证与机动车管理,0.4932,0.0018,True,3
1863,驾驶人出现下列哪种情况时，可以驾驶机动车？,驾驶证与机动车管理,0.5114,0.0123,True,3
1864,驾驶机动车在路上行驶，遇到正在进行作业的工程救险车时，要主动避让。,道路通行规则,0.4911,0.003,True,4
1865,驾驶未悬挂机动车号牌的车辆，在道路上行驶，发生事故可不报警。,紧急情况与事故处理,1.0,0.2605,False,8
1866,驾驶机动车以每小时110公里的速度在高速公路上行驶时，与同车道前车最低保持50米以上的安全距离。,道路通行规则,1.0,0.236,False,4
1867,在高速同向两车道左侧车道行驶时，应当与同车道前车保持多少米以上的安全距离？,安全文明驾驶常识,0.6719,0.0511,False,6
1868,驾驶人机动车驾驶证被吊销后，使用伪造的机动车驾驶证，会受到下列哪种处罚？,道路交通安全法律法规,0.9981,0.2083,False,2
1869,机动车安装报警器后，遇到紧急情况，可尽快开启报警器提示他人。,紧急情况与事故处理,1.0,0.292,False,8
1870,驾驶机动车通过学校区域时，最高车速不得超过多少？,安全文明驾驶常识,1.0,0.2679,False,6
1871,大风天气行车中，如果遇到狂风袭来，感觉机动车产生横向偏移时，要急转方向以恢复行驶方向。,车辆结构与驾驶操作,0.5059,0.0091,True,7
1872,驾驶汽车遇到牲畜横穿抢道的情况，要及时鸣喇叭进行驱赶。,安全文明驾驶常识,0.4913,0.0041,True,6
1873,雨天行车，车辆行驶阻力会增大。,安全文明驾驶常识,1.0,0.2832,False,6
1874,通过无人看守的铁路道口，只要在确保安全的情况下，就可以加速通过。,安全文明驾驶常识,0.4962,0.0065,True,6
1875,驾驶机动车在铁路道口突然熄火，无法重新启动时，应立即就地检修。,车辆结构与驾驶操作,0.4876,0.0017,True,7
1876,机动车在通过没有信号灯的交叉路口，应当减速慢行，并让行人和优先通行的车辆先行。,道路通行规则,1.0,0.5374,False,4
1877,驾驶机动车遇到校车在道路右侧停车上下学生时，同向有两条机动车道，左侧车道后方机动车可以减速通过。,道路通行规则,1.0,0.5388,False,4
1878,驾驶机动车遇到救护车等执行任务的特种车辆时，应迅速避让，为特种车辆空出—条 “生命通道”。,驾驶证与机动车管理,0.4892,0.0022,True,3
1879,驾驶机动车驶入高速公路加速车道后，遇行车道车辆较少时，应如何行驶？,道路通行规则,1.0,0.6101,False,4
1880,在道路上发生交通事故，未造成人身伤亡，当事人对事实及成因无争议的，应当如何处理？,紧急情况与事故处理,1.0,0.6496,False,8
1881,如图所示，驾驶机动车行经该路段，如果前车行驶相对较慢，在对向没有来车的情况下可以超车。,道路通行规则,1.0,0.2671,False,4
1882,如图所示，A车右转遇人行横道有行人通过时，应保持较低车速通过。,道路通行规则,0.6042,0.0255,False,4
1883,当发现前车正在超车时，为了避免发生交通事故，驾驶人应紧跟前车，选择合适的时机超越前车。,紧急情况与事故处理,1.0,0.3565,False,8
1884,在隧道内行驶，发现行驶路线错误，应如何行驶？,道路通行规则,0.4996,0.0082,True,4
1885,夜间会车，应当在对向来车150米以外改用近光灯。,安全文明驾驶常识,0.5569,0.0033,True,6
1886,夜间在没有照明的路段，与前车跟车距离较近时，应当开启远光灯照明。,安全文明驾驶常识,0.5877,0.0186,False,6
1887,道路划设的专用车道，其他机动车可以临时借道超车。,道路通行规则,1.0,0.5296,False,4
1888,车辆起步时，只要打开了左转向灯，就可以直接起步。,道路通行规则,0.4871,0.0024,True,4
1889,机动车启动时，如果仪表上的报警灯持续闪烁，提醒驾驶人车辆可能存在故障，应及时停车排除故障。,紧急情况与事故处理,1.0,0.2759,False,8
1890,机动车在夜间通过没有交通信号灯控制的交叉路口时，要怎样使用灯光？,交通信号与标志标线,0.8759,0.1235,False,5
1891,上车前，驾驶人应该如何进行绕车检查？,安全文明驾驶常识,0.4832,0.0003,True,6
1892,车辆在高速公路上行车，不可以频繁地变更车道。,道路通行规则,1.0,0.9147,False,4
1893,雾天驾驶机动车在道路上行驶，由于能见度低，应加速行驶，尽快到达安全地点。,安全文明驾驶常识,1.0,0.2718,False,6
1894,夜间驾驶机动车在路口遇前方绿灯亮起时，如果人行横道上仍有行人通过，应怎样做？,道路通行规则,0.6578,0.0183,False,4
1895,在同向3车道高速公路上行车， 车速高于每小时90公里、低于每小时110 公里的机动车不得在高速公路最左侧车道行驶。,道路通行规则,1.0,0.6612,False,4
1896,车辆在高速公路以每小时100公里以上的速度行驶时，距同车道前车50米为危险距离。,道路通行规则,1.0,0.6012,False,4
1897,机动车突然着火，以下做法错误的是什么？,车辆结构与驾驶操作,0.4959,0.0055,True,7
1898,汽车的专用备胎可作为正常轮胎长期使用。,车辆结构与驾驶操作,1.0,0.3131,False,7
1899,分心驾驶会影响人的反应速度，在遇紧急情况时，容易因反应不及时、采取措施不当引发事故。,紧急情况与事故处理,1.0,0.2712,False,8
1900,驾车在高速公路行驶，在由加速车道汇入行车道时，操纵转向盘不应过急过猛。,道路通行规则,1.0,0.6236,False,4
1901,如图所示，驾驶机动车通过此路口，速度不能超过每小时30公里。,道路通行规则,1.0,0.26,False,4
1902,车辆在冰雪道路跟车行驶时，应怎样做？,安全文明驾驶常识,0.5897,0.0157,False,6
1903,机动车在道路上发生故障，需要停车排除时，驾驶人应该怎么办？,紧急情况与事故处理,0.5675,0.0079,True,8
1904,驾驶机动车遇到这种情形要让左侧来车先行。,道路通行规则,0.4913,0.0028,True,4
1905,在机动车道上不得从机动车右侧上下车。,道路通行规则,1.0,0.2541,False,4
1906,如图所示，在这种路况下跟车行驶时，应当开启远光灯照明。,道路通行规则,1.0,0.2733,False,4
1907,夜间在照明不良的路段行驶，应该怎样使用灯光？,车辆结构与驾驶操作,0.5567,0.003,True,7
1908,机动车驾驶人在实习期内驾驶机动车可以临时牵引挂车。,驾驶证与机动车管理,1.0,0.3607,False,3
1909,图中驾驶人驾驶机动车上路行驶的做法，是一种轻微的违规行为。,道路交通安全法律法规,0.4964,0.0041,True,2
1910,关于操纵加速踏板，以下正确的做法是什么？,车辆结构与驾驶操作,1.0,0.2609,False,7
1911,制动侧滑的主要原因包括路面湿滑、车轮抱死、制动时猛打方向等。,紧急情况与事故处理,0.9839,0.2386,False,8
1912,雾天行车时，应及时开启哪个灯？,安全文明驾驶常识,1.0,0.2835,False,6
1913,驾驶机动车遇隧道内发生火灾时，应留在车内等待救援。,驾驶证与机动车管理,0.4878,0.0009,True,3
1914,检查机动车机油时，以下正确的做法是什么？,车辆结构与驾驶操作,0.5092,0.0117,True,7
1915,驾驶机动车上高速公路行驶，以下正确的说法是什么？,道路通行规则,1.0,0.348,False,4
1916,驾驶机动车在冰雪路面发生侧滑时，要猛打方向调整。,紧急情况与事故处理,0.559,0.0018,True,8
1917,驾驶机动车驶入高速公路收费口应减速慢行，有序行驶，选择绿灯亮起的收费口进入。,道路通行规则,1.0,0.3435,False,4
1918,机动车在雾天行驶时，要开启什么灯？,安全文明驾驶常识,1.0,0.2744,False,6
1919,驾驶机动车遇到大雾或特大雾等能见度过低天气时，应选择安全地点停车。,道路通行规则,0.9585,0.2267,False,4
1920,机动车行经视线受阻的急弯路段时，如遇对方车辆鸣喇叭示意，也应当及时鸣喇叭进行回应。,安全文明驾驶常识,0.5057,0.011,True,6
1921,超车时，前方车辆不让出超车空间，应该怎么做？,道路通行规则,1.0,0.2748,False,4
1922,机动车在没有限速标志的路段，应怎样行驶？,道路通行规则,1.0,0.2826,False,4
1923,机动车行驶中，车上儿童可使用儿童安全座椅。,安全文明驾驶常识,1.0,0.3244,False,6
1924,制动跑偏的主要原因是左右车轮制动力分配不均匀。,车辆结构与驾驶操作,0.5454,0.031,True,7
1925,驾驶机动车遇前方道路拥堵通行缓慢时怎样行驶？,道路通行规则,0.5371,0.0249,True,4
1926,驾驶人饮用少量啤酒，在不影响驾驶操作的情况下，可以短距离驾驶机动车。,车辆结构与驾驶操作,0.7099,0.1092,False,7
1927,关于避险车道，以下错误的说法是什么？,道路通行规则,1.0,0.2637,False,4
1928,大雾天在高速公路遇事故不能继续行驶时怎样处置？,道路通行规则,0.7347,0.0909,False,4
1929,机动车载运爆炸物品、易燃易爆化学品以及剧毒、放射性等危险物品，经公安机关批准的指定行驶路线不包含隧道的，不得进入隧道行驶。,道路通行规则,0.5228,0.0185,True,4
1930,驾驶机动车在距离加油站、消防栓30米以内禁止停放机动车。,安全文明驾驶常识,0.4889,0.0015,True,6
1931,雨天驾驶机动车遇行人和骑车人横穿道路，应提前减速，距离较近时应停车让行。,安全文明驾驶常识,0.6423,0.0119,False,6
1932,夜间在道路上会车时，距离对向来车多远将远光灯改用近光灯？,安全文明驾驶常识,0.5681,0.0088,True,6
1933,驾驶机动车行至山谷出口处，遇到横风导致车辆行驶方向偏移时，应双手握稳转向盘，向来风相反的—侧适当修正，力度要轻，不可急转转向盘。,车辆结构与驾驶操作,0.5781,0.0449,True,7
1934,夜间在视线较差的路口转弯，应在距离路口多远时关闭远光灯？,安全文明驾驶常识,0.589,0.0187,False,6
1935,在山区宽阔的缓上坡路段超车时，错误的做法是什么？,道路通行规则,1.0,0.2702,False,4
1936,下长坡连续使用行车制动器，会缩短发动机的使用寿命。,车辆结构与驾驶操作,1.0,0.6378,False,7
1937,驾驶机动车在山区弯道行驶时，以下正确的做法是什么？,道路通行规则,0.558,0.034,True,4
1938,以下哪种违法行为的机动车驾驶人将被一次记6分？,道路交通安全法律法规,1.0,0.6347,False,2
1939,以下哪种行为机动车驾驶人将被—次记9分？,道路交通安全法律法规,0.5154,0.012,True,2
1940,机动车在设置了禁停标志的路段，不得停放车辆，否则一次记2分。,驾驶证与机动车管理,0.492,0.004,True,5
1941,车辆行至交叉路口，需要掉头时，不可直接轧双黄实线掉头，否则一次记2分。,道路通行规则,1.0,0.8396,False,4
1942,驾驶人在实习期内，任何情况下都不得上高速行驶。,驾驶证与机动车管理,1.0,0.3331,False,3
1943,在机动车道上遇到非机动车违法占用车道行驶，且妨碍机动车前进时，以下错误的做法是什么？,道路通行规则,0.6807,0.0642,False,4
1944,"驾驶机动车在高速公路上行驶，速度为100km/h ,危险车间距是多少？",道路通行规则,1.0,0.3693,False,4
1945,如图所示，在这段道路上可以变更到左侧车道掉头。,道路通行规则,1.0,0.5512,False,4
1946,驾驶机动车在高速公路上长时间行驶，驾驶人往往会低估车辆行驶速度。,道路通行规则,1.0,0.3554,False,4
1947,驾驶机动车在高速公路上发生故障，可以在以下哪个地方停车？,道路通行规则,1.0,0.3494,False,4
1948,驾驶电动汽车发生起火，报警时告知起火地点即可，不用告知起火车辆的品牌和型号。,紧急情况与事故处理,1.0,0.6038,False,8
1949,电动汽车发生起火，应立即切断电源，火势较大无法控制时，要远离车辆，立即报警。,紧急情况与事故处理,1.0,0.5702,False,8
1950,驾驶电动汽车上路，尽量避免在雨天积水路段行驶。,安全文明驾驶常识,1.0,0.2686,False,6
1951,驾驶电动汽车行驶时，可以频繁使用刹车。,安全文明驾驶常识,0.4881,0.0017,True,6
1952,高温炎热天气，电动汽车出行时要避免在户外长时间暴晒。,安全文明驾驶常识,0.5342,0.0259,True,6
1953,为电动汽车充电应使用符合规定的充电设备，掌握适当的充电时长，规范充电。,安全文明驾驶常识,0.4842,0.0017,True,6
1954,应注意电动汽车的保养，电动汽车出现故障需要维修时，应选择专业的维修机构或者人员。,紧急情况与事故处理,1.0,0.2695,False,8
1955,电动汽车在低速行驶状态下声音较小，遇到行人和非机动车较多的路段，必要时可轻鸣喇叭提示，以防非机动车和行人未注意靠近的车辆。,安全文明驾驶常识,1.0,0.285,False,6
1956,驾驶纯电动汽车出行前，应确保电池电量充足，提前规划合适的路线，了解途中充电站或者充电桩的位置。,安全文明驾驶常识,0.4875,0.0029,True,6
1957,冬季在为电动汽车充电之前，要提前预热电池。,安全文明驾驶常识,0.4823,0.0007,True,6
1958,关于驾驶电动汽车，以下错误的说法是什么？,安全文明驾驶常识,0.4885,0.0026,True,6
1959,以下选项中，车辆导航的英文缩写是什么？,交通信号与标志标线,0.5005,0.0082,True,8
1960,机动车仪表板上（如图所示）亮表示什么？,车辆结构与驾驶操作,1.0,0.5387,False,7
1961,机动车仪表板上（如图所示）亮表示什么？,车辆结构与驾驶操作,1.0,0.5387,False,7
1962,机动车仪表板上（如图所示）亮表示什么？,车辆结构与驾驶操作,1.0,0.5387,False,7
1963,打开前雾灯开关，（如图所示）亮起。,车辆结构与驾驶操作,0.6252,0.0703,False,7
1964,打开后雾灯开关，（如图所示）亮起。,车辆结构与驾驶操作,0.6252,0.0703,False,7
1965,打开位置灯开关，（如图所示）亮起。,车辆结构与驾驶操作,0.6404,0.0776,False,7
1966,发动机起动后仪表板上（如图所示）亮表示什么？,车辆结构与驾驶操作,1.0,0.7812,False,7
1967,机动车仪表板上（如图所示）亮表示发动机可能机油量不足。,车辆结构与驾驶操作,1.0,0.7772,False,7
1968,机动车仪表板上（如图所示）亮表示发动机可能机油压力过高。,车辆结构与驾驶操作,1.0,0.7635,False,7
1969,机动车仪表板上（如图所示）亮表示什么？,车辆结构与驾驶操作,1.0,0.5387,False,7
1970,机动车仪表板上（如图所示）亮表示什么？,车辆结构与驾驶操作,1.0,0.5387,False,7
1971,机动车仪表板上（如图所示）亮表示什么？,车辆结构与驾驶操作,1.0,0.5387,False,7
1972,机动车仪表板上（如图所示）亮，表示驻车制动器操纵杆可能没松到底。,车辆结构与驾驶操作,1.0,0.991,False,7
1973,机动车仪表板上（如图所示）亮，表示行车制动系统可能出现故障。,车辆结构与驾驶操作,0.9243,0.1828,False,7
1974,机动车仪表板上（如图所示）亮时，不影响正常行驶。,车辆结构与驾驶操作,1.0,0.453,False,7
1975,机动车仪表板上（如图所示）亮时，防抱死制动系统处于打开状态。,车辆结构与驾驶操作,1.0,0.4589,False,7
1976,机动车仪表板上（如图所示）亮时，表示驻车制动器处于制动状态。,车辆结构与驾驶操作,1.0,0.736,False,7
1977,发动机起动后仪表板上（如图所示）亮表示什么？,车辆结构与驾驶操作,1.0,0.7812,False,7
1978,机动车仪表板上（如图所示）亮时，提醒发动机需要补充机油。,车辆结构与驾驶操作,1.0,0.7692,False,7
1979,行车中仪表板上（如图所示）亮表示什么？,车辆结构与驾驶操作,1.0,0.4983,False,7
1980,机动车仪表板上（如图所示）亮时，提醒发动机冷却液可能不足。,车辆结构与驾驶操作,1.0,0.7776,False,7
1981,机动车仪表板上（如图所示）亮时提醒发动机需要加注机油。,车辆结构与驾驶操作,1.0,0.7814,False,7
1982,机动车仪表板上（如图所示）亮时表示什么？,车辆结构与驾驶操作,1.0,0.4966,False,7
1983,机动车仪表板上（如图所示）亮时表示什么？,车辆结构与驾驶操作,1.0,0.4966,False,7
1984,开启前照灯远光时仪表板上（如图所示）亮起。,车辆结构与驾驶操作,1.0,0.4086,False,7
1985,开启前照灯近光时仪表板上（如图所示）亮起。,车辆结构与驾驶操作,1.0,0.409,False,7
1986,机动车仪表板上（如图所示）亮表示什么？,车辆结构与驾驶操作,1.0,0.5387,False,7
1987,机动车仪表板上（如图所示）亮时，提醒驾驶人座椅没调整好。,车辆结构与驾驶操作,1.0,0.4548,False,7
1988,机动车仪表板上（如图所示）亮时，提醒驾驶人安全带插头未插入锁扣。,车辆结构与驾驶操作,1.0,0.7121,False,7
1989,危险报警闪光灯可用于下列什么场合？,紧急情况与事故处理,1.0,0.3026,False,8
1990,机动车仪表板上（如图所示）亮表示什么？,车辆结构与驾驶操作,1.0,0.5387,False,7
1991,机动车发生故障时，（如图所示）闪烁。,紧急情况与事故处理,0.9756,0.2339,False,8
1992,开启危险报警闪光灯时，（如图所示）闪烁。,紧急情况与事故处理,1.0,0.249,False,8
1993,机动车仪表板上（如图所示）亮表示什么？,车辆结构与驾驶操作,1.0,0.5387,False,7
1994,机动车仪表板上（如图所示）亮表示什么？,车辆结构与驾驶操作,1.0,0.5387,False,7
1995,打开左转向灯开关，（如图所示）亮起。,车辆结构与驾驶操作,0.6149,0.0648,False,7
1996,打开右转向灯开关，（如图所示）亮起。,车辆结构与驾驶操作,0.615,0.0649,False,7
1997,机动车仪表板上（如图所示）亮表示什么？,车辆结构与驾驶操作,1.0,0.5387,False,7
1998,机动车仪表板上（如图所示）亮表示什么？,车辆结构与驾驶操作,1.0,0.5387,False,7
1999,机动车仪表板上（如图所示）这个符号表示什么？,车辆结构与驾驶操作,1.0,0.4654,False,7
2000,机动车仪表板上（如图所示）这个符号表示什么？,车辆结构与驾驶操作,1.0,0.4654,False,7
2001,机动车仪表板上（如图所示）一直亮表示什么？,车辆结构与驾驶操作,1.0,0.4822,False,7
2002,机动车仪表板上（如图所示）亮表示什么？,车辆结构与驾驶操作,1.0,0.5387,False,7
2003,机动车仪表板上（如图所示）亮表示什么？,车辆结构与驾驶操作,1.0,0.5387,False,7
2004,机动车仪表板上（如图所示）这个符号表示什么？,车辆结构与驾驶操作,1.0,0.4654,False,7
2005,机动车仪表板上（如图所示）亮表示什么？,车辆结构与驾驶操作,1.0,0.5387,False,7
2006,机动车仪表板上（如图所示）亮表示什么？,车辆结构与驾驶操作,1.0,0.5387,False,7
2007,机动车仪表板上（如图所示）亮表示什么？,车辆结构与驾驶操作,1.0,0.5387,False,7
2008,机动车仪表板上（如图所示）亮，提示发电机向蓄电池充电。,车辆结构与驾驶操作,1.0,0.4608,False,7
2009,机动车仪表板上（如图所示)亮，提示两侧车门未关闭。,车辆结构与驾驶操作,1.0,0.4078,False,7
2010,机动车仪表板上（如图所示）亮，提示左侧车门未关闭。,车辆结构与驾驶操作,1.0,0.4265,False,7
2011,机动车仪表板上（如图所示）亮，提示右侧车门未关闭。,车辆结构与驾驶操作,1.0,0.4264,False,7
2012,机动车仪表板上（如图所示）亮，提示行李舱开启。,车辆结构与驾驶操作,1.0,0.4607,False,7
2013,机动车仪表板上（如图所示）亮，提示发动机舱开启。,车辆结构与驾驶操作,1.0,0.7834,False,7
2014,机动车仪表板上（如图所示）一直亮，表示安全气囊处于工作状态。,车辆结构与驾驶操作,1.0,0.7436,False,7
2015,机动车仪表板上（如图所示）亮表示启用地板及前风窗玻璃吹风。,车辆结构与驾驶操作,1.0,0.4775,False,7
2016,机动车仪表板上（如图所示）一直亮，表示发动机控制系统故障。,车辆结构与驾驶操作,1.0,0.4654,False,7
2017,下列哪个指示灯亮表示车辆在使用近光灯?(图9a. 9b. 9c. 9d),车辆结构与驾驶操作,1.0,0.3449,False,7
2018,下列哪个指示灯亮表示车辆在使用远光灯?图10a. 10b. 10c. 10d),车辆结构与驾驶操作,1.0,0.3359,False,7
2019,这个仪表是何含义？,车辆结构与驾驶操作,1.0,0.3125,False,7
2020,这个仪表是何含义？,车辆结构与驾驶操作,1.0,0.3125,False,7
2021,这个仪表是何含义？,车辆结构与驾驶操作,1.0,0.3125,False,7
2022,这个仪表是何含义？,车辆结构与驾驶操作,1.0,0.3125,False,7
2023,仪表显示当前车速是20公里/小时。,车辆结构与驾驶操作,1.0,0.287,False,7
2024,仪表显示当前发动机转速是6000转/分钟。,车辆结构与驾驶操作,1.0,0.6373,False,7
2025,仪表显示当前冷却液的温度是90度。,车辆结构与驾驶操作,1.0,0.3028,False,7
2026,仪表显示油箱内存油量已在警告线以内。,车辆结构与驾驶操作,1.0,0.2765,False,7
2027,以下哪个仪表表示发动机转速表？,车辆结构与驾驶操作,1.0,0.6597,False,7
2028,以下哪个仪表表示速度和里程表？,车辆结构与驾驶操作,1.0,0.319,False,7
2029,以下哪个仪表表示水温表？,车辆结构与驾驶操作,1.0,0.3196,False,7
2030,以下哪个仪表表示燃油表？,车辆结构与驾驶操作,1.0,0.3203,False,7
2031,图中哪个报警灯亮，提示充电电路异常或故障？,紧急情况与事故处理,1.0,0.5522,False,8
2032,哪个报警灯亮，提示发动机控制系统异常或故障？,紧急情况与事故处理,1.0,0.2128,False,8
2033,为提示车辆和行人注意， 雾天必须开启哪个灯？,安全文明驾驶常识,1.0,0.5474,False,6
2034,图中左侧白色轿车，在这种情况下为了保证安全， 应适当降低车速。,安全文明驾驶常识,0.4953,0.0058,True,6
2035,以下哪个指示灯亮时， 表示发动机机油压力过低？,车辆结构与驾驶操作,1.0,0.693,False,7
2036,机油压力报警灯持续亮，可边行驶，边观察， 等待报警灯自行熄灭。,紧急情况与事故处理,1.0,0.2922,False,8
2037,以下哪个指示灯亮时，表示防抱死制动系统出现故障？,车辆结构与驾驶操作,0.7786,0.1123,False,7
2038,行车中下列哪个灯亮，提示驾驶人车辆制动系统出现异常？,车辆结构与驾驶操作,0.5159,0.0155,True,7
2039,行车中，制动报警灯亮，应试踩—下制动，只要有效可正常行车。,紧急情况与事故处理,1.0,0.2515,False,8
2040,以下哪个指示灯亮时， 表示油箱内燃油已到最低液面？,车辆结构与驾驶操作,1.0,0.366,False,7
2041,行车中， 燃油报警灯亮， 应及时到附近加油站加油，以免造成车辆乘员滞留公路，发生交通事故。,紧急情况与事故处理,1.0,0.9027,False,8
2042,以下哪个指示灯亮时， 表示发动机温度过高？,车辆结构与驾驶操作,1.0,0.6895,False,7
2043,行车中水温报警灯亮， 下列可能是其原因的是？,紧急情况与事故处理,1.0,0.2892,False,8
2044,以下哪个指示灯亮时，提醒驾驶人安全带插头未插入锁扣？,车辆结构与驾驶操作,1.0,0.664,False,7
2045,车辆发生意外， 要及时打开哪个灯？,紧急情况与事故处理,0.4938,0.0053,True,8
2046,行驶至这种上坡路段时， 以下做法正确的是什么？,道路通行规则,0.4945,0.0049,True,4
2047,长下坡禁止挂空挡，下列原因错误的是？,紧急情况与事故处理,0.488,0.0034,True,8
2048,驾驶机动车下陡坡时， 以下说法正确的是？,车辆结构与驾驶操作,0.4901,0.0023,True,7
2049,机动车仪表板上（如图所示）这个符号表示什么？,车辆结构与驾驶操作,1.0,0.4654,False,7
2050,（如图所示）这个符号的开关控制什么装置？,车辆结构与驾驶操作,0.5927,0.0544,False,7
2051,（如图所示）这个符号的开关控制什么装置？,车辆结构与驾驶操作,0.5927,0.0544,False,7
2052,（如图所示）这个符号的开关控制什么装置？,车辆结构与驾驶操作,0.5927,0.0544,False,7
2053,（如图所示）这个符号的开关控制什么装置？,车辆结构与驾驶操作,0.5927,0.0544,False,7
2054,（如图所示）这个符号的开关控制什么装置？,车辆结构与驾驶操作,0.5927,0.0544,False,7
2055,这是什么操纵装置？,交通信号与标志标线,0.5056,0.0114,True,7
2056,提拉这个开关控制机动车哪个部位？,车辆结构与驾驶操作,0.4885,0.0027,True,7
2057,旋转开关这一档控制机动车哪个部位？,车辆结构与驾驶操作,0.4892,0.0028,True,7
2058,将转向灯开关向上提，左转向灯亮。,道路通行规则,0.4862,0.0026,True,4
2059,将转向灯开关向下拉，右转向灯亮。,道路通行规则,0.4852,0.0022,True,4
2060,灯光开关旋转到这个位置时，全车灯光点亮。,车辆结构与驾驶操作,1.0,0.3063,False,7
2061,灯光开关在该位置时，前雾灯点亮。,车辆结构与驾驶操作,1.0,0.2931,False,7
2062,灯光开关在该位置时，后雾灯点亮。,车辆结构与驾驶操作,1.0,0.2922,False,7
2063,这是什么操纵装置？,交通信号与标志标线,0.5056,0.0114,True,7
2064,这是什么操纵装置？,交通信号与标志标线,0.5056,0.0114,True,7
2065,这个开关控制机动车哪个部位？,车辆结构与驾驶操作,0.4885,0.0027,True,7
2066,按下这个开关，后风窗玻璃除霜器开始工作。,车辆结构与驾驶操作,0.4891,0.0044,True,5
2067,上下搬动这个开关前风窗玻璃刮水器开始工作。,车辆结构与驾驶操作,0.4872,0.0033,True,5
2068,夜间行驶，与对向车道车辆交会时，以下做法正确的是？,道路通行规则,0.5538,0.0013,True,4
2069,这种握转向盘的动作是正确的。,车辆结构与驾驶操作,0.5572,0.0368,True,7
2070,这是什么踏板？,车辆结构与驾驶操作,1.0,0.2586,False,7
2071,这是什么踏板？,车辆结构与驾驶操作,1.0,0.2586,False,7
2072,这是什么踏板？,车辆结构与驾驶操作,1.0,0.2586,False,7
2073,这是什么操纵装置？,交通信号与标志标线,0.5056,0.0114,True,7
2074,这是什么操纵装置？,交通信号与标志标线,0.5056,0.0114,True,7
2075,这是什么操纵装置？,交通信号与标志标线,0.5056,0.0114,True,7
2076,将点火开关转到ACC位置起动机工作。,车辆结构与驾驶操作,1.0,0.3391,False,7
2077,点火开关在ON位置，车用电器不能使用。,车辆结构与驾驶操作,1.0,0.3109,False,7
2078,点火开关在LOCK位置拔出钥匙转向盘会锁住。,车辆结构与驾驶操作,1.0,0.3546,False,7
2079,点火开关在START位置起动机起动。,车辆结构与驾驶操作,1.0,0.3398,False,7
2080,安全头枕在发生追尾事故时，能有效保护驾驶人的什么部位？,紧急情况与事故处理,1.0,0.2618,False,8
2081,安全头枕用于在发生追事故时保护驾驶人的头部不受伤害。,紧急情况与事故处理,1.0,0.2625,False,8
2082,机动车发生碰撞时座椅安全带主要作用是什么？,车辆结构与驾驶操作,0.6803,0.0598,False,7
2083,机动车发生正面碰撞时，安全气囊加上安全带的双重保护才能充分发挥作用。,车辆结构与驾驶操作,1.0,0.3833,False,7
2084,机动车在发生碰撞时，安全带可以减轻驾乘人员伤害。,车辆结构与驾驶操作,0.6641,0.0535,False,7
2085,机动车在紧急制动时ABS系统会起到什么作用？,车辆结构与驾驶操作,1.0,0.3102,False,7
2086,防抱死制动系统（ABS）在什么情况下可以最大限度发挥制动器效能?,车辆结构与驾驶操作,1.0,0.5873,False,7
2087,机动车紧急制动时，ABS系统在提供最大制动力的同时能使车前轮保持转向能力。,车辆结构与驾驶操作,1.0,0.3175,False,7
2088,装有ABS系统的机动车在冰雪路面上会最大限度缩短制动距离。,车辆结构与驾驶操作,0.566,0.0054,True,6
2089,驾驶有ABS系统的机动车在紧急制动的同时转向可能会发生侧滑。,车辆结构与驾驶操作,0.5916,0.0191,False,7
2090,安装防抱死制动装置（ABS）的机动车紧急制动时，可用力踏制动踏板。,车辆结构与驾驶操作,1.0,0.5746,False,7
2091,安装防抱死制动装置（ABS）的机动车制动时，制动距离会大大缩短，因此不必保持安全车距。,车辆结构与驾驶操作,1.0,0.3061,False,7
2092,安全气囊是一种什么装置？,车辆结构与驾驶操作,1.0,0.3458,False,7
2093,正面安全气囊与什么配合才能充分发挥保护作用？,车辆结构与驾驶操作,1.0,0.3406,False,7
2094,以下安全带系法正确的是？,车辆结构与驾驶操作,1.0,0.3701,False,7
2095,机动车驾驶人身体条件发生变化不适合驾驶机动车，依旧驾驶机动车的，由公安机关交通管理部门收回机动车驾驶证，还会受到什么处罚？,驾驶证与机动车管理,0.6064,0.0227,False,3
2096,湿滑路面制动过程中， 发现车辆偏离方向，以下做法正确的是？,车辆结构与驾驶操作,0.5899,0.0486,False,7
2097,假如你驾车行驶在颠簸路段时，以下做法正确的是什么？,驾驶证与机动车管理,0.4969,0.0051,True,3
2098,下面哪种做法能帮助您避免被其他车辆从后方追撞？,其他与综合知识,0.5194,0.0179,True,9
2099,车辆因故障等原因需被牵引时， 以下说法正确的是什么？,紧急情况与事故处理,1.0,0.2805,False,8
2100,夜间驾驶机动车通过急弯、坡路、拱桥、人行横道时，应当交替使用远近光灯示意。,道路通行规则,0.5781,0.0112,True,6
2101,机动车驾驶人及乘车人下车时，用远离车门—侧的手开门，转头观察车辆侧方和后方通行状况，避免妨碍他人通行。,道路通行规则,0.4877,0.0003,True,4
2102,在驾驶机动车前，需调整安全头枕的高度，使头枕正对驾驶人的颈椎。,安全文明驾驶常识,0.4947,0.0032,True,6
2103,以下哪个指示灯亮时，表示当前汽车发动机温度过高或冷却液过少？,车辆结构与驾驶操作,1.0,0.6857,False,7
2104,机动车仪表板上（如图所示）亮时表示已开启近光灯。,车辆结构与驾驶操作,1.0,0.4518,False,7
2105,以下选项中，自适应巡航系统的英文缩写是什么？,交通信号与标志标线,0.5061,0.0118,True,7
2106,以下选项中，车道偏离预警系统的英文缩写是什么？,道路通行规则,1.0,0.2518,False,4
2107,关门时应将车门拉至与车门框约10厘米左右，再用力关紧车门。,其他与综合知识,0.5021,0.0103,True,9
2108,以下选项中，前方防碰撞预警系统的缩写是什么？,紧急情况与事故处理,1.0,0.2758,False,8
2109,以下选项中，定速巡航系统的缩写是什么？,交通信号与标志标线,0.5009,0.0092,True,8
2110,以下选项中，车辆电子制动力分配系统的英文缩写是什么？,车辆结构与驾驶操作,0.4991,0.0069,True,7
2111,以下选项中，车辆交通标志识别系统的英文缩写是什么？,交通信号与标志标线,1.0,0.4051,False,5
2112,以下选项中，车辆紧急制动辅助系统的英文缩写是什么？,车辆结构与驾驶操作,0.5023,0.0085,True,7
2113,以下选项中，车辆盲点监测系统的英文缩写是什么？,交通信号与标志标线,0.499,0.0077,True,8
2114,以下选项中，车辆牵引力控制系统的英文缩写是什么？,交通信号与标志标线,0.4957,0.006,True,8
2115,以下选项中，车辆自动变道辅助系统的英文缩写是什么？,交通信号与标志标线,0.4975,0.0071,True,8
2116,以下选项中，车辆自动刹车辅助系统的英文缩写是什么？,交通信号与标志标线,0.4975,0.0071,True,8
2117,以下选项中，车身电子稳定控制系统的英文缩写是什么？,交通信号与标志标线,0.5035,0.0104,True,7
2118,以下选项中，实时交通信息的英文缩写是什么？,交通信号与标志标线,0.617,0.0646,False,5
2119,小李驾车经转弯路段时，因操作不当造成车辆倾翻，导致其昏迷，此时路过的行人应该怎么做？,安全文明驾驶常识,1.0,0.2629,False,6
2120,受伤者在车内无法自行下车时，可设法将其从车内移出，尽量避免二次受伤。,其他与综合知识,0.5079,0.0125,True,9
2121,在交通事故现场，一旦遇到有毒有害物质泄漏，一定要第一时间疏散人员，并立即报警。,紧急情况与事故处理,1.0,0.9045,False,8
2122,因交通事故造成有害气体泄漏后，进入现场抢救伤员时，抢救人员须佩戴空气呼吸器或用湿毛巾捂住口鼻。,紧急情况与事故处理,1.0,1.2079,False,8
2123,驾驶机动车发生交通事故后，应注意是否有燃油泄漏、管路破裂的情况，避免意外情况出现。,紧急情况与事故处理,1.0,0.6446,False,8
2124,驾驶机动车遇车辆出现燃烧现象，应迅速离开车内，避免对呼吸道造成伤害或发生窒息。,驾驶证与机动车管理,0.495,0.0042,True,3
2125,抢救有害气体中毒伤员时，应第—时间将伤员移送到有新鲜空气的地方，脱离危险环境，防止吸入更多有害气体。,紧急情况与事故处理,1.0,0.574,False,8
2126,交通事故中急救中毒伤员，以下做法错误的是什么？,紧急情况与事故处理,1.0,1.1975,False,8
2127,在事故现场抢救伤员的基本要求是什么？,紧急情况与事故处理,1.0,0.8468,False,8
2128,遇伤者被压于车轮或货物下时，要立即拉拽伤者的肢体将其拖出。,其他与综合知识,1.0,0.5029,False,9
2129,抢救昏迷失去知觉的伤员需注意什么？,紧急情况与事故处理,1.0,0.5702,False,8
2130,搬运昏迷失去知觉的伤员首先要采取仰卧位。,紧急情况与事故处理,1.0,0.294,False,8
2131,抢救昏迷失去知觉的伤员要在抢救前先检查呼吸。,紧急情况与事故处理,1.0,0.5912,False,8
2132,在为成人做心肺复苏时，胸外按压频率是多少？,道路通行规则,0.4829,0.0003,True,4
2133,抢救失血伤员时，要先采取什么措施？,紧急情况与事故处理,1.0,0.5814,False,8
2134,在没有绷带急救伤员的情况下，以下救护行为中错误的是什么？,紧急情况与事故处理,1.0,0.5668,False,8
2135,采用指压止血法为动脉出血伤员止血时，拇指压住伤口的什么位置？,紧急情况与事故处理,1.0,0.2886,False,8
2136,包扎止血不能用的物品是什么？,交通信号与标志标线,0.5035,0.0101,True,7
2137,在没有绷带急救伤员的情况下，可用毛巾、手帕、床单、长筒尼龙袜子等代替绷带包扎。,紧急情况与事故处理,1.0,0.5702,False,8
2138,在紧急情况下为伤员止血时，须先用压迫法止血后再根据出血情况改用其他止血法。,紧急情况与事故处理,1.0,0.2649,False,8
2139,救助失血过多出现休克的伤员要采取保暖措施。,紧急情况与事故处理,1.0,0.3004,False,8
2140,救助全身燃烧伤员采取哪种应急措施？,紧急情况与事故处理,1.0,0.293,False,8
2141,烧伤伤员口渴时，可喝少量的淡盐水。,紧急情况与事故处理,1.0,0.2923,False,8
2142,烧伤伤员口渴时，只能喝白开水。,紧急情况与事故处理,1.0,0.2916,False,8
2143,救助全身燃烧伤员可以采取向身上喷冷水灭火的措施。,紧急情况与事故处理,1.0,0.2929,False,8
2144,救助烧伤伤员时，当伤口已经起泡的情况 下，可用什么覆盖在水泡上进行保护？,紧急情况与事故处理,1.0,0.2935,False,8
2145,救助有害气体中毒伤员，首先采取的措施是什么？,紧急情况与事故处理,1.0,0.2857,False,8
2146,为防止有害气体中毒伤员继续中毒，首先将伤员转移到空气新鲜的地方。,紧急情况与事故处理,1.0,0.3042,False,8
2147,抢救骨折伤员时注意什么？,紧急情况与事故处理,1.0,0.5843,False,8
2148,怎样抢救脊柱骨折的伤员？,紧急情况与事故处理,1.0,0.5914,False,8
2149,伤员骨折处出血时，要先固定，然后止血和包扎伤口。,紧急情况与事故处理,1.0,0.2784,False,8
2150,移动脊柱骨折的伤员，切勿扶持伤者走动，可用软担架运送。,紧急情况与事故处理,1.0,0.2806,False,8
2151,伤员大腿、小腿和脊椎骨折时，—般不要随便移动伤者。,紧急情况与事故处理,1.0,0.2875,False,8
2152,对无骨端外露的骨折伤员肢体固定时，要超过伤口上下关节。,紧急情况与事故处理,1.0,0.277,False,8
2153,对于烫伤进行处理时，应首先考虑用常温清水持续冲洗烫伤部位。,紧急情况与事故处理,0.5686,0.0418,True,8
2154,现场救护应遵循什么原则？,紧急情况与事故处理,0.4819,0.0005,True,8
2155,移动脊柱骨折的受伤人员，要有两名以上人员扶持移动。,紧急情况与事故处理,0.4954,0.0067,True,8
2156,受伤人员骨折处出血时，要先固定好肢体再进行止血和包扎。,其他与综合知识,0.4877,0.0023,True,9
2157,下面哪个信号灯闪烁表示前方路口或道路是危险路段？,交通信号与标志标线,0.6305,0.0398,False,5
2158,申请人办理机动车登记提交的证明、凭证齐全、有效的，公安机关交通管理部门应当()办理登记手续。,驾驶证与机动车管理,1.0,0.3458,False,3
2159,以下哪种情况需要办理变更登记？,驾驶证与机动车管理,1.0,0.2899,False,3
2160,初次申领机动车号牌、行驶证的，应当向哪个车辆管理所申请？,驾驶证与机动车管理,1.0,0.7032,False,3
2161,申请机动车注册登记时，以下哪项材料不需要提交,驾驶证与机动车管理,1.0,0.2873,False,3
2162,以下哪种情况不需要办理变更登记？,驾驶证与机动车管理,1.0,0.2897,False,3
2163,已注册登记的机动车，以下哪种情况应向登记地车辆管理所申请备案？,驾驶证与机动车管理,1.0,0.366,False,3
2164,已注册登记的机动车所有权发生转让的，现机动车所有人应当自交付之日起多少日内申请登记？,驾驶证与机动车管理,1.0,0.2622,False,3
2165,申请转让登记的，以下哪种资料不需要提供？,驾驶证与机动车管理,1.0,0.2627,False,3
2166,以下哪种情形机动车所有人应申请办理注销登记？,驾驶证与机动车管理,1.0,0.2661,False,3
2167,机动车所有人的住所迁出、迁入车辆管理所管辖区域的，应当向登记地车辆管理所申请什么登记？,驾驶证与机动车管理,1.0,0.3601,False,3
2168,机动车已达到国家强制报废标准的，申请注销登记时应将机动车怎么处理？,驾驶证与机动车管理,0.5832,0.018,False,3
2169,以下哪种情形已注册登记的机动车会被车辆管理所注销？,驾驶证与机动车管理,1.0,0.3384,False,3
2170,办理机动车变更登记、转让登记或者注销登记后，原机动车所有人重新申请机动车登记时，若想使用原机动车号牌号码，应满足以下哪项条件？,驾驶证与机动车管理,1.0,0.601,False,3
2171,车辆管理所收到机动车所有人补领、换领机动车号牌的申请后，自受理之日起多少日内补发、换发号牌？,驾驶证与机动车管理,1.0,0.3336,False,3
2172,补发、换发号牌期间，申请人可以申领有效期不超过多少日的临时行驶车号牌？,驾驶证与机动车管理,1.0,0.5749,False,3
2173,以下哪种情形会被公安机关交通管理部门处警告或者二百元以下罚款？,道路交通安全法律法规,1.0,0.2854,False,2
2174,机动车所有人联系方式变更的，应当在信息或者事项变更后多少日内，向登记地车辆管理所申请变更备案？,驾驶证与机动车管理,1.0,0.321,False,3
2175,因质量问题退车的，机动车所有人应当向哪个车辆管理所申请注销登记？,驾驶证与机动车管理,1.0,0.3072,False,3
2176,机动车未达到国家强制报废标准，机动车所有人自愿报废的，机动车所有人应当向哪个车辆管理所申请注销登记？,驾驶证与机动车管理,0.7159,0.0829,False,3
2177,现机动车所有人住所不在车辆管理所管辖区域内的，转出地车辆管理所应当自受理之日起多少日内，查验机动车？,驾驶证与机动车管理,0.6517,0.0816,False,3
2178,机动车所有人收到机动车号牌之日起多少日后，临时行驶车号牌作废，不得继续使用？,驾驶证与机动车管理,1.0,0.2929,False,3
2179,未取得机动车驾驶证驾驶机动车，发生负同等以上责任交通事故造成人员重伤或者死亡未满多少年的，不得申请机动车驾驶证？,紧急情况与事故处理,1.0,0.2884,False,8
2180,驾驶机动车遇到窄桥路段，如相对方向的来车已经在桥上，应该怎么做？,车辆结构与驾驶操作,0.5024,0.0091,True,7
2181,驾驶机动车在道路上行驶突然熄火，以下错误的做法是什么？,道路通行规则,0.5061,0.0098,True,4
2182,驾驶机动车在道路上向右转弯时，以下说法正确的是？,道路通行规则,0.5055,0.0095,True,4
2183,以下哪个位置可以掉头？,道路通行规则,1.0,0.2768,False,4
2184,下列说法正确的是什么？,交通信号与标志标线,0.4936,0.0046,True,8
2185,车辆停稳后，为了避免车辆溜动，应当使用以下哪个装置？,紧急情况与事故处理,0.4828,0.0,True,3
2186,申请人办理机动车登记提交的证明、凭证齐全、有效的，公安机关交通管理部门应当（）办理登记手续。,驾驶证与机动车管理,1.0,0.3459,False,3
2187,以下哪种情况需要办理变更登记？,驾驶证与机动车管理,1.0,0.2899,False,3
2188,初次申领机动车号牌、行驶证的，应当向哪个车辆管理所申请？,驾驶证与机动车管理,1.0,0.7032,False,3
2189,申请机动车注册登记时，以下哪项材料不需要提交？,驾驶证与机动车管理,1.0,0.2873,False,3
2190,以下哪种情况不需要办理变更登记？,驾驶证与机动车管理,1.0,0.2897,False,3
2191,已注册登记的机动车，以下哪种情况应向登记地车辆管理所申请备案？,驾驶证与机动车管理,1.0,0.366,False,3
2192,已注册登记的机动车所有权发生转让的，现机动车所有人应当自交付之日起多少日内申请登记？,驾驶证与机动车管理,1.0,0.2622,False,3
2193,申请转让登记的，以下哪种资料不需要提供？,驾驶证与机动车管理,1.0,0.2627,False,3
2194,以下哪种情形机动车所有人应申请办理注销登记？,驾驶证与机动车管理,1.0,0.2661,False,3
2195,机动车所有人的住所迁出、迁入车辆管理所管辖区域的，应当向登记地车辆管理所申请什么登记？,驾驶证与机动车管理,1.0,0.3601,False,3
2196,机动车已达到国家强制报废标准的，申请注销登记时应将机动车怎么处理？,驾驶证与机动车管理,0.5832,0.018,False,3
2197,以下哪种情形已注册登记的机动车会被车辆管理所注销？以内,驾驶证与机动车管理,1.0,0.3376,False,3
2198,办理机动车变更登记、转让登记或者注销登记后，原机动车所有人重新申请机动车登记时，若想使用原机动车号牌号码，应满足以下哪项条件？,驾驶证与机动车管理,1.0,0.601,False,3
2199,车辆管理所收到机动车所有人补领、换领机动车号牌的申请后，自受理之日起多少日内补发、换发号牌？,驾驶证与机动车管理,1.0,0.3336,False,3
2200,补发、换发号牌期间，申请人可以申领有效期不超过多少日的临时行驶车号牌？,驾驶证与机动车管理,1.0,0.5749,False,3
2201,以下哪种情形会被公安机关交通管理部门处警告或者二百元以下罚款？,道路交通安全法律法规,1.0,0.2854,False,2
2202,机动车所有人联系方式变更的，应当在信息或者事项变更后多少日内，向登记地车辆管理所申请变更备案？,驾驶证与机动车管理,1.0,0.321,False,3
2203,因质量问题退车的，机动车所有人应当向哪个车辆管理所申请注销登记？,驾驶证与机动车管理,1.0,0.3072,False,3
2204,机动车未达到国家强制报废标准，机动车所有人自愿报废的，机动车所有人应当向哪个车辆管理所申请注销登记？,驾驶证与机动车管理,0.7159,0.0829,False,3
2205,现机动车所有人住所不在车辆管理所管辖区域内的，转出地车辆管理所应当自受理之日起多少日内，查验机动车？,驾驶证与机动车管理,0.6517,0.0816,False,3
2206,机动车所有人收到机动车号牌之日起多少日后，临时行驶车号牌作废，不得继续使用？,驾驶证与机动车管理,1.0,0.2929,False,3
2207,未取得机动车驾驶证驾驶机动车，发生负同等以上责任交通事故造成人员重伤或者死亡未满多少年的，不得申请机动车驾驶证？,紧急情况与事故处理,1.0,0.2884,False,8
2208,驾驶机动车遇到窄桥路段，如相对方向的来车已经在桥上，应该怎么做？,车辆结构与驾驶操作,0.5024,0.0091,True,7
2209,以下哪个位置可以掉头？,道路通行规则,1.0,0.2768,False,4
2210,下列说法正确的是什么？,交通信号与标志标线,0.4936,0.0046,True,8
2211,驾驶机动车在道路上行驶突然熄火，以下错误的做法是什么？,道路通行规则,0.5061,0.0098,True,4
2212,驾驶机动车在道路上向右转弯时，以下说法正确的是？,道路通行规则,0.5055,0.0095,True,4
2213,车辆停稳后，为了避免车辆溜动，应当使用以下哪个装置？,紧急情况与事故处理,0.4828,0.0,True,3
2214,驾驶未按规定定期进行安全技术检验的小车，摩托车上道路行驶的，—次记几分？,道路交通安全法律法规,0.4952,0.0048,True,2
2215,饮酒后驾驶营运机动车依法被吊销机动车驾驶证未满四年的，可以申请机动车驾驶证。,道路交通安全法律法规,0.9775,0.199,False,3
2216,醉酒驾驶营运机动车依法被吊销机动车驾驶证未满十年的，不得申请机动车驾驶证。,道路交通安全法律法规,0.9805,0.201,False,3
2217,机动车驾驶人由摩托车类准驾车型增加汽车类准驾车型后的多长时间为实习期？,驾驶证与机动车管理,1.0,0.7001,False,3
2218,关于分道通行，以下说法错误的是什么？,道路通行规则,0.5085,0.0115,True,4
2219,驾驶小型汽车的高速公路上行驶超过规定时速的20%未达50%的，一次记多少分？,道路通行规则,1.0,0.3528,False,4
2220,下列交通违法行为，—次记12分的是什么？,道路交通安全法律法规,1.0,0.639,False,2
2221,下列交通违法行为，—次记12分的是什么？,道路交通安全法律法规,1.0,0.639,False,2
2222,机动车驾驶人使用其他机动车号牌、行驶证的，—次记12分。,驾驶证与机动车管理,1.0,0.6,False,3
2223,这个标志是何含义？,交通信号与标志标线,0.5529,0.0344,True,5
2224,这个标志是何含义？,交通信号与标志标线,0.5529,0.0344,True,5
2225,这个标志是何含义？,交通信号与标志标线,0.5529,0.0344,True,5
2226,驾驶运输危险品的车辆在高速公路上以每小时80公里的时速行驶时，最少应与前车保持多少米的安全距离？,安全文明驾驶常识,0.6496,0.0389,False,6
2227,驾驶载货车辆最大总质量在（）以内可以上高速公路行驶？,道路通行规则,1.0,0.3526,False,4
2228,《道路交通安全法》（）条规定：机动车行驶时，驾驶人、乘坐人员应当按规定使用安全带，摩托车驾驶人及乘坐人员应当按规定戴安全头盔？,车辆结构与驾驶操作,0.907,0.1901,False,7
2229,以下选项中，车辆随动转向前照灯系统的英文缩写是什么？,交通信号与标志标线,0.499,0.0077,True,8
2230,机动车车身贴有大面积图案的，会被处以警告或者多少元以下罚款？,道路交通安全法律法规,1.0,0.2785,False,2
2231,下列哪种行为会受到200元以上2000元以下罚款，并处吊销机动车驾驶证？,道路交通安全法律法规,1.0,0.2603,False,2
2232,机动车驾驶人身体条件发生变化不适合驾驶机动车，仍驾驶机动车的，处多少元罚款？,道路交通安全法律法规,1.0,0.2564,False,2
2233,驾驶人在实习期内驾驶机动车牵引挂车的，由公安机关交通管理部门处多少元罚款？,驾驶证与机动车管理,0.6643,0.0525,False,3
2234,驾驶7座以下载客汽车载人超过核定人数百分之二十以上未达百分之五十的，一次记记分？,道路交通安全法律法规,1.0,0.2655,False,2
2235,以下选项中，车辆盲点辅助系统的英文缩写是什么？,交通信号与标志标线,0.4976,0.0071,True,8
2236,驾驶人有下列哪种违法行为一次记6分？,道路交通安全法律法规,1.0,0.6809,False,2
2237,机动车驾驶人在满分学习考试中弄虚作假的，相应考试成绩无效，并会被处以多少罚款？,道路交通安全法律法规,1.0,0.2704,False,2
2238,关于电动汽车的能量回收功能，以下不正确的说法是什么？,交通信号与标志标线,0.4856,0.0011,True,8
2239,年龄在70周岁以上的机动车驾驶人发生责任交通事故造成人员重伤或者死亡的，应当在本记分周期结束后多少日内到公安机关交通管理部门接受审验？,紧急情况与事故处理,1.0,0.3156,False,8
2240,专属停车位的停车标线应该用什么颜色表示？,交通信号与标志标线,0.5559,0.003,True,4
2241,年满20周岁的，不可以申请以下哪种准驾车型？,驾驶证与机动车管理,1.0,0.3538,False,3
2242,申请大型客车驾驶证的申请人，应该在26周岁以上，50周岁以下。,驾驶证与机动车管理,1.0,0.3082,False,3
2243,驾驶载货汽车载物超过最大允许总质量多少以上的，—次记几分？,驾驶证与机动车管理,0.485,0.0014,True,3
2244,组织、参与实施以欺骗、贿赂等不正当手段取得机动车驾驶证并牟取经济利益的，由公安机关交通管理部门处违法所得三倍以上五倍以下罚款，但最高不超过十万元。,道路交通安全法律法规,1.0,0.2609,False,2
2245,改变机动车的品牌、型号和发动机型号的，经国务院机动车产品主管部门许可选装的发动机除外，不予办理变更登记。,车辆结构与驾驶操作,0.6962,0.0703,False,7
2246,夫妻双方共同所有的机动车将其所有人姓名变更为另—方姓名，婚姻关系存续期满一年且经夫妻双方共同申请的，不可以使用原机动车号牌号码。,驾驶证与机动车管理,1.0,0.2869,False,3
2247,属于在户籍地以外办理小型、微型非营运载客汽车注册登记的，机动车所有人免予提交公安机关核发的居住证明或者居住登记证明。,驾驶证与机动车管理,1.0,0.2538,False,3
2248,机动车涉嫌走私、被盗抢骗、非法生产销售、拼（组）装、非法改装的，不需进行调查。,驾驶证与机动车管理,0.4944,0.0053,True,3
2249,小型、微型自动挡载客汽车加装、拆除、更换肢体残疾人操纵辅助装置的，机动车所有人应在信息或事项变更后四十日内，向登记地车辆管理所申请变更备案。,驾驶证与机动车管理,1.0,0.3094,False,3
2250,对实现信息共享、网上核查的，申请人必须要提交相关证明凭证。,驾驶证与机动车管理,0.4998,0.0088,True,3
2251,公安机关交通管理部门应当积极推进与有关部门信息互联互通。,道路交通安全法律法规,0.5091,0.011,True,9
2252,机动车所有人在办理车辆登记业务时，可以使用电子签名。,驾驶证与机动车管理,1.0,0.269,False,3
2253,不属于规定免于安全技术检验的机动车，在申请注册登记时还应提交机动车安全技术检验合格证明。,驾驶证与机动车管理,1.0,0.2683,False,3
2254,检验合格标志电子凭证与纸质检验合格标志具有同等效力。,驾驶证与机动车管理,1.0,0.322,False,5
2255,组织、参与实施以欺骗、贿赂等不正当手段取得机动车驾驶证并牟取经济利益的，由公安机关交通管理部门处违法所得三倍以上五倍以下罚款，但最高不超过十万元。,道路交通安全法律法规,1.0,0.2609,False,2
2256,驾驶机动车在高速公路遇到能见度低于200米的气象条件时，最高车速是多少？,道路通行规则,1.0,0.3452,False,4
2257,申请公路超限运输许可时，隐瞒有关情况或者提供虚假材料，几年内不准申请公路超限运输许可？,其他与综合知识,1.0,0.4647,False,9
2258,驾驶校车在高速公路、城市快速路以外的道路上行驶超过规定时速百分之十以上未达到百分之二十的，一次记1分。,道路通行规则,1.0,0.3447,False,4
2259,高速公路前方发生了碰撞事故，货运驾驶员驾驶货车经过事故现场时看热闹，没注意前方路况，一眨眼功夫连撞了3辆车。造成这起事故的原因是什么？,紧急情况与事故处理,1.0,0.2297,False,8
2260,年龄在60岁以上持有准驾车型为大型货车的驾驶人，应当到车辆管理所换领准驾车型为小型汽车的驾驶证。,驾驶证与机动车管理,1.0,0.7339,False,3
2261,组织申请人在机动车驾驶人考试过程中作弊，情节严重构成犯罪的，会受到什么处罚？,道路交通安全法律法规,1.0,0.5684,False,2
2262,驾驶小型载客汽车载人超过核定人数百分之五十以上未达到百分之百的，一次记3分。,驾驶证与机动车管理,0.4856,0.0016,True,3
2263,在高速公路、城市快速路以外的道路上行驶超过规定时速50%以上的一次记3分。,道路通行规则,1.0,0.3574,False,4
2264,机动车驶离高速公路前，距出口＿＿＿处，即应不得再超越前车、向右变更车道，而应提前做好驶出准备。,道路通行规则,1.0,0.8996,False,4
2265,组织、参与实施以欺骗、贿赂等不正当手段取得机动车驾驶证并牟取经济利益的，由公安机关交通管理部门处违法所得三倍以上五倍以下罚款，但最高不超过十万元。,道路交通安全法律法规,1.0,0.2609,False,2
2266,再次饮酒后驾驶机动车的，不得申请大中型客车、大型货车。,道路交通安全法律法规,1.0,0.2564,False,3
2267,小型机动车驾驶人在—个记分周期内参加每次满分学习的天数最多为几天？,道路交通安全法律法规,1.0,0.2763,False,2
2268,再次饮酒后驾驶机动车的，不得申请大中型客车、大型货车。,道路交通安全法律法规,1.0,0.2564,False,3
2269,申请人以欺骗、贿赂等不正当手段取得校车驾驶资格，处两千元以下罚款，申请人在三年内不得再次申请校车驾驶资格。,道路交通安全法律法规,1.0,0.2602,False,2
2270,以下违法行为对应扣分错误的是什么？,道路交通安全法律法规,1.0,0.9852,False,2
2271,非营运小微型载客汽车（面包车除外）自注册登记之日起第6年、第10年进行安全技术检验，在10年内每两年向公安机关申领检验标志。,驾驶证与机动车管理,1.0,0.2817,False,3
2272,非营运小微型载客汽车自注册登记之日起10年内，每多长时间向公安交管部门申领一次检验标志？,驾驶证与机动车管理,1.0,0.2895,False,3
2273,非营运小微型载客汽车自注册登记之日起，超过几年的每年检验一次？,驾驶证与机动车管理,1.0,0.2761,False,3
2274,非营运小微型载客汽车自注册登记之日起超过10年的，每年检验一次，并向公安机关申领检验标志。,驾驶证与机动车管理,1.0,0.2865,False,3
2275,这个标志是何含义？,交通信号与标志标线,0.5529,0.0344,True,5
2276,这个标志是何含义？,交通信号与标志标线,0.5529,0.0344,True,5
2277,这个标志是何含义？,交通信号与标志标线,0.5529,0.0344,True,5
2278,这个标志是何含义？,交通信号与标志标线,0.5529,0.0344,True,5
2279,这个标志是何含义？,交通信号与标志标线,0.5529,0.0344,True,5
2280,这个标志是何含义？,交通信号与标志标线,0.5529,0.0344,True,5
2281,这个标志是何含义？,交通信号与标志标线,0.5529,0.0344,True,5
2282,这个标志是何含义？,交通信号与标志标线,0.5529,0.0344,True,5
2283,这个标志是何含义？,交通信号与标志标线,0.5529,0.0344,True,5
2284,这个标志是何含义？,交通信号与标志标线,0.5529,0.0344,True,5
2285,这个标志是何含义？,交通信号与标志标线,0.5529,0.0344,True,5
2286,这个标志是何含义？,交通信号与标志标线,0.5529,0.0344,True,5
2287,这个标志是何含义？,交通信号与标志标线,0.5529,0.0344,True,5
2288,这个标志是何含义？,交通信号与标志标线,0.5529,0.0344,True,5
2289,这个标志是何含义？,交通信号与标志标线,0.5529,0.0344,True,5
2290,这个标志是何含义？,交通信号与标志标线,0.5529,0.0344,True,5
2291,这个标志是何含义？,交通信号与标志标线,0.5529,0.0344,True,5
2292,这个标志是何含义？,交通信号与标志标线,0.5529,0.0344,True,5
2293,这个标志是何含义？,交通信号与标志标线,0.5529,0.0344,True,5
2294,这个标志是何含义？,交通信号与标志标线,0.5529,0.0344,True,5
2295,这个标志是何含义？,交通信号与标志标线,0.5529,0.0344,True,5
2296,这个标志是何含义？,交通信号与标志标线,0.5529,0.0344,True,5
2297,关于驾驶机动车牵引挂车，以下正确的说法是什么？,车辆结构与驾驶操作,0.487,0.0005,True,7
2298,机动车驾驶人在参加接受交通安全教育扣减交通违法行为记分中弄虚作假的，由公安机关交通管理部门撤销相应记分扣减记录，恢复相应记分，处多少元以下罚款？,道路交通安全法律法规,1.0,1.2208,False,2
2299,驾驶机动车在城市主干道不按规定掉头的，—次记多少分？,道路通行规则,1.0,0.2752,False,4
2300,这个标志是何含义？,交通信号与标志标线,0.5529,0.0344,True,5
2301,这个标志表示距离前方观景台还有300m。,交通信号与标志标线,0.4982,0.0052,True,5
2302,这个标志是何含义？,交通信号与标志标线,0.5529,0.0344,True,5
2303,这个标志是何含义？,交通信号与标志标线,0.5529,0.0344,True,5
2304,这个标志是何含义？,交通信号与标志标线,0.5529,0.0344,True,5
2305,这个标志是何含义？,交通信号与标志标线,0.5529,0.0344,True,5
2306,这个标志是何含义？,交通信号与标志标线,0.5529,0.0344,True,5
2307,这个标志是何含义？,交通信号与标志标线,0.5529,0.0344,True,5
2308,申请人隐瞒有关情况或者提供虚假材料申请校车驾驶资格的，申请人在—年内不得再次申请校车驾驶资格。,其他与综合知识,0.6029,0.0571,False,9
2309,在高速公路上车辆发生故障需要停车时，以下做法正确的是什么？,道路通行规则,1.0,0.3363,False,4
