q_id_a,q_id_b,semantic_similarity,lexical_similarity,level,polarity_difference,answer_conflict,title_a,title_b,answer_a,answer_b,correct_option_a,correct_option_b
17,570,1.0,1.0,完全重复,False,False,驾驶机动车与行人之间发生交通事故造成人身伤亡、财产损失的， 机动车—方没有过错的，不承担赔偿责任。,驾驶机动车与行人之间发生交通事故造成人身伤亡、财产损失的， 机动车—方没有过错的，不承担赔偿责任。,B,B,错误,错误
99,1066,1.0,1.0,完全重复,False,False,在学习驾驶证明有效期内，申请人科目三道路驾驶技能考试五次考试不合格，已考试合格的其他科目成绩作废。,在学习驾驶证明有效期内，申请人科目三道路驾驶技能考试五次考试不合格，已考试合格的其他科目成绩作废。,A,A,正确,正确
198,809,1.0,1.0,完全重复,False,False,机动车驾驶人造成致人轻伤以上或者死亡的交通事故后逃逸，尚不构成犯罪的，—次记12分。,机动车驾驶人造成致人轻伤以上或者死亡的交通事故后逃逸，尚不构成犯罪的，—次记12分。,A,A,正确,正确
230,368,1.0,1.0,完全重复,False,False,驾驶机动车在道路上掉头时， 应当提前开启左转向灯。,驾驶机动车在道路上掉头时， 应当提前开启左转向灯。,A,A,正确,正确
237,1932,1.0,1.0,完全重复,False,False,夜间在道路上会车时，距离对向来车多远将远光灯改用近光灯？,夜间在道路上会车时，距离对向来车多远将远光灯改用近光灯？,B,B,150米以外,150米以外
306,1730,1.0,1.0,完全重复,False,False,如图所示，A车具有优先通行权。,如图所示，A车具有优先通行权。,A,A,正确,正确
352,875,1.0,1.0,完全重复,False,False,驾驶小型汽车在高速公路、城市快速路上行驶超过规定时速50%以上的，—次记多少分？,驾驶小型汽车在高速公路、城市快速路上行驶超过规定时速50%以上的，—次记多少分？,D,D,12分,12分
420,1299,1.0,1.0,完全重复,False,False,这个标志是何含义？,这个标志是何含义？,B,B,提醒车辆驾驶人前方有向上的陡坡路段,提醒车辆驾驶人前方有向上的陡坡路段
573,1903,1.0,1.0,完全重复,False,False,机动车在道路上发生故障，需要停车排除时，驾驶人应该怎么办？,机动车在道路上发生故障，需要停车排除时，驾驶人应该怎么办？,C,C,将车停到不妨碍交通的地方,将车停到不妨碍交通的地方
759,953,1.0,1.0,完全重复,False,False,初次申请机动车驾驶证或者申请增加准驾车型的，科目—考试合格后，车辆管理所应当在3日内核发学习驾驶证明。,初次申请机动车驾驶证或者申请增加准驾车型的，科目—考试合格后，车辆管理所应当在3日内核发学习驾驶证明。,B,B,错误,错误
799,853,1.0,1.0,完全重复,False,False,以下哪项不属于轻型牵引挂车科目二考试内容？,以下哪项不属于轻型牵引挂车科目二考试内容？,A,A,侧方停车,侧方停车
1005,2255,1.0,1.0,完全重复,False,False,组织、参与实施以欺骗、贿赂等不正当手段取得机动车驾驶证并牟取经济利益的，由公安机关交通管理部门处违法所得三倍以上五倍以下罚款，但最高不超过十万元。,组织、参与实施以欺骗、贿赂等不正当手段取得机动车驾驶证并牟取经济利益的，由公安机关交通管理部门处违法所得三倍以上五倍以下罚款，但最高不超过十万元。,A,A,正确,正确
1005,2244,1.0,1.0,完全重复,False,False,组织、参与实施以欺骗、贿赂等不正当手段取得机动车驾驶证并牟取经济利益的，由公安机关交通管理部门处违法所得三倍以上五倍以下罚款，但最高不超过十万元。,组织、参与实施以欺骗、贿赂等不正当手段取得机动车驾驶证并牟取经济利益的，由公安机关交通管理部门处违法所得三倍以上五倍以下罚款，但最高不超过十万元。,A,A,正确,正确
1005,2265,1.0,1.0,完全重复,False,False,组织、参与实施以欺骗、贿赂等不正当手段取得机动车驾驶证并牟取经济利益的，由公安机关交通管理部门处违法所得三倍以上五倍以下罚款，但最高不超过十万元。,组织、参与实施以欺骗、贿赂等不正当手段取得机动车驾驶证并牟取经济利益的，由公安机关交通管理部门处违法所得三倍以上五倍以下罚款，但最高不超过十万元。,A,A,正确,正确
1069,2242,1.0,1.0,完全重复,False,False,申请大型客车驾驶证的申请人，应该在26周岁以上，50周岁以下。,申请大型客车驾驶证的申请人，应该在26周岁以上，50周岁以下。,B,B,错误,错误
1268,1269,1.0,1.0,完全重复,False,False,这个标志的含义是前方即将行驶至Y型交叉路口？,这个标志的含义是前方即将行驶至Y型交叉路口？,B,B,错误,错误
2159,2187,1.0,1.0,完全重复,False,False,以下哪种情况需要办理变更登记？,以下哪种情况需要办理变更登记？,D,D,机动车所有人的住所迁出登记地车辆管理所管辖区域的,机动车所有人的住所迁出登记地车辆管理所管辖区域的
2160,2188,1.0,1.0,完全重复,False,False,初次申领机动车号牌、行驶证的，应当向哪个车辆管理所申请？,初次申领机动车号牌、行驶证的，应当向哪个车辆管理所申请？,A,A,住所地车辆管理所,住所地车辆管理所
2162,2190,1.0,1.0,完全重复,False,False,以下哪种情况不需要办理变更登记？,以下哪种情况不需要办理变更登记？,D,D,增加机动车内饰,增加机动车内饰
2163,2191,1.0,1.0,完全重复,False,False,已注册登记的机动车，以下哪种情况应向登记地车辆管理所申请备案？,已注册登记的机动车，以下哪种情况应向登记地车辆管理所申请备案？,A,A,所有人电话号码变更的,所有人电话号码变更的
2164,2192,1.0,1.0,完全重复,False,False,已注册登记的机动车所有权发生转让的，现机动车所有人应当自交付之日起多少日内申请登记？,已注册登记的机动车所有权发生转让的，现机动车所有人应当自交付之日起多少日内申请登记？,C,C,三十日,三十日
2165,2193,1.0,1.0,完全重复,False,False,申请转让登记的，以下哪种资料不需要提供？,申请转让登记的，以下哪种资料不需要提供？,D,D,驾驶证,驾驶证
2166,2194,1.0,1.0,完全重复,False,False,以下哪种情形机动车所有人应申请办理注销登记？,以下哪种情形机动车所有人应申请办理注销登记？,B,B,机动车已达到国家强制报废标准的,机动车已达到国家强制报废标准的
2167,2195,1.0,1.0,完全重复,False,False,机动车所有人的住所迁出、迁入车辆管理所管辖区域的，应当向登记地车辆管理所申请什么登记？,机动车所有人的住所迁出、迁入车辆管理所管辖区域的，应当向登记地车辆管理所申请什么登记？,D,D,变更,变更
2168,2196,1.0,1.0,完全重复,False,False,机动车已达到国家强制报废标准的，申请注销登记时应将机动车怎么处理？,机动车已达到国家强制报废标准的，申请注销登记时应将机动车怎么处理？,A,A,交售给回收企业,交售给回收企业
2171,2199,1.0,1.0,完全重复,False,False,车辆管理所收到机动车所有人补领、换领机动车号牌的申请后，自受理之日起多少日内补发、换发号牌？,车辆管理所收到机动车所有人补领、换领机动车号牌的申请后，自受理之日起多少日内补发、换发号牌？,D,D,十五日,十五日
2172,2200,1.0,1.0,完全重复,False,False,补发、换发号牌期间，申请人可以申领有效期不超过多少日的临时行驶车号牌？,补发、换发号牌期间，申请人可以申领有效期不超过多少日的临时行驶车号牌？,D,D,十五日,十五日
2173,2201,1.0,1.0,完全重复,False,False,以下哪种情形会被公安机关交通管理部门处警告或者二百元以下罚款？,以下哪种情形会被公安机关交通管理部门处警告或者二百元以下罚款？,A,A,机动车喷涂、粘贴标识或者车身广告，影响安全驾驶的,机动车喷涂、粘贴标识或者车身广告，影响安全驾驶的
2174,2202,1.0,1.0,完全重复,False,False,机动车所有人联系方式变更的，应当在信息或者事项变更后多少日内，向登记地车辆管理所申请变更备案？,机动车所有人联系方式变更的，应当在信息或者事项变更后多少日内，向登记地车辆管理所申请变更备案？,D,D,三十日,三十日
2175,2203,1.0,1.0,完全重复,False,False,因质量问题退车的，机动车所有人应当向哪个车辆管理所申请注销登记？,因质量问题退车的，机动车所有人应当向哪个车辆管理所申请注销登记？,C,C,登记地,登记地
2176,2204,1.0,1.0,完全重复,False,False,机动车未达到国家强制报废标准，机动车所有人自愿报废的，机动车所有人应当向哪个车辆管理所申请注销登记？,机动车未达到国家强制报废标准，机动车所有人自愿报废的，机动车所有人应当向哪个车辆管理所申请注销登记？,C,C,登记地,登记地
2177,2205,1.0,1.0,完全重复,False,False,现机动车所有人住所不在车辆管理所管辖区域内的，转出地车辆管理所应当自受理之日起多少日内，查验机动车？,现机动车所有人住所不在车辆管理所管辖区域内的，转出地车辆管理所应当自受理之日起多少日内，查验机动车？,B,B,三日,三日
2178,2206,1.0,1.0,完全重复,False,False,机动车所有人收到机动车号牌之日起多少日后，临时行驶车号牌作废，不得继续使用？,机动车所有人收到机动车号牌之日起多少日后，临时行驶车号牌作废，不得继续使用？,C,C,三日,三日
2179,2207,1.0,1.0,完全重复,False,False,未取得机动车驾驶证驾驶机动车，发生负同等以上责任交通事故造成人员重伤或者死亡未满多少年的，不得申请机动车驾驶证？,未取得机动车驾驶证驾驶机动车，发生负同等以上责任交通事故造成人员重伤或者死亡未满多少年的，不得申请机动车驾驶证？,D,D,十年,十年
2180,2208,1.0,1.0,完全重复,False,False,驾驶机动车遇到窄桥路段，如相对方向的来车已经在桥上，应该怎么做？,驾驶机动车遇到窄桥路段，如相对方向的来车已经在桥上，应该怎么做？,A,A,减速靠右让其先行,减速靠右让其先行
2181,2211,1.0,1.0,完全重复,False,False,驾驶机动车在道路上行驶突然熄火，以下错误的做法是什么？,驾驶机动车在道路上行驶突然熄火，以下错误的做法是什么？,D,D,立即停车检修,立即停车检修
2182,2212,1.0,1.0,完全重复,False,False,驾驶机动车在道路上向右转弯时，以下说法正确的是？,驾驶机动车在道路上向右转弯时，以下说法正确的是？,A,A,提前开启右转向灯,提前开启右转向灯
2183,2209,1.0,1.0,完全重复,False,False,以下哪个位置可以掉头？,以下哪个位置可以掉头？,C,C,设有允许掉头标志,设有允许掉头标志
2184,2210,1.0,1.0,完全重复,False,False,下列说法正确的是什么？,下列说法正确的是什么？,B,B,驶离高速公路进入匝道时，应提前开启右转向灯,驶离高速公路进入匝道时，应提前开启右转向灯
2185,2213,1.0,1.0,完全重复,False,False,车辆停稳后，为了避免车辆溜动，应当使用以下哪个装置？,车辆停稳后，为了避免车辆溜动，应当使用以下哪个装置？,D,D,驻车制动器操作杆,驻车制动器操作杆
2244,2255,1.0,1.0,完全重复,False,False,组织、参与实施以欺骗、贿赂等不正当手段取得机动车驾驶证并牟取经济利益的，由公安机关交通管理部门处违法所得三倍以上五倍以下罚款，但最高不超过十万元。,组织、参与实施以欺骗、贿赂等不正当手段取得机动车驾驶证并牟取经济利益的，由公安机关交通管理部门处违法所得三倍以上五倍以下罚款，但最高不超过十万元。,A,A,正确,正确
2244,2265,1.0,1.0,完全重复,False,False,组织、参与实施以欺骗、贿赂等不正当手段取得机动车驾驶证并牟取经济利益的，由公安机关交通管理部门处违法所得三倍以上五倍以下罚款，但最高不超过十万元。,组织、参与实施以欺骗、贿赂等不正当手段取得机动车驾驶证并牟取经济利益的，由公安机关交通管理部门处违法所得三倍以上五倍以下罚款，但最高不超过十万元。,A,A,正确,正确
2255,2265,1.0,1.0,完全重复,False,False,组织、参与实施以欺骗、贿赂等不正当手段取得机动车驾驶证并牟取经济利益的，由公安机关交通管理部门处违法所得三倍以上五倍以下罚款，但最高不超过十万元。,组织、参与实施以欺骗、贿赂等不正当手段取得机动车驾驶证并牟取经济利益的，由公安机关交通管理部门处违法所得三倍以上五倍以下罚款，但最高不超过十万元。,A,A,正确,正确
2266,2268,1.0,1.0,完全重复,False,False,再次饮酒后驾驶机动车的，不得申请大中型客车、大型货车。,再次饮酒后驾驶机动车的，不得申请大中型客车、大型货车。,A,A,正确,正确
133,134,0.9987,0.94,高度疑似重复,False,False,驾驶人未携带哪种证件驾驶机动车上路，交通警察可依法扣留车辆？,驾驶人未携带哪种证件驾驶机动车上路，交通警察可依法扣留车辆？,A,D,机动车驾驶证,机动车行驶证
2158,2186,0.9984,1.0,完全重复,False,False,申请人办理机动车登记提交的证明、凭证齐全、有效的，公安机关交通管理部门应当()办理登记手续。,申请人办理机动车登记提交的证明、凭证齐全、有效的，公安机关交通管理部门应当（）办理登记手续。,D,D,当场,当场
986,2261,0.9981,0.8395,高度疑似重复,False,False,组织申请人在机动车驾驶人考试过程中作弊，情节严重构成犯罪的，会受到什么处罚？,组织申请人在机动车驾驶人考试过程中作弊，情节严重构成犯罪的，会受到什么处罚？,C,B,处三年以上七年以下有期徒刑,处三年以上七年以下有期徒刑
2170,2198,0.9969,1.0,完全重复,False,False,办理机动车变更登记、转让登记或者注销登记后，原机动车所有人重新申请机动车登记时，若想使用原机动车号牌号码，应满足以下哪项条件？,办理机动车变更登记、转让登记或者注销登记后，原机动车所有人重新申请机动车登记时，若想使用原机动车号牌号码，应满足以下哪项条件？,C,C,涉及原机动车的道路交通安全违法行为和交通事故处理完毕,涉及原机动车的道路交通安全违法行为和交通事故处理完毕
88,708,0.9965,0.9726,高度疑似重复,False,False,提供虚假材料申领驾驶证的申请人会承担下列哪种法律责任？,提供虚假材料申请驾驶证的申请人会承担下列哪种法律责任？,C,C,1年内不得再次申领驾驶证,1年内不得再次申领驾驶证
885,2236,0.9962,0.9955,高度疑似重复,False,False,驾驶人有下列哪种违法行为—次记6分？,驾驶人有下列哪种违法行为一次记6分？,C,C,造成致人轻微伤或者财产损失的交通事故后逃逸，尚不构成犯罪的,造成致人轻微伤或者财产损失的交通事故后逃逸，尚不构成犯罪 的
846,858,0.9945,0.9663,高度疑似重复,False,True,报考小型汽车准驾车型科目三考试的，应在取得驾驶技能准考证明满多少日后预约？,报考小型自动挡汽车准驾车型科目三考试的，应在取得驾驶技能准考证明满多少日后预约？,C,B,30,20
444,2256,0.9935,0.9467,高度疑似重复,False,False,驾驶机动车在高速公路遇到能见度低于200米的气象条件时，最高车速是多少？,驾驶机动车在高速公路遇到能见度低于200米的气象条件时，最高车速是多少？,D,A,不得超过60公里/小时,不得超过60公里／小时
42,47,0.993,0.963,高度疑似重复,False,False,驾驶人在驾驶证核发地车辆管理所管辖区以外居住的，可以向居住地车辆管理所申请换证。,驾驶人在核发地车辆管理所管辖区以外居住的，可以向居住地车辆管理所申请换证。,A,A,正确,正确
848,859,0.9929,0.962,高度疑似重复,False,True,报考小型自动挡汽车准驾车型科目三考试的，在取得驾驶技能准考证明满30日后预约。,报考小型汽车准驾车型科目三考试的，在取得驾驶技能准考证明满30日后预约。,B,A,错误,正确
2161,2189,0.9902,1.0,完全重复,False,False,申请机动车注册登记时，以下哪项材料不需要提交,申请机动车注册登记时，以下哪项材料不需要提交？,D,D,行驶证,行驶证
103,744,0.989,0.9778,高度疑似重复,False,True,小型手动挡汽车科目二考试内容包括倒车入库、坡道定点停车和起步、侧方停车、曲线行驶、直角转弯。,小型自动挡汽车科目二考试内容包括倒车入库、坡道定点停车和起步、侧方停车、曲线行驶、直角转弯。,A,B,正确,错误
146,780,0.9879,0.8857,高度疑似重复,False,False,驾驶人将机动车交给驾驶证被吊销的人驾驶的，交通警察依法扣留驾驶证。,将机动车交给驾驶证被吊销的人驾驶的，交通警察可以依法扣留其行驶证。,A,B,正确,错误
901,902,0.9872,0.9024,高度疑似重复,True,True,机动车驾驶人累积记分未达到12分的，还可以处理其驾驶的其他机动车的交通违法行为记录。,机动车驾驶人累积记分满12分的，还可以处理其他机动车的交通违法行为记录。,A,B,正确,错误
305,1726,0.9868,0.9412,高度疑似重复,False,False,如图所示，B车具有优先通行权。,如图所示，B车具有优先通过权。,B,B,错误,错误
2169,2197,0.9867,0.9524,高度疑似重复,False,False,以下哪种情形已注册登记的机动车会被车辆管理所注销？,以下哪种情形已注册登记的机动车会被车辆管理所注销？以内,C,C,机动车登记被依法撤销的,机动车登记被依法撒销的
304,1728,0.9833,0.9412,高度疑似重复,False,False,如图所示，A车具有优先通行权。,如图所示，A车具有优先通过权。,B,B,错误,错误
952,955,0.9831,0.9259,高度疑似重复,False,True,B2表示哪种准驾车型？,B1表示哪种车型？,B,C,大型货车,中型客车
1572,1573,0.983,0.7442,高度疑似重复,False,False,当驾驶车辆行经两侧有行人且有积水的路面时，应怎样做？,当驾驶车辆行经两侧有非机动车行驶且有积水的路面时，应怎样做？,C,A,减速慢行,减速慢行
642,661,0.9816,0.8333,高度疑似重复,False,False,驾驶人未取得驾驶证或者醉酒驾驶机动车，导致发生道路交通事故，保险公司不承担赔偿责任。,驾驶人未取得驾驶资格或者醉酒驾驶机动车，发生道路交通事故的，造成受害人的财产损失，保险公司不承担赔偿责任。,A,A,正确,正确
901,1001,0.9813,0.8608,高度疑似重复,False,False,机动车驾驶人累积记分未达到12分的，还可以处理其驾驶的其他机动车的交通违法行为记录。,累积记分未满12分，可以处理其驾驶的其他机动车的交通违法行为记录。,A,A,正确,正确
787,838,0.9805,0.9296,高度疑似重复,False,False,驾驶小型汽车在高速公路行驶，超过规定时速20%但不到50%的，一次记2分。,驾驶小型汽车在—般道路行驶，超过规定时速20%但不到50%的 ，一次记2分。,B,B,错误,错误
1015,2241,0.98,0.96,高度疑似重复,False,False,满20周岁的，不可以初次申请以下哪种准驾车型？,年满20周岁的，不可以申请以下哪种准驾车型？,B,B,大型客车,大型客车
36,671,0.9793,0.8298,高度疑似重复,False,False,机动车驾驶证遗失、损毁无法辨认时，机动车驾驶人应当向机动车驾驶证核发地车辆管理所申请补发。,机动车驾驶证遗失的，机动车驾驶人应当向机动车驾驶证核发地或者核发地以外的车辆管理所申请补发。,A,A,正确,正确
902,1001,0.9787,0.8219,高度疑似重复,True,False,机动车驾驶人累积记分满12分的，还可以处理其他机动车的交通违法行为记录。,累积记分未满12分，可以处理其驾驶的其他机动车的交通违法行为记录。,B,A,错误,正确
327,328,0.9785,0.8974,高度疑似重复,False,False,同车道行驶的车辆遇前车有下列哪种情形时不得超车？,同车道行驶的车辆遇前车有下列哪种情形时不得超车？,D,C,正在超车,正在掉头
1522,1838,0.9784,0.7536,高度疑似重复,False,False,车辆通过铁路道口时，应用低速挡安全通过，中途不得换挡，以避免发动机熄火。,车辆通过铁路道口前，换入低速挡，不得中途换挡，避免导致发动机熄火。,A,A,正确,正确
186,187,0.9783,0.7034,高度疑似重复,False,False,驾驶人违反交通运输管理法规发生重大事故致人重伤、死亡，可能会受到什么刑罚？,驾驶人违反交通运输管理法规发生重大事故使公私财产遭受重大损失，可能会受到什么刑罚？,A,B,处3年以下徒刑或者拘役,处3年以下徒刑或者拘役
333,334,0.9777,0.7385,高度疑似重复,False,False,驾驶机动车行经下列哪种路段不得超车？,驾驶机动车行经下列哪种路段时不得超车？,C,B,人行横道,交叉路口
352,883,0.9767,0.881,高度疑似重复,False,False,驾驶小型汽车在高速公路、城市快速路上行驶超过规定时速50%以上的，—次记多少分？,驾驶小型汽车在普通公路上行驶，超过规定时速50%以上的，一次记多少分？,D,B,12分,6分
834,2219,0.9767,0.8837,高度疑似重复,False,False,驾驶小型汽车在高速公路行驶，超过规定时速20%以上，未达50%的，一次记多少分？,驾驶小型汽车的高速公路上行驶超过规定时速的20%未达50%的，一次记多少分？,B,C,6分,6分
875,883,0.9767,0.881,高度疑似重复,False,False,驾驶小型汽车在高速公路、城市快速路上行驶超过规定时速50%以上的，—次记多少分？,驾驶小型汽车在普通公路上行驶，超过规定时速50%以上的，一次记多少分？,D,B,12分,6分
668,672,0.9766,0.881,高度疑似重复,False,False,机动车所有人将机动车作为抵押物抵押的，应当向登记地车辆管理所申请抵押登记。,机动车所有人将机动车作为抵押物抵押的，机动车所有人应当向居住地车辆管理所申请抵押登记。,A,B,正确,错误
786,892,0.9764,0.7188,高度疑似重复,False,False,上道路行驶的机动车不按规定安装机动车号牌的，一次记12分。,驾驶不按规定安装机动车号牌的机动车上道路行驶的，一次记12分。,B,B,错误,错误
201,205,0.9763,0.7234,高度疑似重复,False,False,交通肇事致一人以上重伤，负事故全部或者主要责任，并具有下列哪种行为的，构成交通肇事罪?,交通肇事致一人以上重伤，负事故全部或者主要责任，并具有下列哪种行为的，构成交通肇事罪?,A,C,无驾驶资格驾驶机动车辆的,明知是无牌证或者已报废的机动车辆而驾驶的
42,649,0.9762,0.85,高度疑似重复,False,False,驾驶人在驾驶证核发地车辆管理所管辖区以外居住的，可以向居住地车辆管理所申请换证。,驾驶人在驾驶证核发地车辆管理所管辖区以外居住的，可以向政务大厅申请换证。,A,B,正确,错误
882,887,0.9752,0.8861,高度疑似重复,False,False,驾驶小型汽车在高速公路上行驶，超过规定时速20%以上未达到50%的，一次记6分。,驾驶小型汽车在一般道路上行驶超过规定时速20%以上未达50%以上的，一次记6分。,A,B,正确,错误
36,741,0.975,0.7792,高度疑似重复,False,False,机动车驾驶证遗失、损毁无法辨认时，机动车驾驶人应当向机动车驾驶证核发地车辆管理所申请补发。,机动车驾驶证遗失、损毁无法辨认时，应当向车辆管理所申请补领。,A,A,正确,正确
198,816,0.9749,0.8046,高度疑似重复,False,False,机动车驾驶人造成致人轻伤以上或者死亡的交通事故后逃逸，尚不构成犯罪的，—次记12分。,驾驶机动车造成致人轻微伤或者财产损失的交通事故后逃逸，尚不构成犯罪的，将会被—次记12分。,A,B,正确,错误
809,816,0.9749,0.8046,高度疑似重复,False,False,机动车驾驶人造成致人轻伤以上或者死亡的交通事故后逃逸，尚不构成犯罪的，—次记12分。,驾驶机动车造成致人轻微伤或者财产损失的交通事故后逃逸，尚不构成犯罪的，将会被—次记12分。,A,B,正确,错误
188,189,0.9746,0.8205,高度疑似重复,False,False,驾驶人违反交通运输管理法规发生重大事故致人重伤的可能判处3年以下徒刑或拘役。,驾驶人违反交通运输管理法规发生重大事故致人死亡的处3年以上有期徒刑。,A,B,正确,错误
815,834,0.9742,0.9318,高度疑似重复,False,False,驾驶小型汽车在城市快速路上行驶超过规定时速20%以上未达50%的，一次记多少分？,驾驶小型汽车在高速公路行驶，超过规定时速20%以上，未达50%的，一次记多少分？,B,B,6分,6分
188,190,0.9741,0.8409,高度疑似重复,False,False,驾驶人违反交通运输管理法规发生重大事故致人重伤的可能判处3年以下徒刑或拘役。,驾驶人违反交通运输管理法规发生重大事故使公私财产遭受重大损失的可能处3年以下徒刑或拘役。,A,A,正确,正确
101,762,0.974,0.9302,高度疑似重复,False,True,申请人在考试过程中有贿赂、舞弊行为的，取消考试资格，已经通过考试的其他科目成绩无效。,申请人在考试过程中有贿赂、舞弊行为的，取消考试资格，已经通过考试的其他科目成绩予以保留。,A,B,正确,错误
204,205,0.9736,0.8662,高度疑似重复,False,False,交通肇事致一人以上重伤，负事故全部或者主要责任，并具有下列哪种行为的，构成交通肇事罪?,交通肇事致一人以上重伤，负事故全部或者主要责任，并具有下列哪种行为的，构成交通肇事罪?,C,C,明知是安全装置不全或者安全机件失灵的机动车辆而驾驶的,明知是无牌证或者已报废的机动车辆而驾驶的
644,1042,0.9732,0.8286,高度疑似重复,True,False,在道路上车辆发生故障、事故停车后，不按规定设置警告标志，一次记1分。,驾驶机动车在道路上发生故障，停车后未按规定设置警告标志的，一次记1分。,B,B,错误,错误
47,649,0.9728,0.8052,高度疑似重复,False,False,驾驶人在核发地车辆管理所管辖区以外居住的，可以向居住地车辆管理所申请换证。,驾驶人在驾驶证核发地车辆管理所管辖区以外居住的，可以向政务大厅申请换证。,A,B,正确,错误
222,1809,0.9726,0.8762,高度疑似重复,False,False,驾驶机动车在道路上靠路边停车过程中如何使用灯光？,驾驶机动车在路上靠边停车，应如何使用灯光？,D,D,提前开启右转向灯,提前开启右转向灯
2149,2156,0.9723,0.7778,高度疑似重复,False,False,伤员骨折处出血时，要先固定，然后止血和包扎伤口。,受伤人员骨折处出血时，要先固定好肢体再进行止血和包扎。,B,B,错误,错误
962,968,0.9721,0.9014,高度疑似重复,True,True,机动车驾驶人在—个记分周期内累积记满36分的，在道路交通安全法律、法规和相关知识考试合格后，应当按照规定预约参加场地驾驶技能和道路驾驶技能考试。,机动车驾驶人在一个记分周期内累积记分满24分未满36分的，在道路交通安全法律、法规和相关知识考试合格后，应当按照规定预约参加场地驾驶技能考试。,A,B,正确,错误
4,7,0.9718,0.6769,高度疑似重复,False,False,驾驶机动车违反道路交通安全法律法规发生交通事故属于交通违章行为。,驾驶机动车在道路上违反交通安全法规的行为属于违法行为。,B,A,错误,正确
330,331,0.9718,0.8605,高度疑似重复,False,False,同车道行驶的车辆前方遇到下列哪种车辆不得超车？,同车道行驶的车辆前方遇到下列哪种车辆不得超车？,C,B,执行任务的救护车,执行任务的消防车
189,190,0.9717,0.7143,高度疑似重复,False,False,驾驶人违反交通运输管理法规发生重大事故致人死亡的处3年以上有期徒刑。,驾驶人违反交通运输管理法规发生重大事故使公私财产遭受重大损失的可能处3年以下徒刑或拘役。,B,A,错误,正确
1798,1829,0.9716,0.6018,高度疑似重复,False,False,驾驶机动车在高速公路上遇前方车流缓行时，以下做法正确的是什么？,驾驶机动车在高速公路上行驶遇前方车流行驶缓慢时，应该怎么做？,A,C,跟随车流行驶，保持安全车距,跟随车流行驶，保持安全车距
1664,1804,0.9714,0.9348,高度疑似重复,False,True,车辆在高速公路以每小时100公里的速度行驶时，距同车道前车100米以上为安全距离。,车辆在高速公路以低于每小时100公里的速度行驶时，距同车道前车最低保持100米以上为安全距离。,A,B,正确,错误
274,281,0.97,0.8,高度疑似重复,True,False,驾驶机动车在没有中心线的城市道路上，最高速度不能超过每小时50公里。,驾驶机动车在没有划分道路中心线的城市道路上行驶速度不得超过50公里/小时。,B,B,错误,错误
151,1032,0.9689,0.8155,高度疑似重复,False,False,机动车驾驶人初次取得汽车类或者摩托车类准驾车型的实习期是多长时间？,机动车驾驶人初次取得汽车类准驾车型或者初次取得摩托车类准驾车型后的实习期是多长时间？,B,C,12个月,12个月
1629,1631,0.9686,0.75,高度疑似重复,True,False,变更车道时只需开启转向灯，便可迅速转向驶入相应的行车道。,变更车道时只需开启转向灯，并迅速转向驶入相应的车道，以不妨碍同车道机动车正常行驶。,B,B,错误,错误
827,1939,0.9684,0.7229,高度疑似重复,False,False,有下列哪种违法行为的机动车驾驶人将被一次记9分？,以下哪种行为机动车驾驶人将被—次记9分？,A,D,驾驶故意污损号牌的机动车上道路行驶,驾驶与准驾车型不符的机动车的
797,852,0.9683,0.875,高度疑似重复,False,False,已持有C1/C2准驾车型增加C6准驾车型的，应当考试科目二和科目三。,已持有C1/C2准驾车型增加C6准驾车型的，应当考试科目二和科目三安全文明驾驶常识理论。,B,A,错误,正确
578,778,0.9679,0.963,高度疑似重复,True,False,已经达到报废标准的机动车经大修后可以上路行驶。,已经达到报废标准的机动车经大修后也不可以上路行驶。,B,A,错误,正确
545,674,0.9668,0.8667,高度疑似重复,False,False,驾驶机动车碰撞建筑物、公共设施后可即行撤离现场。,驾驶机动车碰撞建筑物、公共设施后，只要没有人员伤亡，可即行撤离现场。,B,B,错误,错误
982,2234,0.9651,0.8842,高度疑似重复,False,False,驾驶7座以上载客汽车载人超过核定人数百分之二十以上未达到百分之五十的，一次记多少分？,驾驶7座以下载客汽车载人超过核定人数百分之二十以上未达百分之五十的，一次记记分？,D,C,6分,3分
59,64,0.9645,0.6585,高度疑似重复,True,False,已注册登记的机动车，改变机动车车身颜色的应到公安交通管理部门申请变更登记。,已注册登记的机动车，改变车身颜色，机动车所有人不需要向登记地车辆管理所申请变更登记。,A,B,正确,错误
329,331,0.9637,0.7674,高度疑似重复,False,False,同车道行驶的车辆前方遇到下列哪种车辆不得超车？,同车道行驶的车辆前方遇到下列哪种车辆不得超车？,A,B,执行任务的警车,执行任务的消防车
551,558,0.9636,0.9167,高度疑似重复,True,False,机动车发生财产损失交通事故，对应当自行撤离现场而未撤离的，交通警察不可以责令当事人撤离现场。,机动车发生轻微财产损失的交通事故，对应当自行撤离现场而未撤离的，交通警察有权责令当事人撤离现场。,B,A,错误,正确
1627,1628,0.9633,0.8571,高度疑似重复,False,False,驾驶车辆变更车道时，应提前开启转向灯，注意观察，保持安全距离，驶入要变更的车道。,驾驶车辆向右变更车道时，应提前开启右转向灯，注意观察，在确保安全的情况下，驶入要变更的车道。,A,A,正确,正确
318,321,0.9632,0.6296,高度疑似重复,False,False,驾驶机动车在道路上超车完毕驶回原车道时开启右转向灯。,驾驶机动车超车后立即开启右转向灯驶回原车道。,A,B,正确,错误
137,140,0.9631,0.7937,高度疑似重复,False,False,对使用其他车辆号牌、行驶证的车辆，交通警察可依法予以扣留。,驾驶人有使用其他车辆号牌、行驶证嫌疑的，交通警察可依法扣留车辆。,A,A,正确,正确
813,1016,0.9624,0.6722,高度疑似重复,False,False,驾驶人有下列哪种违法行为—次记9分？,驾驶人有下列哪种违法行为一次记9分？,A,A,驾驶7座以上载客汽车载人超过核定人数百分之五十以上未达到百分之百的,驾驶7座以上载客汽车载人超过核定人数百分之五十以上未达到百分之百的
658,1688,0.9621,0.8302,高度疑似重复,True,False,机动车驾驶证被暂扣期间驾驶机动车的，由公安机关交通管理部门处两百元以上二千元以下罚款，可以并处以下哪种处罚？,将机动车交由未取得机动车驾驶证的人驾驶的，由公安交通管理部门处二百元以上二千元以下罚款，可以并处以下哪种处罚？,A,B,15日以下拘留,吊销驾驶证
795,944,0.962,0.6263,高度疑似重复,False,False,申请增加准驾车型的，申请人应向哪里的车辆管理所申领机动车驾驶证？,申请增加准驾车型的，机动车驾驶人应当向哪里的车辆管理所申请？,D,A,所持驾驶证核发地,核发地
354,2231,0.9615,0.8056,高度疑似重复,False,False,下列哪种行为会受到200元以上2000元以下罚款，并处吊销机动车驾驶证？,下列哪种行为会受到200元以上2000元以下罚款，并处吊销机动车驾驶证？,B,D,超过规定时速50%,将机动车交由未取得机动车驾驶证的人驾驶的
937,1001,0.9613,0.8358,高度疑似重复,True,False,累积记分满12分的，不得再处理其他机动车的交通违法行为记录。,累积记分未满12分，可以处理其驾驶的其他机动车的交通违法行为记录。,A,A,正确,正确
1494,1495,0.9609,0.7164,高度疑似重复,False,False,雾天行车多使用喇叭可引起对方注意；听到对方车辆鸣喇叭，也应鸣喇叭回应。,雾天行车，听到对方车辆鸣喇叭，也应鸣喇叭回应，以提示对方车辆。,A,A,正确,正确
38,43,0.9599,0.7857,高度疑似重复,False,False,机动车登记证书、号牌、行驶证灭失、丢失或者损毁的，机动车所有人应当向居住地车辆管理所申请补领、换领。,机动车行驶证灭失、丢失，机动车所有人要向登记地车辆管理所申请补领、换领。,B,A,错误,正确
199,201,0.9599,0.7907,高度疑似重复,False,False,交通肇事致一人以上重伤，负事故全部或者主要责任，并具有下列哪种行为的，构成交通肇事罪?,交通肇事致一人以上重伤，负事故全部或者主要责任，并具有下列哪种行为的，构成交通肇事罪?,B,A,严重超载驾驶的,无驾驶资格驾驶机动车辆的
329,330,0.9595,0.7674,高度疑似重复,False,False,同车道行驶的车辆前方遇到下列哪种车辆不得超车？,同车道行驶的车辆前方遇到下列哪种车辆不得超车？,A,C,执行任务的警车,执行任务的救护车
1379,1602,0.9589,0.7339,高度疑似重复,False,False,驾驶的车辆正在被其他车辆超越时，若此时后方有跟随行驶的车辆，应怎样做？,驾驶的车辆正在被其他车辆超越时，应怎样做？,B,B,稍向右侧行驶，保证横向安全距离,减速，靠右侧行驶
787,882,0.9584,0.88,高度疑似重复,True,False,驾驶小型汽车在高速公路行驶，超过规定时速20%但不到50%的，一次记2分。,驾驶小型汽车在高速公路上行驶，超过规定时速20%以上未达到50%的，一次记6分。,B,A,错误,正确
1627,1721,0.9575,0.7342,高度疑似重复,False,False,驾驶车辆变更车道时，应提前开启转向灯，注意观察，保持安全距离，驶入要变更的车道。,在高速公路变更车道时，应提前开启转向灯，观察情况，确认安全后，驶入需要变更的车道。,A,A,正确,正确
201,204,0.9572,0.6892,语义相似待复核,False,False,交通肇事致一人以上重伤，负事故全部或者主要责任，并具有下列哪种行为的，构成交通肇事罪?,交通肇事致一人以上重伤，负事故全部或者主要责任，并具有下列哪种行为的，构成交通肇事罪?,A,C,无驾驶资格驾驶机动车辆的,明知是安全装置不全或者安全机件失灵的机动车辆而驾驶的
353,2263,0.957,0.8421,高度疑似重复,False,False,驾驶小型汽车在高速公路、城市快速路上行驶超过规定时速50%以上的，—次记3分。,在高速公路、城市快速路以外的道路上行驶超过规定时速50%以上的一次记3分。,B,B,错误,错误
470,474,0.957,0.7955,高度疑似重复,False,False,高速公路上车辆发生故障后，开启危险报警闪光灯和摆放警告标志的作用是警告后续车辆注意避让。,高速公路上车辆发生故障后，开启危险报警闪光灯和摆放警告标志是为了向其他车辆求助。,A,B,正确,错误
555,767,0.9568,0.7213,高度疑似重复,False,False,驾驶机动车在高速公路要按照限速标志标明的车速行驶。,驾驶机动车在高速公路行驶时，要严格按照车载导航指示的车速行驶。,A,B,正确,错误
815,2219,0.9568,0.8409,高度疑似重复,False,False,驾驶小型汽车在城市快速路上行驶超过规定时速20%以上未达50%的，一次记多少分？,驾驶小型汽车的高速公路上行驶超过规定时速的20%未达50%的，一次记多少分？,B,C,6分,6分
704,863,0.9566,0.7126,语义相似待复核,False,False,申请机动车驾驶证年龄在70周岁以上的人，需要进行记忆力、判断力、反应力等能力测试。,年龄在70周岁以上的机动车驾驶人审验时还应当按照规定进行记忆力、判断力、反应力等能力测试。,A,A,正确,正确
902,937,0.9564,0.8286,高度疑似重复,True,False,机动车驾驶人累积记分满12分的，还可以处理其他机动车的交通违法行为记录。,累积记分满12分的，不得再处理其他机动车的交通违法行为记录。,B,A,错误,正确
199,204,0.9556,0.7448,高度疑似重复,False,False,交通肇事致一人以上重伤，负事故全部或者主要责任，并具有下列哪种行为的，构成交通肇事罪?,交通肇事致一人以上重伤，负事故全部或者主要责任，并具有下列哪种行为的，构成交通肇事罪?,B,C,严重超载驾驶的,明知是安全装置不全或者安全机件失灵的机动车辆而驾驶的
1101,1154,0.9556,0.7222,高度疑似重复,False,False,指示标志的作用是什么？,指路标志的作用是什么？,B,C,指示车辆、行人行进,提供方向信息
8,110,0.9543,0.7576,高度疑似重复,False,False,伪造、变造机动车驾驶证构成犯罪的将被依法追究刑事责任。,伪造、变造或者使用伪造、变造驾驶证的驾驶人构成犯罪的，将依法追究刑事责任。,A,A,正确,正确
198,880,0.9536,0.7273,高度疑似重复,False,False,机动车驾驶人造成致人轻伤以上或者死亡的交通事故后逃逸，尚不构成犯罪的，—次记12分。,造成交通事故后逃逸，尚不构成犯罪的，记12分。,A,B,正确,错误
809,880,0.9536,0.7273,高度疑似重复,False,False,机动车驾驶人造成致人轻伤以上或者死亡的交通事故后逃逸，尚不构成犯罪的，—次记12分。,造成交通事故后逃逸，尚不构成犯罪的，记12分。,A,B,正确,错误
837,843,0.9536,0.7955,高度疑似重复,False,False,驾驶机动车在高速公路或者城市快速路以外的道路上行驶时，未按规定系安全带的，一次记多少分？,驾驶人驾驶机动车在道路上行驶，未按规定系安全带的，一次记多少分？,A,A,1分,1分
101,912,0.9535,0.8842,高度疑似重复,False,False,申请人在考试过程中有贿赂、舞弊行为的，取消考试资格，已经通过考试的其他科目成绩无效。,申请人在考试过程中有贿赂、舞弊行为的，取消考试资格，已经通过考试的其他科目成绩无效，并处1000元以下罚款。,A,B,正确,错误
43,741,0.9531,0.597,语义相似待复核,False,False,机动车行驶证灭失、丢失，机动车所有人要向登记地车辆管理所申请补领、换领。,机动车驾驶证遗失、损毁无法辨认时，应当向车辆管理所申请补领。,A,A,正确,正确
826,1938,0.9523,0.7451,高度疑似重复,False,False,有下列哪种违法行为的机动车驾驶人将被一次记6分？,以下哪种违法行为的机动车驾驶人将被一次记6分？,C,C,驾驶机动车不按交通信号灯指示通行的,驾驶机动车违反道路交通信号灯
36,43,0.9522,0.5854,语义相似待复核,False,False,机动车驾驶证遗失、损毁无法辨认时，机动车驾驶人应当向机动车驾驶证核发地车辆管理所申请补发。,机动车行驶证灭失、丢失，机动车所有人要向登记地车辆管理所申请补领、换领。,A,A,正确,正确
472,1663,0.952,0.6441,语义相似待复核,True,False,驾驶机动车在高速公路上发生故障，需要停车排除故障时，若能将机动车移至应急车道内，则不需要开启危险报警闪光灯。,驾驶机动车在高速公路上车辆发生故障时，若车辆可以移动至应急车道内，只需开启危险报警闪光灯，警告标志可根据交通流情况选择是否放置。,B,B,错误,错误
199,205,0.9516,0.7536,高度疑似重复,False,False,交通肇事致一人以上重伤，负事故全部或者主要责任，并具有下列哪种行为的，构成交通肇事罪?,交通肇事致一人以上重伤，负事故全部或者主要责任，并具有下列哪种行为的，构成交通肇事罪?,B,C,严重超载驾驶的,明知是无牌证或者已报废的机动车辆而驾驶的
673,842,0.9507,0.8052,高度疑似重复,False,False,驾驶机动车在高速公路或者城市快速路上不按规定车道行驶的，将被—次记多少分？,驾驶机动车在高速公路上不按规定车道行驶的，一次记多少分？,C,C,3分,3分
1653,1892,0.9505,0.9787,高度疑似重复,True,False,车辆在高速公路上行车，可以频繁地变更车道。,车辆在高速公路上行车，不可以频繁地变更车道。,B,A,错误,正确
324,327,0.9495,0.4524,语义相似待复核,True,False,驾驶机动车在下列哪种情形下不能超越前车？,同车道行驶的车辆遇前车有下列哪种情形时不得超车？,B,D,前车正在左转弯,正在超车
1024,1691,0.9494,0.8993,高度疑似重复,False,False,申请人以欺骗、贿赂等不正当手段取得机动车驾驶证的，公安机关交通管理部门收缴机动车驾驶证，撤销机动车驾驶许可，处二干元以下罚款；申请人在三年内不得再次申领机动车驾驶证。,申请人以不正当手段取得机动车驾驶证的，公安机关交通管理部门收缴机动车驾驶 证， 撤销机动车驾驶许可，申请人在3年内不得再次申领机动车驾驶证。,A,A,正确,正确
185,1692,0.9492,0.7071,语义相似待复核,False,False,"造成交通事故后逃逸且构成犯罪的驾驶人,将吊销驾驶证且终生不得重新取得驾驶证。",驾驶机动车造成重大交通事故后逃逸，构成犯罪的，由公安机关交通管理部门吊销机动车驾驶证，且终生不得重新取得机动车驾驶证。,A,A,正确,正确
988,989,0.9491,0.8906,高度疑似重复,False,False,驾驶校车、中型以上载客载货汽车、危险物品运输车辆以外的机动车在高速公路、城市快速路以外的道路上行驶超过规定时速60%的，一次记6分。,驾驶校车、中型以上载客载货汽车、危险物品运输车辆以外的机动车在高速公路、城市快速路上行驶超过规定时速百分之五十以上的，一次记6分。,A,B,正确,错误
477,480,0.9487,0.7941,高度疑似重复,False,False,驾驶机动车遇到漫水桥时要察明水情确认安全后再低速通过。,驾驶机动车行径漫水路或者漫水桥时，应当停车察明水情确认安全后再低速通过。,A,A,正确,正确
529,1827,0.9486,0.8936,高度疑似重复,False,False,机动车上路行驶时，前排乘车人可不系安全带。,驾驶机动车上路行驶，后排乘车人可不系安全带。,B,B,错误,错误
105,109,0.9485,0.6364,语义相似待复核,True,False,有吸食、注射毒品后驾驶驾车行为的机动车驾驶人，不会被注销驾驶证。,驾驶人吸食或注射毒品后驾驶机动车的，一经查获，其驾驶证将被注销。,B,A,错误,正确
671,741,0.9482,0.5823,语义相似待复核,False,False,机动车驾驶证遗失的，机动车驾驶人应当向机动车驾驶证核发地或者核发地以外的车辆管理所申请补发。,机动车驾驶证遗失、损毁无法辨认时，应当向车辆管理所申请补领。,A,A,正确,正确
193,194,0.9479,0.7609,高度疑似重复,False,False,驾驶人违反交通运输管理法规发生重大事故后，逃逸或者有其他特别恶劣情节的，处7年以上有期徒刑。,驾驶人违反交通运输管理法规发生重大事故后，因逃逸致人死亡的，处3年以上7年以下有期徒刑。,B,B,错误,错误
275,282,0.9474,0.7467,高度疑似重复,False,False,驾驶机动车在没有中心线的公路上，最高速度不能超过每小时70公里。,驾驶机动车在同方向只有1条机动车道的城市道路，最高速度不能超过每小时70公里。,B,B,错误,错误
1080,1101,0.9471,0.6301,语义相似待复核,False,False,禁令标志的作用是什么？,指示标志的作用是什么？,A,B,禁止或限制行为,指示车辆、行人行进
38,44,0.947,0.7407,高度疑似重复,False,False,机动车登记证书、号牌、行驶证灭失、丢失或者损毁的，机动车所有人应当向居住地车辆管理所申请补领、换领。,机动车号牌损毁，机动车所有人要向登记地车辆管理所申请补领、换领。,B,A,错误,正确
22,23,0.9469,0.7045,语义相似待复核,False,False,准驾车型为小型汽车的，可以驾驶下列哪种车辆？,准驾车型为小型自动挡汽车的，可以驾驶以下哪种车型？,A,D,低速载货汽车,轻型自动挡载货汽车
901,937,0.9467,0.7368,高度疑似重复,True,False,机动车驾驶人累积记分未达到12分的，还可以处理其驾驶的其他机动车的交通违法行为记录。,累积记分满12分的，不得再处理其他机动车的交通违法行为记录。,A,A,正确,正确
125,128,0.9461,0.55,语义相似待复核,False,False,驾驶拼装机动车上路行驶的驾驶人，除按规定接受罚款外，还要受到哪种处理？,对驾驶拼装机动车上路行驶的驾驶人，会受到下列哪种处罚？,C,C,吊销驾驶证,处200以上2000元以下罚款
200,201,0.9454,0.8657,高度疑似重复,False,False,交通肇事致一人以上重伤，负事故全部或者主要责任，并具有下列哪种行为的，构成交通肇事罪?,交通肇事致一人以上重伤，负事故全部或者主要责任，并具有下列哪种行为的，构成交通肇事罪?,B,A,酒后、吸食毒品后驾驶机动车辆的,无驾驶资格驾驶机动车辆的
1052,1053,0.945,0.8312,高度疑似重复,False,False,已经持有小型自动挡汽车驾驶证，增加小型汽车准驾车型后的12个月为实习期。,已经持有小型汽车的驾驶证，增加普通二轮摩托车准驾车型后的12个月为实习期。,B,A,错误,正确
201,202,0.9448,0.7015,语义相似待复核,False,False,交通肇事致一人以上重伤，负事故全部或者主要责任，并具有下列哪种行为的，构成交通肇事罪?,交通肇事致一人以上重伤，负事故全部或者主要责任，并具有下列哪种行为的，构成交通肇事罪?,A,D,无驾驶资格驾驶机动车辆的,为逃避法律追究逃离事故现场的
191,192,0.9443,0.8333,高度疑似重复,False,False,驾驶人违反交通运输管理法规发生重大事故致人死亡且逃逸的，处多少年有期徒刑？,驾驶人违反交通运输管理法规发生重大事故后，因逃逸致人死亡的，处多少年有期徒刑？,C,D,3年以上7年以下,7年以上
946,976,0.9443,0.7731,高度疑似重复,False,False,机动车驾驶人申请学法减分时，参加道路交通安全法律、法规和相关知识网上学习三日内累计满三十分钟且考试合格的，一次扣减1分。,参加公安机关交通管理部门组织的道路交通安全法律、法规和相关知识网上学习三日内累计满三十分钟且考试合格的，—次扣减1分。,A,A,正确,正确
998,1040,0.9443,0.7652,高度疑似重复,False,False,在最近几个记分周期内，机动车驾驶人因饮酒后驾驶机动车受到过处罚的，不得通过交通安全教育扣减交通违法行为记分？,机动车驾驶人饮酒后驾驶机动车受到过处罚的，在最近几个记分周期内，不得通过接受交通安全教育扣减交通违法行为记分？,C,C,3个,3
43,671,0.9439,0.5714,语义相似待复核,False,False,机动车行驶证灭失、丢失，机动车所有人要向登记地车辆管理所申请补领、换领。,机动车驾驶证遗失的，机动车驾驶人应当向机动车驾驶证核发地或者核发地以外的车辆管理所申请补发。,A,A,正确,正确
166,173,0.9438,0.5347,语义相似待复核,False,False,记分满12分的驾驶人拒不参加学习和考试的将被公告驾驶证停止使用。,机动车驾驶人累计记分达到12分，拒不参加公安机关交通管理部门通知的学习，也不接受考试的，由公安机关交通管理部门公告其驾驶证停止使用。,A,A,正确,正确
904,1025,0.9436,0.7945,高度疑似重复,False,False,行政处罚决定被依法变更或者撤销的，相应记分不会被变更或者撤销。,机动车驾驶人受到的行政处罚被依法变更或者撤销的，其相应的记分不会变更或撤销。,B,B,错误,错误
235,1834,0.9433,0.8148,高度疑似重复,False,False,夜间驾驶机动车通过人行横道时需要交替使用远近光灯。,夜间驾驶机动车通过急弯路时，应交替使用远近光灯。,A,A,正确,正确
199,202,0.943,0.7786,高度疑似重复,False,False,交通肇事致一人以上重伤，负事故全部或者主要责任，并具有下列哪种行为的，构成交通肇事罪?,交通肇事致一人以上重伤，负事故全部或者主要责任，并具有下列哪种行为的，构成交通肇事罪?,B,D,严重超载驾驶的,为逃避法律追究逃离事故现场的
2105,2106,0.9424,0.7385,高度疑似重复,False,False,以下选项中，自适应巡航系统的英文缩写是什么？,以下选项中，车道偏离预警系统的英文缩写是什么？,B,C,ACC,LDW
445,2256,0.9423,0.953,高度疑似重复,False,False,驾驶机动车在高速公路遇到能见度低于100米的气象条件时，最高车速是多少？,驾驶机动车在高速公路遇到能见度低于200米的气象条件时，最高车速是多少？,A,A,不得超过40公里/小时,不得超过60公里／小时
480,483,0.9423,0.8571,高度疑似重复,False,False,驾驶机动车行径漫水路或者漫水桥时，应当停车察明水情确认安全后再低速通过。,驾驶机动车行经漫水路或者漫水桥时，应当停车察明水情，快速通过。,A,B,正确,错误
296,1627,0.9417,0.5789,语义相似待复核,False,False,驾驶机动车在交叉路口前变更车道时， 应在进入实线区后，开启转向灯，变更车道。,驾驶车辆变更车道时，应提前开启转向灯，注意观察，保持安全距离，驶入要变更的车道。,B,A,错误,正确
1616,1712,0.9416,0.6667,语义相似待复核,False,False,夜间行车，需要超车时，变换远近光灯示意是为了提示前车。,夜间行车，要尽量避免超车，确需超车时，可变换远近光灯向前车示意。,A,A,正确,正确
1619,1620,0.9416,0.6076,语义相似待复核,True,False,驾驶机动车超车时，前方车辆不减速让路，应停止超车并适当减速，与前方车辆保持安全距离。,驾驶机动车超车时，被超越车辆未减速让路，应迅速提速超越前方车辆完成超车。,A,B,正确,错误
838,887,0.9413,0.8267,高度疑似重复,True,False,驾驶小型汽车在—般道路行驶，超过规定时速20%但不到50%的 ，一次记2分。,驾驶小型汽车在一般道路上行驶超过规定时速20%以上未达50%以上的，一次记6分。,B,B,错误,错误
43,44,0.9412,0.8406,高度疑似重复,False,False,机动车行驶证灭失、丢失，机动车所有人要向登记地车辆管理所申请补领、换领。,机动车号牌损毁，机动车所有人要向登记地车辆管理所申请补领、换领。,A,A,正确,正确
1744,1786,0.9408,0.6875,语义相似待复核,False,False,行人参与道路交通的主要特点是行人喜欢在—起聚集、围观。,行人参与道路交通的特点除了行走随意性大、方向多变以外，还喜欢聚集、围观。,B,A,错误,正确
1834,2100,0.9407,0.8387,高度疑似重复,False,False,夜间驾驶机动车通过急弯路时，应交替使用远近光灯。,夜间驾驶机动车通过急弯、坡路、拱桥、人行横道时，应当交替使用远近光灯示意。,A,A,正确,正确
816,880,0.9405,0.6957,语义相似待复核,False,False,驾驶机动车造成致人轻微伤或者财产损失的交通事故后逃逸，尚不构成犯罪的，将会被—次记12分。,造成交通事故后逃逸，尚不构成犯罪的，记12分。,B,B,错误,错误
301,2218,0.9403,0.3474,语义相似待复核,True,False,道路没有划分机动车道、非机动车道和人行道的，以下说法正确的是什么？,关于分道通行，以下说法错误的是什么？,C,B,机动车在道路中间通行，非机动车和行人在道路两侧通行,在没有划分车道的道路上通行，机动车在道路右侧通行
319,645,0.9401,0.8974,高度疑似重复,False,False,驾驶机动车在夜间超车时怎样使用灯光？,驾驶机动车在夜间通过人行横道时怎样使用灯光？,A,A,变换远、近光灯,变换远、近光灯
200,205,0.94,0.7692,高度疑似重复,False,False,交通肇事致一人以上重伤，负事故全部或者主要责任，并具有下列哪种行为的，构成交通肇事罪?,交通肇事致一人以上重伤，负事故全部或者主要责任，并具有下列哪种行为的，构成交通肇事罪?,B,C,酒后、吸食毒品后驾驶机动车辆的,明知是无牌证或者已报废的机动车辆而驾驶的
678,914,0.94,0.7089,语义相似待复核,False,False,机动车驾驶人补领机动车驾驶证后，使用原机动车驾驶证驾驶的，除被收回原机动车驾驶证外，还会处多少元罚款？,机动车驾驶人补领机动车驾驶证后，继续使用原机动车驾驶证的，处多少元罚款？,A,A,20元以上200元以下,20-200元
1629,1630,0.9398,0.7547,高度疑似重复,False,False,变更车道时只需开启转向灯，便可迅速转向驶入相应的行车道。,变更车道时，应开启转向灯，迅速驶入侧方车道。,B,B,错误,错误
460,1647,0.9397,0.6465,语义相似待复核,True,False,驾驶机动车在高速公路遇到能见度低于200米的气象条件时，最高车速不能超过60公里／小时， 与前车距离要保持100米以上。,驾驶机动车在高速公路上行驶，能见度小于200米时，车速不得超过每小时60公里。,A,A,正确,正确
541,553,0.9389,0.5041,语义相似待复核,False,False,在道路上发生未造成人员伤亡且无争议的轻微交通事故如何处置？,驾驶机动车发生交通事故未造成人身伤亡的，责任明确双方无争议时，应当如何处置？,C,D,撤离现场自行协商,撤离现场自行协商
1967,1968,0.9388,0.8772,高度疑似重复,True,False,机动车仪表板上（如图所示）亮表示发动机可能机油量不足。,机动车仪表板上（如图所示）亮表示发动机可能机油压力过高。,A,B,正确,错误
1803,1886,0.9387,0.2824,语义相似待复核,True,False,夜间通过没有路灯或路灯照明不良的路口，同方向行驶的后车与前车近距离行驶时， 可以使用远光灯提醒前车注意。,夜间在没有照明的路段，与前车跟车距离较近时，应当开启远光灯照明。,B,B,错误,错误
762,912,0.9383,0.8454,高度疑似重复,False,False,申请人在考试过程中有贿赂、舞弊行为的，取消考试资格，已经通过考试的其他科目成绩予以保留。,申请人在考试过程中有贿赂、舞弊行为的，取消考试资格，已经通过考试的其他科目成绩无效，并处1000元以下罚款。,B,B,错误,错误
1627,1820,0.9383,0.6265,语义相似待复核,False,False,驾驶车辆变更车道时，应提前开启转向灯，注意观察，保持安全距离，驶入要变更的车道。,驾驶机动车在道路上行驶，欲变更车道时，应提前开启转向灯，在确认安全的前提下，平稳变更车道。,A,A,正确,正确
324,328,0.9381,0.4524,语义相似待复核,True,False,驾驶机动车在下列哪种情形下不能超越前车？,同车道行驶的车辆遇前车有下列哪种情形时不得超车？,B,C,前车正在左转弯,正在掉头
202,204,0.9379,0.6133,语义相似待复核,False,False,交通肇事致一人以上重伤，负事故全部或者主要责任，并具有下列哪种行为的，构成交通肇事罪?,交通肇事致一人以上重伤，负事故全部或者主要责任，并具有下列哪种行为的，构成交通肇事罪?,D,C,为逃避法律追究逃离事故现场的,明知是安全装置不全或者安全机件失灵的机动车辆而驾驶的
1709,1803,0.9376,0.6327,语义相似待复核,True,False,夜间通过没有路灯或路灯照明不良时，应将近光灯转换为远光灯，但同向行驶的后车不得使用远光灯。,夜间通过没有路灯或路灯照明不良的路口，同方向行驶的后车与前车近距离行驶时， 可以使用远光灯提醒前车注意。,A,B,正确,错误
352,815,0.9372,0.8764,高度疑似重复,True,False,驾驶小型汽车在高速公路、城市快速路上行驶超过规定时速50%以上的，—次记多少分？,驾驶小型汽车在城市快速路上行驶超过规定时速20%以上未达50%的，一次记多少分？,D,B,12分,6分
815,875,0.9372,0.8764,高度疑似重复,True,False,驾驶小型汽车在城市快速路上行驶超过规定时速20%以上未达50%的，一次记多少分？,驾驶小型汽车在高速公路、城市快速路上行驶超过规定时速50%以上的，—次记多少分？,B,D,6分,12分
1598,1602,0.9372,0.2826,语义相似待复核,False,False,行车中遇到后方车辆要求超车时，应怎样做？,驾驶的车辆正在被其他车辆超越时，应怎样做？,A,B,及时减速、观察后靠右行驶让行,减速，靠右侧行驶
827,1021,0.9371,0.5625,语义相似待复核,False,False,有下列哪种违法行为的机动车驾驶人将被一次记9分？,驾驶人有下列哪种违法行为一次记9分？,A,A,驾驶故意污损号牌的机动车上道路行驶,驾驶故意遮挡、污损机动车号牌 的机动车上道路行驶的
827,1030,0.9364,0.4545,语义相似待复核,False,False,有下列哪种违法行为的机动车驾驶人将被一次记9分？,驾驶人有下列哪种违法行为一次记9分？,A,B,驾驶故意污损号牌的机动车上道路行驶,驾驶与准驾车型不符的机动车的
214,761,0.9362,0.4533,语义相似待复核,False,False,在路口遇有交通信号灯和交通警察指挥不一致时，按照交通信号灯通行。,遇到交通信号灯、交通标志或交通标线与交通警察的指挥不—致时，按照交通警察指挥行驶。,B,A,错误,正确
81,84,0.9361,0.6294,语义相似待复核,False,False,驾驶证审验内容不包括以下哪一项？,以下不属于机动车驾驶证审验内容的是什么？,D,D,机动车检验情况,驾驶车辆累计行驶里程
1003,2215,0.936,0.9024,高度疑似重复,True,False,饮酒后驾驶营运机动车依法被吊销机动车驾驶证未满五年的，不得再次申请机动车驾驶证。,饮酒后驾驶营运机动车依法被吊销机动车驾驶证未满四年的，可以申请机动车驾驶证。,A,B,正确,错误
202,205,0.9359,0.6573,语义相似待复核,False,False,交通肇事致一人以上重伤，负事故全部或者主要责任，并具有下列哪种行为的，构成交通肇事罪?,交通肇事致一人以上重伤，负事故全部或者主要责任，并具有下列哪种行为的，构成交通肇事罪?,D,C,为逃避法律追究逃离事故现场的,明知是无牌证或者已报废的机动车辆而驾驶的
1080,1154,0.9355,0.6087,语义相似待复核,False,False,禁令标志的作用是什么？,指路标志的作用是什么？,A,C,禁止或限制行为,提供方向信息
444,445,0.9352,0.9396,高度疑似重复,False,False,驾驶机动车在高速公路遇到能见度低于200米的气象条件时，最高车速是多少？,驾驶机动车在高速公路遇到能见度低于100米的气象条件时，最高车速是多少？,D,A,不得超过60公里/小时,不得超过40公里/小时
13,17,0.9349,0.5814,语义相似待复核,False,False,非机动车驾驶人、行人故意碰撞机动车造成交通事故的，机动车一方不承担赔偿责任。,驾驶机动车与行人之间发生交通事故造成人身伤亡、财产损失的， 机动车—方没有过错的，不承担赔偿责任。,A,B,正确,错误
13,570,0.9349,0.5814,语义相似待复核,False,False,非机动车驾驶人、行人故意碰撞机动车造成交通事故的，机动车一方不承担赔偿责任。,驾驶机动车与行人之间发生交通事故造成人身伤亡、财产损失的， 机动车—方没有过错的，不承担赔偿责任。,A,B,正确,错误
791,956,0.9346,0.6744,语义相似待复核,False,False,初次申领机动车驾驶证的，不得申请下列哪种准驾车型？,初次申领机动车驾驶证的，不得申请下列哪种准驾车型？,D,B,轻型牵引挂车,大型客车
55,58,0.9343,0.6849,语义相似待复核,True,False,机动车达到国家规定的强制报废标准的不能办理注册登记。,已注册登记的机动车达到国家规定的强制报废标准的，应当向登记地车辆管理所申请注销登记。,A,A,正确,正确
235,2100,0.9341,0.8125,高度疑似重复,False,False,夜间驾驶机动车通过人行横道时需要交替使用远近光灯。,夜间驾驶机动车通过急弯、坡路、拱桥、人行横道时，应当交替使用远近光灯示意。,A,A,正确,正确
199,200,0.934,0.7939,高度疑似重复,False,False,交通肇事致一人以上重伤，负事故全部或者主要责任，并具有下列哪种行为的，构成交通肇事罪?,交通肇事致一人以上重伤，负事故全部或者主要责任，并具有下列哪种行为的，构成交通肇事罪?,B,B,严重超载驾驶的,酒后、吸食毒品后驾驶机动车辆的
787,887,0.9339,0.7632,高度疑似重复,True,False,驾驶小型汽车在高速公路行驶，超过规定时速20%但不到50%的，一次记2分。,驾驶小型汽车在一般道路上行驶超过规定时速20%以上未达50%以上的，一次记6分。,B,B,错误,错误
41,629,0.9334,0.72,高度疑似重复,False,False,驾驶证记载的驾驶人信息发生变化的要在多长时间内申请换证？,机动车驾驶证损毁无法辨认的，要在多长时间内申请换证？,D,D,30日,30日
961,1839,0.9333,0.7042,语义相似待复核,True,False,驾驶人在高速公路上行驶感觉疲劳时，应驶入最近的服务区休息，不得在应急车道内停车休息。,在高速公路上行驶感觉疲劳时，应在下—个服务区停车休息。,A,A,正确,正确
815,883,0.9328,0.8471,高度疑似重复,True,False,驾驶小型汽车在城市快速路上行驶超过规定时速20%以上未达50%的，一次记多少分？,驾驶小型汽车在普通公路上行驶，超过规定时速50%以上的，一次记多少分？,B,B,6分,6分
939,947,0.9324,0.876,高度疑似重复,False,False,机动车驾驶人申请学法减分时，参加道路交通安全法律、法规和相关知识现场学习满—小时且考试合格的，一次扣减几分？,机动车驾驶人申请学法减分时，参加道路交通安全法律、法规和相关知识网上学习三日内累计满三十分钟且考试合格的，一次扣减几分？,B,A,2分,1分
296,314,0.9323,0.6667,语义相似待复核,False,False,驾驶机动车在交叉路口前变更车道时， 应在进入实线区后，开启转向灯，变更车道。,驾驶机动车应在变更车道的同时开启转向灯。,B,B,错误,错误
233,691,0.9319,0.7222,高度疑似重复,False,False,驾驶机动车在雾天行车开启雾灯和危险报警闪光灯。,驾驶机动车在雾天行车应开启雾灯、近光灯、示廓灯和后位灯，能见度较低时，还应开启危险报警闪光灯。,A,A,正确,正确
838,882,0.9315,0.8108,高度疑似重复,True,False,驾驶小型汽车在—般道路行驶，超过规定时速20%但不到50%的 ，一次记2分。,驾驶小型汽车在高速公路上行驶，超过规定时速20%以上未达到50%的，一次记6分。,B,A,错误,正确
2113,2235,0.931,0.8485,高度疑似重复,False,False,以下选项中，车辆盲点监测系统的英文缩写是什么？,以下选项中，车辆盲点辅助系统的英文缩写是什么？,B,B,BSD,BSA
775,1692,0.9308,0.7521,高度疑似重复,False,False,醉酒驾驶非营运机动车的，由公安机关交通管理部门吊销机动车驾驶证，依法追究刑事责任，并且终生不得重新取得机动车驾驶证。,驾驶机动车造成重大交通事故后逃逸，构成犯罪的，由公安机关交通管理部门吊销机动车驾驶证，且终生不得重新取得机动车驾驶证。,B,A,错误,正确
592,733,0.9307,0.9167,高度疑似重复,False,False,服用国家管制的精神药品可以短途驾驶机动车。,服用国家管制的麻醉药品可以短途驾驶机动车。,B,B,错误,错误
500,723,0.9302,0.5897,语义相似待复核,False,False,驾驶机动车在没有交通信号的路口遇到前方车辆缓慢行驶时要依次交替通行。,交通警察指挥的交叉路口遇到停车排队等候或者缓慢行驶时，机动车应当依次交替通行。,A,A,正确,正确
200,204,0.93,0.7333,语义相似待复核,False,False,交通肇事致一人以上重伤，负事故全部或者主要责任，并具有下列哪种行为的，构成交通肇事罪?,交通肇事致一人以上重伤，负事故全部或者主要责任，并具有下列哪种行为的，构成交通肇事罪?,B,C,酒后、吸食毒品后驾驶机动车辆的,明知是安全装置不全或者安全机件失灵的机动车辆而驾驶的
296,1631,0.93,0.4051,语义相似待复核,True,False,驾驶机动车在交叉路口前变更车道时， 应在进入实线区后，开启转向灯，变更车道。,变更车道时只需开启转向灯，并迅速转向驶入相应的车道，以不妨碍同车道机动车正常行驶。,B,B,错误,错误
140,141,0.9299,0.8358,语义相似待复核,False,False,驾驶人有使用其他车辆号牌、行驶证嫌疑的，交通警察可依法扣留车辆。,驾驶人有使用其他车辆检验合格标志嫌疑的，交通警察可依法扣留车辆。,A,A,正确,正确
353,811,0.9297,0.961,语义相似待复核,False,False,驾驶小型汽车在高速公路、城市快速路上行驶超过规定时速50%以上的，—次记3分。,驾驶小型汽车在高速公路、城市快速路上行驶超过规定时速50%以上的，一次记9分。,B,B,错误,错误
1630,1631,0.9297,0.6154,语义相似待复核,True,False,变更车道时，应开启转向灯，迅速驶入侧方车道。,变更车道时只需开启转向灯，并迅速转向驶入相应的车道，以不妨碍同车道机动车正常行驶。,B,B,错误,错误
325,1598,0.9295,0.3689,语义相似待复核,False,False,在没有中心线的道路上发现后车发出超车信号时，如果条件许可如何行驶？,行车中遇到后方车辆要求超车时，应怎样做？,D,A,降速靠右让路,及时减速、观察后靠右行驶让行
36,38,0.9293,0.5957,语义相似待复核,False,False,机动车驾驶证遗失、损毁无法辨认时，机动车驾驶人应当向机动车驾驶证核发地车辆管理所申请补发。,机动车登记证书、号牌、行驶证灭失、丢失或者损毁的，机动车所有人应当向居住地车辆管理所申请补领、换领。,A,B,正确,错误
954,1029,0.9293,0.75,语义相似待复核,True,False,代替实际机动车驾驶人接受交通违法行为处罚和记分牟取经济利益的，由公安机关交通管理部门处违法所得三倍以下罚款，但最高不超过五万元。,组织他人代替实际机动车驾驶人参加审验教育的，有违法所得的，由公安机关交通管理部门处违法所得三倍以下罚款，但最高不得超过五万元。,A,B,正确,错误
1629,1814,0.9292,0.5714,语义相似待复核,False,False,变更车道时只需开启转向灯，便可迅速转向驶入相应的行车道。,变更车道时，提前打开转向灯后，就可以立即变更车道。,B,B,错误,错误
14,640,0.9289,0.8333,语义相似待复核,False,False,以下哪项行为可构成危险驾驶罪？,以下哪项行为可构成危险驾驶罪？,D,D,醉驾,追逐竞驶，情节恶劣
1644,1645,0.9289,0.6129,语义相似待复核,False,False,车辆驶入匝道后，迅速将车速提高到每小时60公里以上。,车辆在高速公路匝道提速到每小时60公里以上时，可直接驶入行车道。,B,B,错误,错误
2125,2146,0.9289,0.5301,语义相似待复核,False,False,抢救有害气体中毒伤员时，应第—时间将伤员移送到有新鲜空气的地方，脱离危险环境，防止吸入更多有害气体。,为防止有害气体中毒伤员继续中毒，首先将伤员转移到空气新鲜的地方。,A,A,正确,正确
639,1886,0.9286,0.623,语义相似待复核,False,False,夜间驾驶机动车在有路灯照明的路段起步，应开启远光灯。,夜间在没有照明的路段，与前车跟车距离较近时，应当开启远光灯照明。,B,B,错误,错误
1599,1921,0.9285,0.5275,语义相似待复核,False,False,驾驶人在超车时，前方车辆不减速、不让道，应怎样做？,超车时，前方车辆不让出超车空间，应该怎么做？,C,B,停止继续超车,停止超车
352,834,0.9282,0.8506,语义相似待复核,True,False,驾驶小型汽车在高速公路、城市快速路上行驶超过规定时速50%以上的，—次记多少分？,驾驶小型汽车在高速公路行驶，超过规定时速20%以上，未达50%的，一次记多少分？,D,B,12分,6分
834,875,0.9282,0.8506,语义相似待复核,True,False,驾驶小型汽车在高速公路行驶，超过规定时速20%以上，未达50%的，一次记多少分？,驾驶小型汽车在高速公路、城市快速路上行驶超过规定时速50%以上的，—次记多少分？,B,D,6分,12分
712,1644,0.928,0.8621,语义相似待复核,False,False,车辆驶入加速车道后，尽快将车速提高到每小时60公里以上。,车辆驶入匝道后，迅速将车速提高到每小时60公里以上。,A,B,正确,错误
151,2217,0.9277,0.6022,语义相似待复核,False,False,机动车驾驶人初次取得汽车类或者摩托车类准驾车型的实习期是多长时间？,机动车驾驶人由摩托车类准驾车型增加汽车类准驾车型后的多长时间为实习期？,B,B,12个月,12个月
834,883,0.9277,0.8675,语义相似待复核,True,False,驾驶小型汽车在高速公路行驶，超过规定时速20%以上，未达50%的，一次记多少分？,驾驶小型汽车在普通公路上行驶，超过规定时速50%以上的，一次记多少分？,B,B,6分,6分
1709,1886,0.9277,0.3038,语义相似待复核,True,False,夜间通过没有路灯或路灯照明不良时，应将近光灯转换为远光灯，但同向行驶的后车不得使用远光灯。,夜间在没有照明的路段，与前车跟车距离较近时，应当开启远光灯照明。,A,B,正确,错误
774,1696,0.9274,0.5581,语义相似待复核,False,False,驾驶拼装的机动车上道路行驶，会 处200以上2000元以下罚款，并吊销驾驶证。,驾驶拼装的机动车上道路行驶的，公安机关交通管理部门应当予以收缴，强制报废，并吊销机动车驾驶证。,A,A,正确,正确
137,141,0.9272,0.625,语义相似待复核,False,False,对使用其他车辆号牌、行驶证的车辆，交通警察可依法予以扣留。,驾驶人有使用其他车辆检验合格标志嫌疑的，交通警察可依法扣留车辆。,A,A,正确,正确
892,2222,0.9271,0.623,语义相似待复核,True,False,驾驶不按规定安装机动车号牌的机动车上道路行驶的，一次记12分。,机动车驾驶人使用其他机动车号牌、行驶证的，—次记12分。,B,A,错误,正确
797,851,0.9269,0.8767,语义相似待复核,False,False,已持有C1/C2准驾车型增加C6准驾车型的，应当考试科目二和科目三。,已持有C2准驾车型驾驶证申请增加C1准驾车型的，应当考试科目二和科目三。,B,A,错误,正确
1844,1886,0.9261,0.3836,语义相似待复核,False,False,夜间驾驶机动车会车时，可开启远光灯，以便本车和对向车辆能够更好的看清路面情况。,夜间在没有照明的路段，与前车跟车距离较近时，应当开启远光灯照明。,B,B,错误,错误
94,1015,0.9259,0.8493,语义相似待复核,True,False,年满20周岁，可以初次申请下列哪种准驾车型？,满20周岁的，不可以初次申请以下哪种准驾车型？,A,B,大型货车,大型客车
470,1663,0.9259,0.5273,语义相似待复核,True,False,高速公路上车辆发生故障后，开启危险报警闪光灯和摆放警告标志的作用是警告后续车辆注意避让。,驾驶机动车在高速公路上车辆发生故障时，若车辆可以移动至应急车道内，只需开启危险报警闪光灯，警告标志可根据交通流情况选择是否放置。,A,B,正确,错误
1721,1820,0.9257,0.6429,语义相似待复核,False,False,在高速公路变更车道时，应提前开启转向灯，观察情况，确认安全后，驶入需要变更的车道。,驾驶机动车在道路上行驶，欲变更车道时，应提前开启转向灯，在确认安全的前提下，平稳变更车道。,A,A,正确,正确
135,137,0.9256,0.7742,语义相似待复核,False,False,对有伪造或变造号牌、行驶证嫌疑的车辆，交通警察可依法予以扣留,对使用其他车辆号牌、行驶证的车辆，交通警察可依法予以扣留。,A,A,正确,正确
1628,1721,0.9253,0.7059,语义相似待复核,False,False,驾驶车辆向右变更车道时，应提前开启右转向灯，注意观察，在确保安全的情况下，驶入要变更的车道。,在高速公路变更车道时，应提前开启转向灯，观察情况，确认安全后，驶入需要变更的车道。,A,A,正确,正确
1627,1631,0.9244,0.4691,语义相似待复核,True,False,驾驶车辆变更车道时，应提前开启转向灯，注意观察，保持安全距离，驶入要变更的车道。,变更车道时只需开启转向灯，并迅速转向驶入相应的车道，以不妨碍同车道机动车正常行驶。,A,B,正确,错误
325,1603,0.9242,0.3158,语义相似待复核,False,False,在没有中心线的道路上发现后车发出超车信号时，如果条件许可如何行驶？,遇后车发出超车信号后，只要具备让超条件应怎样做？,D,C,降速靠右让路,主动减速并靠右侧行驶
500,507,0.9241,0.4776,语义相似待复核,False,False,驾驶机动车在没有交通信号的路口遇到前方车辆缓慢行驶时要依次交替通行。,遇前方路段车道减少行驶缓慢，为了有序、安全，应依次交替通行。,A,A,正确,正确
699,775,0.9241,0.5546,语义相似待复核,False,False,饮酒后或者醉酒驾驶机动车发生重大交通事故构成犯罪的，依法追究刑事责任，吊销机动车驾驶证， 10 年内不得重新取得机动车驾驶证。,醉酒驾驶非营运机动车的，由公安机关交通管理部门吊销机动车驾驶证，依法追究刑事责任，并且终生不得重新取得机动车驾驶证。,B,B,错误,错误
38,671,0.9239,0.5625,语义相似待复核,False,False,机动车登记证书、号牌、行驶证灭失、丢失或者损毁的，机动车所有人应当向居住地车辆管理所申请补领、换领。,机动车驾驶证遗失的，机动车驾驶人应当向机动车驾驶证核发地或者核发地以外的车辆管理所申请补发。,B,A,错误,正确
296,1721,0.9239,0.5455,语义相似待复核,False,False,驾驶机动车在交叉路口前变更车道时， 应在进入实线区后，开启转向灯，变更车道。,在高速公路变更车道时，应提前开启转向灯，观察情况，确认安全后，驶入需要变更的车道。,B,A,错误,正确
574,1859,0.9237,0.5143,语义相似待复核,False,False,机动车在道路上发生故障，难以移动时下列做法正确的是什么？,驾驶机动车在道路上发生交通事故，难以移动时，正确的做法是？,A,A,开启危险报警闪光灯,开启危险报警闪光灯，并在车后设置警告标志
1021,1939,0.9237,0.4444,语义相似待复核,False,False,驾驶人有下列哪种违法行为一次记9分？,以下哪种行为机动车驾驶人将被—次记9分？,A,D,驾驶故意遮挡、污损机动车号牌 的机动车上道路行驶的,驾驶与准驾车型不符的机动车的
1656,1839,0.9237,0.8462,语义相似待复核,False,False,在高速公路上行驶感觉疲劳时，应立即停车休息。,在高速公路上行驶感觉疲劳时，应在下—个服务区停车休息。,B,A,错误,正确
743,1688,0.9232,0.5103,语义相似待复核,True,False,造成交通事故后逃逸，尚不构成犯罪的，公安机关交通管理部门除按照规定罚款外，还可以并处()?,将机动车交由未取得机动车驾驶证的人驾驶的，由公安交通管理部门处二百元以上二千元以下罚款，可以并处以下哪种处罚？,B,B,15日以下拘留,吊销驾驶证
1379,1598,0.9228,0.2261,语义相似待复核,False,False,驾驶的车辆正在被其他车辆超越时，若此时后方有跟随行驶的车辆，应怎样做？,行车中遇到后方车辆要求超车时，应怎样做？,B,A,稍向右侧行驶，保证横向安全距离,及时减速、观察后靠右行驶让行
460,1668,0.9227,0.6538,语义相似待复核,True,False,驾驶机动车在高速公路遇到能见度低于200米的气象条件时，最高车速不能超过60公里／小时， 与前车距离要保持100米以上。,驾驶机动车在高速公路上行驶，能见度小于200米时，与同车道前车应保持100米以上的距离。,A,A,正确,正确
1605,1606,0.9226,0.8571,语义相似待复核,False,False,通过隧道时，不得超车。,通过铁路道口时，不得超车。,A,A,正确,正确
1546,1547,0.9225,0.3889,语义相似待复核,False,False,车辆在交叉路口有优先通行权的，遇有车辆抢行时，应怎样做？,车辆行至交叉路口，遇有转弯的车辆抢行，应怎样做？,D,A,减速避让，必要时停车让行,停车避让
1758,1894,0.9224,0.4921,语义相似待复核,False,False,驶近没有人行横道的交叉路口时，发现有人横穿道路，应怎样做？,夜间驾驶机动车在路口遇前方绿灯亮起时，如果人行横道上仍有行人通过，应怎样做？,A,A,减速或停车让行,及时减速停车让行
1007,1023,0.9221,0.6111,语义相似待复核,False,False,驾驶人员在行驶的公共交通工具上擅离职守，与他人互殴或者殴打他人，危及公共安全的，处一年以下有期徒刑拘役或者管制，并处或者单处罚金。,对行驶中的公共交通工具驾驶人使用暴力或者抢控驾驶操作装置，干扰公共交通工具正南行驶，危及公共安全，构成犯罪的，会被处以1年以下有期徒刑、拘役或者管制，并处或单处罚金。,A,A,正确,正确
1014,1021,0.922,0.4872,语义相似待复核,True,False,关于交通违法行为，以下错误的说法是什么？,驾驶人有下列哪种违法行为一次记9分？,A,A,造成致人轻微伤或者财产损失的交通事故后逃逸，尚不构成犯罪的一次记9分,驾驶故意遮挡、污损机动车号牌 的机动车上道路行驶的
1018,1074,0.9219,0.8723,语义相似待复核,False,False,驾驶校车、公路客运汽车、 旅游客运汽车载人超过核定人数未达20%的，一次记几分？,驾驶校车、公路客运汽车、 旅游客运汽车载人超过核定人数百分之二十未达百分之五十的，一次记几分？,B,D,6分,12分
1416,1467,0.9218,0.6769,语义相似待复核,False,False,路口黄灯持续闪烁，警示驾驶人要注意瞭望，确认安全通过。,黄色闪光警告信号灯持续闪烁，表示机动车要注意瞭望，在确认安全后可以通过。,A,A,正确,正确
1529,1530,0.9218,0.2653,语义相似待复核,False,False,行车中发现前方道路拥堵时，应怎样做？,发现前方道路堵塞，正确的做法是什么？,C,D,减速停车，依次排队等候,按顺序停车等候
278,711,0.9215,0.7619,语义相似待复核,True,False,驾驶机动车通过窄路、窄桥时的最高速度不能超过每小时30公里。,驾驶机动车通过急弯路时，最高行驶速度不得超过30公里／小时。,A,A,正确,正确
913,1024,0.9214,0.8531,语义相似待复核,True,False,申请人以欺骗、贿赂等不正当手段取得机动车驾驶证的，公安机关交通管理部门收缴机动车驾驶证，撤销机动车驾驶许可，处二千元以下罚款。,申请人以欺骗、贿赂等不正当手段取得机动车驾驶证的，公安机关交通管理部门收缴机动车驾驶证，撤销机动车驾驶许可，处二干元以下罚款；申请人在三年内不得再次申领机动车驾驶证。,A,A,正确,正确
222,226,0.9213,0.5421,语义相似待复核,False,False,驾驶机动车在道路上靠路边停车过程中如何使用灯光？,驾驶机动车在道路上向左变更车道时如何使用灯光？,D,C,提前开启右转向灯,提前开启左转向灯
1598,1603,0.9212,0.367,语义相似待复核,False,False,行车中遇到后方车辆要求超车时，应怎样做？,遇后车发出超车信号后，只要具备让超条件应怎样做？,A,C,及时减速、观察后靠右行驶让行,主动减速并靠右侧行驶
1803,1844,0.9211,0.3261,语义相似待复核,True,False,夜间通过没有路灯或路灯照明不良的路口，同方向行驶的后车与前车近距离行驶时， 可以使用远光灯提醒前车注意。,夜间驾驶机动车会车时，可开启远光灯，以便本车和对向车辆能够更好的看清路面情况。,B,B,错误,错误
1668,1804,0.921,0.5957,语义相似待复核,False,False,驾驶机动车在高速公路上行驶，能见度小于200米时，与同车道前车应保持100米以上的距离。,车辆在高速公路以低于每小时100公里的速度行驶时，距同车道前车最低保持100米以上为安全距离。,A,B,正确,错误
1528,1577,0.9209,0.451,语义相似待复核,False,False,行车中遇到对向来车占道行驶，应怎样做？,会车中遇到对方来车行进有困难需借道时，应怎样做？,B,D,主动给对方让行,尽量礼让对方先行
458,2256,0.9208,0.4258,语义相似待复核,True,False,驾驶机动车在高速公路上行驶，遇低能见度气象条件时，能见度在200米以下，车速不得超过每小时多少公里，与同车道前车至少保持多少米的距离？,驾驶机动车在高速公路遇到能见度低于200米的气象条件时，最高车速是多少？,A,A,60，100,不得超过60公里／小时
173,905,0.9207,0.3946,语义相似待复核,True,False,机动车驾驶人累计记分达到12分，拒不参加公安机关交通管理部门通知的学习，也不接受考试的，由公安机关交通管理部门公告其驾驶证停止使用。,机动车驾驶人在—个记分周期内累积记分满12分的，公安机关交通管理部门应当扣留其机动车驾驶证，开具强制措施凭证，并送达满分教育通知书，通知机动车驾驶人参加满分学习、考试。,A,A,正确,正确
266,269,0.9206,0.6809,语义相似待复核,False,False,驾驶机动车在进出非机动车道时，最高速度不能超过多少？,驾驶机动车通过窄路、窄桥时，最高速度不能超过多少？,A,D,30公里/小时,30公里/小时
1030,1939,0.9205,0.338,语义相似待复核,False,False,驾驶人有下列哪种违法行为一次记9分？,以下哪种行为机动车驾驶人将被—次记9分？,B,D,驾驶与准驾车型不符的机动车的,驾驶与准驾车型不符的机动车的
96,700,0.92,0.8364,语义相似待复核,False,False,申请小型汽车驾驶证的，年龄应在18周岁以上70周岁以下。,申请小型汽车驾驶证的，年龄在18周岁以上即可。,B,A,错误,正确
124,632,0.9198,0.4776,语义相似待复核,True,False,上路行驶的机动车未随车携带身份证的，交通警察可依法扣留机动车。,驾驶机动车上路，驾驶人应随车携带驾驶证与行驶证，否则会被扣留车辆。,B,A,错误,正确
724,1646,0.9198,0.5301,语义相似待复核,False,False,高速公路上最高时速不得超过120公里。,《道路交通安全法实施条例》规定，高速公路上最高时速不得超过120公里。因此在高速公路上行驶只要时速不超过120公里就不违法。,A,B,正确,错误
677,686,0.9197,0.7532,语义相似待复核,False,False,驾驶机动车行经人行横道，不按规定减速、停车、避让行人的，将被—次记多少分？,驾驶机动车不按规定超车、让行的，或者逆向行驶的，将被—次记多少分？,B,B,3分,3分
2106,2108,0.9197,0.6462,语义相似待复核,False,False,以下选项中，车道偏离预警系统的英文缩写是什么？,以下选项中，前方防碰撞预警系统的缩写是什么？,C,D,LDW,FCW
320,610,0.9196,0.7119,语义相似待复核,False,False,驾驶机动车超车应该提前开启左转向灯、变换使用远近光灯或鸣喇叭。,驾驶机动车在隧道中超车时，应该提前开启左转向灯。,A,B,正确,错误
153,1908,0.9193,0.8889,语义相似待复核,True,False,机动车驾驶人在实习期内驾驶机动车不得牵引挂车。,机动车驾驶人在实习期内驾驶机动车可以临时牵引挂车。,A,B,正确,错误
651,1551,0.9193,0.5634,语义相似待复核,False,False,在有信号灯的交叉路口，直行是绿灯，左转是红灯时，车辆可以进入左转待转区等待。,车辆行至交叉路口时，左转弯车辆在任何时段都可以进入左弯待转区。,A,B,正确,错误
273,555,0.919,0.6207,语义相似待复核,True,False,"驾驶机动车上道路行驶,不允许超过限速标志标明的最高时速。",驾驶机动车在高速公路要按照限速标志标明的车速行驶。,A,A,正确,正确
38,741,0.9185,0.6076,语义相似待复核,False,False,机动车登记证书、号牌、行驶证灭失、丢失或者损毁的，机动车所有人应当向居住地车辆管理所申请补领、换领。,机动车驾驶证遗失、损毁无法辨认时，应当向车辆管理所申请补领。,B,A,错误,正确
2175,2176,0.9185,0.7129,语义相似待复核,True,False,因质量问题退车的，机动车所有人应当向哪个车辆管理所申请注销登记？,机动车未达到国家强制报废标准，机动车所有人自愿报废的，机动车所有人应当向哪个车辆管理所申请注销登记？,C,C,登记地,登记地
2175,2204,0.9185,0.7129,语义相似待复核,True,False,因质量问题退车的，机动车所有人应当向哪个车辆管理所申请注销登记？,机动车未达到国家强制报废标准，机动车所有人自愿报废的，机动车所有人应当向哪个车辆管理所申请注销登记？,C,C,登记地,登记地
2176,2203,0.9185,0.7129,语义相似待复核,True,False,机动车未达到国家强制报废标准，机动车所有人自愿报废的，机动车所有人应当向哪个车辆管理所申请注销登记？,因质量问题退车的，机动车所有人应当向哪个车辆管理所申请注销登记？,C,C,登记地,登记地
2203,2204,0.9185,0.7129,语义相似待复核,True,False,因质量问题退车的，机动车所有人应当向哪个车辆管理所申请注销登记？,机动车未达到国家强制报废标准，机动车所有人自愿报废的，机动车所有人应当向哪个车辆管理所申请注销登记？,C,C,登记地,登记地
444,458,0.9183,0.4129,语义相似待复核,True,False,驾驶机动车在高速公路遇到能见度低于200米的气象条件时，最高车速是多少？,驾驶机动车在高速公路上行驶，遇低能见度气象条件时，能见度在200米以下，车速不得超过每小时多少公里，与同车道前车至少保持多少米的距离？,D,A,不得超过60公里/小时,60，100
810,885,0.9183,0.7511,语义相似待复核,False,False,驾驶人有下列哪种违法行为—次记12分？,驾驶人有下列哪种违法行为—次记6分？,A,C,造成致人轻伤以上或者死亡的交通事故后逃逸，尚不构成犯罪的,造成致人轻微伤或者财产损失的交通事故后逃逸，尚不构成犯罪的
1529,1783,0.9182,0.2162,语义相似待复核,False,False,行车中发现前方道路拥堵时，应怎样做？,遇前方路段车道减少，车辆行驶缓慢，为保证安全有序应该怎样做?,C,A,减速停车，依次排队等候,依次交替通行
1676,1680,0.9181,0.4255,语义相似待复核,False,False,行车中当车辆突然爆胎时，驾驶人切忌慌乱中急踏制动踏板，尽量采用“抢挡”的方法，利用发动机制动使车辆减速。,行车中当驾驶人意识到车辆爆胎时，应在控制住方向的情况下采取紧急制动，迫使车辆迅速停住。,A,B,正确,错误
135,140,0.918,0.6769,语义相似待复核,False,False,对有伪造或变造号牌、行驶证嫌疑的车辆，交通警察可依法予以扣留,驾驶人有使用其他车辆号牌、行驶证嫌疑的，交通警察可依法扣留车辆。,A,A,正确,正确
95,788,0.9175,0.7007,语义相似待复核,False,False,申请小型汽车准驾车型驾驶证的人年龄条件是多少？,申请增驾轻型牵引挂车驾驶证的人年龄条件是多少？,B,C,18周岁以上不设上限,20周岁以上60周岁以下
61,782,0.9172,0.6316,语义相似待复核,True,False,持有大型客车、牵引车、城市公交车、中型客车、大型货车驾驶证的驾驶人联系电话、从业单位等信息发生变化未及时申报变更信息的，公安机关交通管理部门处二十元以上二百元以下罚款。,持有大型客车、牵引车、城市公交车、中型客车、大型货车驾驶证的驾驶人从业单位等信息发生变化的，应当在信息变更后三十日内，向驾驶证核发地车辆管理所备案。,A,B,正确,错误
402,405,0.9171,0.7826,语义相似待复核,False,False,距离交叉路口50米以内的路段不能停车。,距离桥梁、陡坡、隧道50米以内的路段不能停车。,A,A,正确,正确
1664,1668,0.9171,0.6136,语义相似待复核,False,False,车辆在高速公路以每小时100公里的速度行驶时，距同车道前车100米以上为安全距离。,驾驶机动车在高速公路上行驶，能见度小于200米时，与同车道前车应保持100米以上的距离。,A,A,正确,正确
868,954,0.917,0.6822,语义相似待复核,True,False,机动车驾驶人请他人代为接受交通违法行为处罚和记分，并支付经济利益的，会被处以所支付经济利益三倍以下的罚款，但最高不得超过六万元。,代替实际机动车驾驶人接受交通违法行为处罚和记分牟取经济利益的，由公安机关交通管理部门处违法所得三倍以下罚款，但最高不超过五万元。,B,A,错误,正确
827,1058,0.9168,0.3392,语义相似待复核,False,False,有下列哪种违法行为的机动车驾驶人将被一次记9分？,驾驶人有下列哪种违法行为一次记9分？,A,C,驾驶故意污损号牌的机动车上道路行驶,驾驶机动车在城市快速路上违法停车的
1628,1820,0.9168,0.6742,语义相似待复核,False,False,驾驶车辆向右变更车道时，应提前开启右转向灯，注意观察，在确保安全的情况下，驶入要变更的车道。,驾驶机动车在道路上行驶，欲变更车道时，应提前开启转向灯，在确认安全的前提下，平稳变更车道。,A,A,正确,正确
200,202,0.9167,0.6765,语义相似待复核,False,False,交通肇事致一人以上重伤，负事故全部或者主要责任，并具有下列哪种行为的，构成交通肇事罪?,交通肇事致一人以上重伤，负事故全部或者主要责任，并具有下列哪种行为的，构成交通肇事罪?,B,D,酒后、吸食毒品后驾驶机动车辆的,为逃避法律追究逃离事故现场的
681,686,0.9167,0.5758,语义相似待复核,True,False,在普通城市道路上逆向行驶，将被—次性扣多少分？,驾驶机动车不按规定超车、让行的，或者逆向行驶的，将被—次记多少分？,B,B,3分,3分
767,1748,0.9167,0.5902,语义相似待复核,False,False,驾驶机动车在高速公路行驶时，要严格按照车载导航指示的车速行驶。,驾驶车辆在道路上行驶时，应当按照规定的速度安全行驶。,B,A,错误,正确
1032,2217,0.9167,0.5686,语义相似待复核,False,False,机动车驾驶人初次取得汽车类准驾车型或者初次取得摩托车类准驾车型后的实习期是多长时间？,机动车驾驶人由摩托车类准驾车型增加汽车类准驾车型后的多长时间为实习期？,C,B,12个月,12个月
966,988,0.9166,0.8889,语义相似待复核,False,False,驾驶校车、中型以上载客载货汽车、危险物品运输车辆以外的机动车在高速公路上行驶超过规定时速40%的，—次记6分。,驾驶校车、中型以上载客载货汽车、危险物品运输车辆以外的机动车在高速公路、城市快速路以外的道路上行驶超过规定时速60%的，一次记6分。,A,A,正确,正确
1552,1758,0.9163,0.4364,语义相似待复核,False,False,车辆驶近人行横道时，应怎样做？,驶近没有人行横道的交叉路口时，发现有人横穿道路，应怎样做？,D,A,先减速注意观察行人、非机动车动态，确认安全后再通过,减速或停车让行
837,842,0.9162,0.6588,语义相似待复核,True,False,驾驶机动车在高速公路或者城市快速路以外的道路上行驶时，未按规定系安全带的，一次记多少分？,驾驶机动车在高速公路上不按规定车道行驶的，一次记多少分？,A,C,1分,3分
819,907,0.9159,0.7778,语义相似待复核,True,False,机动车驾驶人请他人代为接受交通违法行为处罚和记分，并支付经济利益的，会被处以所支付经济利益几倍以下的罚款？,机动车驾驶人请他人代为接受交通违法行为处罚和记分，并支付经济利益的，会被处以所支付经济利益三倍以下的罚款，但最高不得超过多少元？,C,D,三倍,5万
1627,1630,0.9147,0.6129,语义相似待复核,False,False,驾驶车辆变更车道时，应提前开启转向灯，注意观察，保持安全距离，驶入要变更的车道。,变更车道时，应开启转向灯，迅速驶入侧方车道。,A,B,正确,错误
296,1628,0.9146,0.5366,语义相似待复核,False,False,驾驶机动车在交叉路口前变更车道时， 应在进入实线区后，开启转向灯，变更车道。,驾驶车辆向右变更车道时，应提前开启右转向灯，注意观察，在确保安全的情况下，驶入要变更的车道。,B,A,错误,正确
245,473,0.9144,0.5474,语义相似待复核,False,False,机动车在一般道路上发生故障，难以移动时，应提前开启危险报警闪光灯并在车后50-100米设置警告标志。,车辆发生故障而无法移动时，首先应在车辆后方50-150米处放置危险警告标志，防止后车追尾。,A,B,正确,错误
474,1662,0.9143,0.5057,语义相似待复核,False,False,高速公路上车辆发生故障后，开启危险报警闪光灯和摆放警告标志是为了向其他车辆求助。,驾驶机动车在高速公路上车辆发生故障时，为获得其他车辆的帮助，可将警告标志放置在其他车道。,B,B,错误,错误
1462,1465,0.9143,0.2903,语义相似待复核,False,False,禁止标线的作用是告知道路使用者道路交通的遵行、禁止、限制等特殊规定。,禁令标志是用以禁止和限制车辆、行人交通行为的标志。,A,A,正确,正确
810,2236,0.9142,0.7479,语义相似待复核,False,False,驾驶人有下列哪种违法行为—次记12分？,驾驶人有下列哪种违法行为一次记6分？,A,C,造成致人轻伤以上或者死亡的交通事故后逃逸，尚不构成犯罪的,造成致人轻微伤或者财产损失的交通事故后逃逸，尚不构成犯罪 的
86,87,0.9141,0.5741,语义相似待复核,False,False,以欺骗、贿赂等不正当手段取得驾驶证被依法撤销驾驶许可的，多长时间不得重新申请驾驶许可？,申请人以欺骗、贿赂等不正当手段取得机动车驾驶证的（被撤销的），申请人在多长时间内不得再次申领机动车驾驶证。,A,D,3年内,3年
226,1809,0.9137,0.549,语义相似待复核,False,False,驾驶机动车在道路上向左变更车道时如何使用灯光？,驾驶机动车在路上靠边停车，应如何使用灯光？,C,D,提前开启左转向灯,提前开启右转向灯
1973,1974,0.9137,0.6296,语义相似待复核,True,False,机动车仪表板上（如图所示）亮，表示行车制动系统可能出现故障。,机动车仪表板上（如图所示）亮时，不影响正常行驶。,A,B,正确,错误
332,333,0.9136,0.5714,语义相似待复核,False,False,驾驶机动车行经市区下列哪种道路时不得超车？,驾驶机动车行经下列哪种路段不得超车？,D,C,交通流量大的路段,人行横道
1021,2236,0.9136,0.486,语义相似待复核,False,False,驾驶人有下列哪种违法行为一次记9分？,驾驶人有下列哪种违法行为一次记6分？,A,C,驾驶故意遮挡、污损机动车号牌 的机动车上道路行驶的,造成致人轻微伤或者财产损失的交通事故后逃逸，尚不构成犯罪 的
96,664,0.9135,0.9062,语义相似待复核,False,False,申请小型汽车驾驶证的，年龄应在18周岁以上70周岁以下。,申请小型汽车、三轮汽车驾驶证的，年龄段在18周岁以上70周岁以下。,B,B,错误,错误
296,1630,0.9135,0.5667,语义相似待复核,False,False,驾驶机动车在交叉路口前变更车道时， 应在进入实线区后，开启转向灯，变更车道。,变更车道时，应开启转向灯，迅速驶入侧方车道。,B,B,错误,错误
314,1627,0.9135,0.5484,语义相似待复核,False,False,驾驶机动车应在变更车道的同时开启转向灯。,驾驶车辆变更车道时，应提前开启转向灯，注意观察，保持安全距离，驶入要变更的车道。,B,A,错误,正确
1532,1546,0.9135,0.1727,语义相似待复核,False,False,行车中需要借道绕过前方障碍物，但对向来车已接近障碍物时，应怎样做？,车辆在交叉路口有优先通行权的，遇有车辆抢行时，应怎样做？,A,D,降低速度或停车，让对向来车优先通行,减速避让，必要时停车让行
1532,1577,0.9133,0.2519,语义相似待复核,False,False,行车中需要借道绕过前方障碍物，但对向来车已接近障碍物时，应怎样做？,会车中遇到对方来车行进有困难需借道时，应怎样做？,A,D,降低速度或停车，让对向来车优先通行,尽量礼让对方先行
1544,1545,0.9133,0.75,语义相似待复核,False,False,通过山区危险路段，尤其是通过经常发生塌方、泥石流的山区地段，应谨慎驾驶，避免停车。,通过经常发生塌方、泥石流的山区地段，避免停车。,A,A,正确,正确
296,1820,0.9131,0.642,语义相似待复核,False,False,驾驶机动车在交叉路口前变更车道时， 应在进入实线区后，开启转向灯，变更车道。,驾驶机动车在道路上行驶，欲变更车道时，应提前开启转向灯，在确认安全的前提下，平稳变更车道。,B,A,错误,正确
44,741,0.913,0.5938,语义相似待复核,False,False,机动车号牌损毁，机动车所有人要向登记地车辆管理所申请补领、换领。,机动车驾驶证遗失、损毁无法辨认时，应当向车辆管理所申请补领。,A,A,正确,正确
1804,1866,0.9129,0.7273,语义相似待复核,False,False,车辆在高速公路以低于每小时100公里的速度行驶时，距同车道前车最低保持100米以上为安全距离。,驾驶机动车以每小时110公里的速度在高速公路上行驶时，与同车道前车最低保持50米以上的安全距离。,B,B,错误,错误
1039,2253,0.9127,0.6667,语义相似待复核,True,False,免予安全技术检验的机动车，在申请注册登记前发生了交通事故，也应进行安全技术检验。,不属于规定免于安全技术检验的机动车，在申请注册登记时还应提交机动车安全技术检验合格证明。,A,A,正确,正确
1709,1834,0.9127,0.4444,语义相似待复核,True,False,夜间通过没有路灯或路灯照明不良时，应将近光灯转换为远光灯，但同向行驶的后车不得使用远光灯。,夜间驾驶机动车通过急弯路时，应交替使用远近光灯。,A,A,正确,正确
352,1022,0.9126,0.6667,语义相似待复核,False,False,驾驶小型汽车在高速公路、城市快速路上行驶超过规定时速50%以上的，—次记多少分？,驾驶校车、中型以上载客载货汽车、危险物品运输车辆以外的机动车在高速公路、城市快速路以外的道路上行驶超过规定时速50%以上的，一次记几分？,D,C,12分,6分
875,1022,0.9126,0.6667,语义相似待复核,False,False,驾驶小型汽车在高速公路、城市快速路上行驶超过规定时速50%以上的，—次记多少分？,驾驶校车、中型以上载客载货汽车、危险物品运输车辆以外的机动车在高速公路、城市快速路以外的道路上行驶超过规定时速50%以上的，一次记几分？,D,C,12分,6分
881,982,0.9126,0.6739,语义相似待复核,False,False,驾驶7座以下载客汽车超过核定载客人数50%以上未达100%的，一次记多少分？,驾驶7座以上载客汽车载人超过核定人数百分之二十以上未达到百分之五十的，一次记多少分？,B,D,6分,6分
334,335,0.9122,0.597,语义相似待复核,False,False,驾驶机动车行经下列哪种路段时不得超车？,驾驶机动车在下列哪种路段不得超车？,B,D,交叉路口,窄桥、弯道
1461,2240,0.9122,0.72,语义相似待复核,False,False,免费停车位的停车标线是什么颜色？,专属停车位的停车标线应该用什么颜色表示？,B,C,蓝色,黄色
121,195,0.912,0.4538,语义相似待复核,False,False,在道路上驾驶机动车追逐竞驶，情节恶劣的，或者在道路上醉酒驾驶机动车的如何处罚？,驾驶机动车在道路上追逐竞驶，情节恶劣，会受到什么处罚？,C,A,处拘役、并处罚金,处拘役，并处罚金
268,279,0.912,0.8,语义相似待复核,True,False,驾驶机动车通过急弯路时，最高速度不能超过多少？,牵引发生事故的机动车时，最高车速不得超过多少？,B,B,30公里/小时,30公里/小时
1563,1564,0.912,0.381,语义相似待复核,False,False,车辆上坡行驶，要提前观察路况、坡道长度，及时减挡使车辆保持充足的动力。,车辆下长坡时要减挡行驶，以充分利用发动机的制动作用。,A,A,正确,正确
1602,1603,0.912,0.4466,语义相似待复核,False,False,驾驶的车辆正在被其他车辆超越时，应怎样做？,遇后车发出超车信号后，只要具备让超条件应怎样做？,B,C,减速，靠右侧行驶,主动减速并靠右侧行驶
510,1789,0.9119,0.427,语义相似待复核,False,False,行车中遇到执行紧急任务的消防车、救护车、工程救险车时要及时让行。,警车、消防车、救护车、工程救险车执行紧急任务时，耽误或影晌其通行可能会导致严重后果， 所以其他车辆和行人应当主动让行。,A,A,正确,正确
671,938,0.9119,0.4819,语义相似待复核,True,False,机动车驾驶证遗失的，机动车驾驶人应当向机动车驾驶证核发地或者核发地以外的车辆管理所申请补发。,机动车驾驶证被依法扣押、扣留或者暂扣期间，机动车驾驶人不得申请补发。,A,A,正确,正确
988,1009,0.9119,0.4957,语义相似待复核,False,False,驾驶校车、中型以上载客载货汽车、危险物品运输车辆以外的机动车在高速公路、城市快速路以外的道路上行驶超过规定时速60%的，一次记6分。,驾驶校车、公路客运汽车、旅游客运汽车、7座以上载客汽车以外的其他载客汽车载人超过核定人数60%的，一次记6分。,A,A,正确,正确
1525,1788,0.9119,0.4806,语义相似待复核,False,False,行车中遇抢救伤员的救护车从本车道逆向驶来时，应怎样做？,驾驶机动车行驶过程中，遇道路养护车辆从本车道逆向驶来时，以下做法正确的是什么？,A,A,靠边减速或停车让行,靠边减速或停车让行
948,1052,0.9118,0.5783,语义相似待复核,False,False,机动车驾驶人初次取得汽车类准驾车型或者初次取得摩托车类准驾车型后的12个月为实习期。,已经持有小型自动挡汽车驾驶证，增加小型汽车准驾车型后的12个月为实习期。,A,B,正确,错误
318,735,0.9116,0.5517,语义相似待复核,True,False,驾驶机动车在道路上超车完毕驶回原车道时开启右转向灯。,驾驶机动车遇同车道行驶的前车开启左转向灯时不得超车。,A,A,正确,正确
507,723,0.9116,0.4225,语义相似待复核,False,False,遇前方路段车道减少行驶缓慢，为了有序、安全，应依次交替通行。,交通警察指挥的交叉路口遇到停车排队等候或者缓慢行驶时，机动车应当依次交替通行。,A,A,正确,正确
1662,1663,0.9116,0.5688,语义相似待复核,True,False,驾驶机动车在高速公路上车辆发生故障时，为获得其他车辆的帮助，可将警告标志放置在其他车道。,驾驶机动车在高速公路上车辆发生故障时，若车辆可以移动至应急车道内，只需开启危险报警闪光灯，警告标志可根据交通流情况选择是否放置。,B,B,错误,错误
60,782,0.9115,0.6721,语义相似待复核,False,False,机动车驾驶人联系电话、联系地址等信息发生变化，应当在信息变更后三十日内，向驾驶证核发地车辆管理所备案。,持有大型客车、牵引车、城市公交车、中型客车、大型货车驾驶证的驾驶人从业单位等信息发生变化的，应当在信息变更后三十日内，向驾驶证核发地车辆管理所备案。,A,B,正确,错误
1866,1896,0.9111,0.6304,语义相似待复核,False,False,驾驶机动车以每小时110公里的速度在高速公路上行驶时，与同车道前车最低保持50米以上的安全距离。,车辆在高速公路以每小时100公里以上的速度行驶时，距同车道前车50米为危险距离。,B,A,错误,正确
948,1053,0.911,0.5714,语义相似待复核,False,False,机动车驾驶人初次取得汽车类准驾车型或者初次取得摩托车类准驾车型后的12个月为实习期。,已经持有小型汽车的驾驶证，增加普通二轮摩托车准驾车型后的12个月为实习期。,A,A,正确,正确
1552,1894,0.9107,0.4262,语义相似待复核,False,False,车辆驶近人行横道时，应怎样做？,夜间驾驶机动车在路口遇前方绿灯亮起时，如果人行横道上仍有行人通过，应怎样做？,D,A,先减速注意观察行人、非机动车动态，确认安全后再通过,及时减速停车让行
340,1605,0.9106,0.5556,语义相似待复核,False,False,驾驶机动车在隧道、陡坡等特殊路段不得超车。,通过隧道时，不得超车。,A,A,正确,正确
473,575,0.9104,0.575,语义相似待复核,False,False,车辆发生故障而无法移动时，首先应在车辆后方50-150米处放置危险警告标志，防止后车追尾。,机动车在道路上发生故障难以移动时要在车后50米以内设置警告标志。,B,B,错误,错误
474,1663,0.9104,0.5472,语义相似待复核,True,False,高速公路上车辆发生故障后，开启危险报警闪光灯和摆放警告标志是为了向其他车辆求助。,驾驶机动车在高速公路上车辆发生故障时，若车辆可以移动至应急车道内，只需开启危险报警闪光灯，警告标志可根据交通流情况选择是否放置。,B,B,错误,错误
1000,1008,0.9102,0.7632,语义相似待复核,False,False,"驾驶载货汽车载物超过最大允许总质量未达到30%, 一次记1分。",驾驶载货汽车载物超过最大允许总质量30%以上未达到50%的， 或者违反规定载客的，一次记3分。,A,A,正确,正确
231,318,0.9101,0.6429,语义相似待复核,True,False,驾驶机动车在道路上向右变更车道可以不使用转向灯。,驾驶机动车在道路上超车完毕驶回原车道时开启右转向灯。,B,A,错误,正确
135,136,0.91,0.597,语义相似待复核,False,False,对有伪造或变造号牌、行驶证嫌疑的车辆，交通警察可依法予以扣留,对有使用伪造或变造检验合格标志嫌疑的车辆，交通警察只进行罚款处罚。,A,B,正确,错误
920,946,0.91,0.8596,语义相似待复核,False,False,机动车驾驶人申请学法减分时，参加道路交通安全法律、法规和相关知识现场学习满一小时且考试合格的，一次扣减1分。,机动车驾驶人申请学法减分时，参加道路交通安全法律、法规和相关知识网上学习三日内累计满三十分钟且考试合格的，一次扣减1分。,B,A,错误,正确
1003,2216,0.9099,0.9136,语义相似待复核,False,False,饮酒后驾驶营运机动车依法被吊销机动车驾驶证未满五年的，不得再次申请机动车驾驶证。,醉酒驾驶营运机动车依法被吊销机动车驾驶证未满十年的，不得申请机动车驾驶证。,A,A,正确,正确
151,154,0.9096,0.5714,语义相似待复核,False,False,机动车驾驶人初次取得汽车类或者摩托车类准驾车型的实习期是多长时间？,机动车驾驶人初次申请机动车驾驶证的多长时间为实习期？,B,B,12个月,12个月
925,926,0.9096,0.75,语义相似待复核,False,False,驾驶机动车会车错误使用远光灯，—次记多少分？,驾驶机动车在道路上行驶，错误使用危险报警闪光灯的，一次记多少分？,D,D,1分,1分
1530,1783,0.9095,0.1947,语义相似待复核,False,False,发现前方道路堵塞，正确的做法是什么？,遇前方路段车道减少，车辆行驶缓慢，为保证安全有序应该怎样做?,D,A,按顺序停车等候,依次交替通行
806,866,0.9094,0.6122,语义相似待复核,False,False,隐瞒有关情况或者提供虚假材料申领机动车驾驶证的，公安机关交通管理部门不予受理或者不予办理，并处多少元以下罚款？,申请人以欺骗、贿赂等不正当手段取得机动车驾驶证的，公安机关交通管理部门收缴机动车驾驶证，撤销机动车驾驶许可，并处多少元以下罚款？,B,D,500元,2000元
339,1606,0.9093,0.5909,语义相似待复核,True,False,驾驶机动车行经城市没有列车通过的铁路道口时允许超车。,通过铁路道口时，不得超车。,B,A,错误,正确
1058,1939,0.9093,0.3145,语义相似待复核,False,False,驾驶人有下列哪种违法行为一次记9分？,以下哪种行为机动车驾驶人将被—次记9分？,C,D,驾驶机动车在城市快速路上违法停车的,驾驶与准驾车型不符的机动车的
1625,1627,0.9093,0.3288,语义相似待复核,True,False,驾驶人在观察后方无来车的情况下，未开转向灯就变更车道也是合理的。,驾驶车辆变更车道时，应提前开启转向灯，注意观察，保持安全距离，驶入要变更的车道。,B,A,错误,正确
810,1021,0.9092,0.6261,语义相似待复核,False,False,驾驶人有下列哪种违法行为—次记12分？,驾驶人有下列哪种违法行为一次记9分？,A,A,造成致人轻伤以上或者死亡的交通事故后逃逸，尚不构成犯罪的,驾驶故意遮挡、污损机动车号牌 的机动车上道路行驶的
245,575,0.9091,0.7529,语义相似待复核,False,False,机动车在一般道路上发生故障，难以移动时，应提前开启危险报警闪光灯并在车后50-100米设置警告标志。,机动车在道路上发生故障难以移动时要在车后50米以内设置警告标志。,A,B,正确,错误
266,1870,0.9088,0.5474,语义相似待复核,True,False,驾驶机动车在进出非机动车道时，最高速度不能超过多少？,驾驶机动车通过学校区域时，最高车速不得超过多少？,A,A,30公里/小时,30公里／小时
36,44,0.9087,0.5823,语义相似待复核,False,False,机动车驾驶证遗失、损毁无法辨认时，机动车驾驶人应当向机动车驾驶证核发地车辆管理所申请补发。,机动车号牌损毁，机动车所有人要向登记地车辆管理所申请补领、换领。,A,A,正确,正确
376,611,0.9087,0.6667,语义相似待复核,False,False,驾驶机动车在没有道路中心线的狭窄山路，靠山体的一方要让不靠山体的—方先行。,在狭窄的山路会车，靠山体的一方视野宽阔，所以要让不靠山体的一方优先行驶。,A,B,正确,错误
1605,1608,0.9087,0.7857,语义相似待复核,False,False,通过隧道时，不得超车。,通过窄路、窄桥时，不得超车。,A,A,正确,正确
2165,2189,0.9087,0.5278,语义相似待复核,False,False,申请转让登记的，以下哪种资料不需要提供？,申请机动车注册登记时，以下哪项材料不需要提交？,D,D,驾驶证,行驶证
2189,2193,0.9087,0.5278,语义相似待复核,False,False,申请机动车注册登记时，以下哪项材料不需要提交？,申请转让登记的，以下哪种资料不需要提供？,D,D,行驶证,驾驶证
869,978,0.9086,0.6133,语义相似待复核,True,False,机动车驾驶人参加审验教育时在签注学习记录、学习过程中弄虚作假的，相应学习记录无效，重新参加审验学习，并处多少元罚款？,机动车驾驶人参加审验教育时在签注学习记录、学习过程中弄虚作假，会受到相应的处罚，以下说法错误的是什么？,C,C,1000元,暂扣机动车驾驶证
885,1021,0.9086,0.4695,语义相似待复核,False,False,驾驶人有下列哪种违法行为—次记6分？,驾驶人有下列哪种违法行为一次记9分？,C,A,造成致人轻微伤或者财产损失的交通事故后逃逸，尚不构成犯罪的,驾驶故意遮挡、污损机动车号牌 的机动车上道路行驶的
981,985,0.9086,0.5344,语义相似待复核,True,False,驾驶校车、中型以上载客载货汽车、危险物品运输车辆以外的机动车在高速公路、城市快速路上行驶超过规定时速百分之五十以上的，一次记12分。,驾驶校车、公路客运汽车、旅游客运汽车、7座以上载客汽车以外的其他载客汽车载人超过核定人数百分之五十以上未达到百分之百的，一次记12分。,A,B,正确,错误
321,735,0.9084,0.5926,语义相似待复核,True,False,驾驶机动车超车后立即开启右转向灯驶回原车道。,驾驶机动车遇同车道行驶的前车开启左转向灯时不得超车。,B,A,错误,正确
578,607,0.9084,0.8364,语义相似待复核,False,False,已经达到报废标准的机动车经大修后可以上路行驶。,已经达到报废标准的机动车在缴纳管理费后可以上路行驶。,B,B,错误,错误
333,335,0.9081,0.6061,语义相似待复核,False,False,驾驶机动车行经下列哪种路段不得超车？,驾驶机动车在下列哪种路段不得超车？,C,D,人行横道,窄桥、弯道
497,499,0.9081,0.2923,语义相似待复核,False,False,驾驶机动车在车道减少的路口，遇到前方车辆依次停车或缓慢行驶时怎么办？,驾驶机动车遇有前方交叉路口交通阻塞时怎么办？,C,A,每车道一辆依次交替驶入路口,依次停在路口外等候
607,765,0.9078,0.5161,语义相似待复核,True,False,已经达到报废标准的机动车在缴纳管理费后可以上路行驶。,达到报废条件的机动车，只要不再上路行驶，就可以不用办理注销登记。,B,B,错误,错误
1543,1563,0.9077,0.3562,语义相似待复核,True,False,车辆在山区上坡路驾驶，减挡要及时、准确、迅速，避免拖挡行驶导致发动机动力不足。,车辆上坡行驶，要提前观察路况、坡道长度，及时减挡使车辆保持充足的动力。,A,A,正确,正确
179,648,0.9075,0.619,语义相似待复核,True,False,驾驶机动车不按交通信号灯指示通行的，一次记6分。,驾驶机动车闯红灯—次扣6分。,A,A,正确,正确
296,1629,0.9075,0.4776,语义相似待复核,False,False,驾驶机动车在交叉路口前变更车道时， 应在进入实线区后，开启转向灯，变更车道。,变更车道时只需开启转向灯，便可迅速转向驶入相应的行车道。,B,B,错误,错误
268,270,0.9071,0.7609,语义相似待复核,False,False,驾驶机动车通过急弯路时，最高速度不能超过多少？,驾驶机动车下陡坡、转弯、掉头时，最高速度不能超过多少？,B,A,30公里/小时,30公里/小时
458,1667,0.9069,0.7976,语义相似待复核,False,False,驾驶机动车在高速公路上行驶，遇低能见度气象条件时，能见度在200米以下，车速不得超过每小时多少公里，与同车道前车至少保持多少米的距离？,驾驶机动车在高速公路上行驶，遇有雾、雨、雪、沙尘、冰雹等低能见度气象条件下， 能见度在100米以下时，车速不得超过每小时多少公里，与同车道前车至少保持多少米的距离？,A,A,60，100,40.50
1547,1758,0.9069,0.381,语义相似待复核,False,False,车辆行至交叉路口，遇有转弯的车辆抢行，应怎样做？,驶近没有人行横道的交叉路口时，发现有人横穿道路，应怎样做？,A,A,停车避让,减速或停车让行
1,7,0.9068,0.5667,语义相似待复核,False,False,驾驶机动车在道路上违反道路通行规定应当接受相应的处罚。,驾驶机动车在道路上违反交通安全法规的行为属于违法行为。,A,A,正确,正确
149,901,0.9068,0.5,语义相似待复核,True,False,驾驶人在一个记分周期内累积记分达到12分的，交通警察依法扣留驾驶证。,机动车驾驶人累积记分未达到12分的，还可以处理其驾驶的其他机动车的交通违法行为记录。,A,A,正确,正确
446,1666,0.9068,0.3979,语义相似待复核,True,False,驾驶机动车在高速公路遇到能见度低于50米的气象条件时，车速不得超过20公里/小时，还应怎么做？,驾驶机动车在高速公路上行驶，遇有雾、雨、雪、沙尘、冰雹等低能见度气象条件时， 能见度在50米以下时， 以下做法正确的是什么？,B,D,尽快驶离高速公路,以不超过每小时20公里的车速从最近的出口尽快驶离高速公路
178,620,0.9065,0.5672,语义相似待复核,False,False,驾驶人驾驶机动车不按交通信号灯指示通行的，一次记多少分？,驾驶机动车不按规定会车的，将被一次记多少分？,C,A,记6分,1分
266,270,0.9065,0.8421,语义相似待复核,False,False,驾驶机动车在进出非机动车道时，最高速度不能超过多少？,驾驶机动车下陡坡、转弯、掉头时，最高速度不能超过多少？,A,A,30公里/小时,30公里/小时
1628,1630,0.9065,0.5588,语义相似待复核,False,False,驾驶车辆向右变更车道时，应提前开启右转向灯，注意观察，在确保安全的情况下，驶入要变更的车道。,变更车道时，应开启转向灯，迅速驶入侧方车道。,A,B,正确,错误
1631,1814,0.9064,0.4412,语义相似待复核,True,False,变更车道时只需开启转向灯，并迅速转向驶入相应的车道，以不妨碍同车道机动车正常行驶。,变更车道时，提前打开转向灯后，就可以立即变更车道。,B,B,错误,错误
464,574,0.9063,0.5487,语义相似待复核,True,False,机动车在高速公路上发生故障时错误的做法是什么？,机动车在道路上发生故障，难以移动时下列做法正确的是什么？,C,A,车上人员不能下车,开启危险报警闪光灯
1552,1760,0.9063,0.3182,语义相似待复核,False,False,车辆驶近人行横道时，应怎样做？,行车中，遇非机动车抢行时，应怎样做？,D,C,先减速注意观察行人、非机动车动态，确认安全后再通过,减速让行
855,856,0.9062,0.7294,语义相似待复核,False,False,机动车驾驶人已通过部分科目考试后，居住地发生变更的，只能回到居住地预约其他考试。,已通过部分科目考试后，居住地发生变更的，可以申请变更考试地，在现居住地预约其他科目考试。,B,A,错误,正确
325,1602,0.906,0.1856,语义相似待复核,False,False,在没有中心线的道路上发现后车发出超车信号时，如果条件许可如何行驶？,驾驶的车辆正在被其他车辆超越时，应怎样做？,D,B,降速靠右让路,减速，靠右侧行驶
874,881,0.906,0.7949,语义相似待复核,True,False,驾驶小型载客汽车超过核定人数100%以上的，一次记多少分？,驾驶7座以下载客汽车超过核定载客人数50%以上未达100%的，一次记多少分？,D,B,12分,6分
1675,1680,0.906,0.7368,语义相似待复核,False,False,行车中当驾驶人意识到爆胎时，应在控制住方向的情况下，轻踏制动踏板，使车辆缓慢减速，逐渐平稳地停靠于路边。,行车中当驾驶人意识到车辆爆胎时，应在控制住方向的情况下采取紧急制动，迫使车辆迅速停住。,A,B,正确,错误
851,852,0.9057,0.7711,语义相似待复核,False,False,已持有C2准驾车型驾驶证申请增加C1准驾车型的，应当考试科目二和科目三。,已持有C1/C2准驾车型增加C6准驾车型的，应当考试科目二和科目三安全文明驾驶常识理论。,A,A,正确,正确
296,1625,0.9056,0.3099,语义相似待复核,True,False,驾驶机动车在交叉路口前变更车道时， 应在进入实线区后，开启转向灯，变更车道。,驾驶人在观察后方无来车的情况下，未开转向灯就变更车道也是合理的。,B,B,错误,错误
786,2222,0.9054,0.6102,语义相似待复核,True,False,上道路行驶的机动车不按规定安装机动车号牌的，一次记12分。,机动车驾驶人使用其他机动车号牌、行驶证的，—次记12分。,B,A,错误,正确
178,842,0.905,0.5946,语义相似待复核,False,False,驾驶人驾驶机动车不按交通信号灯指示通行的，一次记多少分？,驾驶机动车在高速公路上不按规定车道行驶的，一次记多少分？,C,C,记6分,3分
317,735,0.905,0.5283,语义相似待复核,True,False,驾驶机动车在道路上超车时可以不使用转向灯。,驾驶机动车遇同车道行驶的前车开启左转向灯时不得超车。,B,A,错误,正确
1041,1057,0.905,0.8333,语义相似待复核,False,False,连续驾驶载货汽车超过4小时未停车休息或者停车休息时间少于20分钟的，一次记6分。,连续驾驶中型以上载客汽车、危险物品运输车辆超过4小时未停车休息或者停车休息时间少于20分钟的，一次记9分。,B,A,错误,正确
36,938,0.9049,0.5185,语义相似待复核,True,False,机动车驾驶证遗失、损毁无法辨认时，机动车驾驶人应当向机动车驾驶证核发地车辆管理所申请补发。,机动车驾驶证被依法扣押、扣留或者暂扣期间，机动车驾驶人不得申请补发。,A,A,正确,正确
1532,1783,0.9049,0.2535,语义相似待复核,False,False,行车中需要借道绕过前方障碍物，但对向来车已接近障碍物时，应怎样做？,遇前方路段车道减少，车辆行驶缓慢，为保证安全有序应该怎样做?,A,A,降低速度或停车，让对向来车优先通行,依次交替通行
1564,1574,0.9049,0.6786,语义相似待复核,False,False,车辆下长坡时要减挡行驶，以充分利用发动机的制动作用。,车辆下坡行驶，要适当控制车速，充分利用发动机进行制动。,A,A,正确,正确
1713,1886,0.9049,0.4364,语义相似待复核,False,False,夜间尾随前车行驶时，后车可以使用远光灯。,夜间在没有照明的路段，与前车跟车距离较近时，应当开启远光灯照明。,B,B,错误,错误
226,1817,0.9048,0.5545,语义相似待复核,False,False,驾驶机动车在道路上向左变更车道时如何使用灯光？,驾驶机动车完成超车、驶回原车道时，应该怎样使用灯光？,C,B,提前开启左转向灯,开启右转向灯
840,916,0.9048,0.4706,语义相似待复核,True,False,驾驶机动车违反禁令标志、禁止标线指示的，一次记多少分？,上道路行驶的机动车不按规定安装机动车号牌的，一次记几分？,C,C,1分,3分
185,682,0.9047,0.775,语义相似待复核,False,False,"造成交通事故后逃逸且构成犯罪的驾驶人,将吊销驾驶证且终生不得重新取得驾驶证。",机动车驾驶人造成事故后逃逸构成犯罪的，吊销驾驶证且5年内不得重新取得驾驶证。,A,B,正确,错误
2171,2172,0.9047,0.3261,语义相似待复核,True,False,车辆管理所收到机动车所有人补领、换领机动车号牌的申请后，自受理之日起多少日内补发、换发号牌？,补发、换发号牌期间，申请人可以申领有效期不超过多少日的临时行驶车号牌？,D,D,十五日,十五日
2171,2200,0.9047,0.3261,语义相似待复核,True,False,车辆管理所收到机动车所有人补领、换领机动车号牌的申请后，自受理之日起多少日内补发、换发号牌？,补发、换发号牌期间，申请人可以申领有效期不超过多少日的临时行驶车号牌？,D,D,十五日,十五日
2172,2199,0.9047,0.3261,语义相似待复核,True,False,补发、换发号牌期间，申请人可以申领有效期不超过多少日的临时行驶车号牌？,车辆管理所收到机动车所有人补领、换领机动车号牌的申请后，自受理之日起多少日内补发、换发号牌？,D,D,十五日,十五日
2199,2200,0.9047,0.3261,语义相似待复核,True,False,车辆管理所收到机动车所有人补领、换领机动车号牌的申请后，自受理之日起多少日内补发、换发号牌？,补发、换发号牌期间，申请人可以申领有效期不超过多少日的临时行驶车号牌？,D,D,十五日,十五日
1014,2236,0.9046,0.4463,语义相似待复核,True,False,关于交通违法行为，以下错误的说法是什么？,驾驶人有下列哪种违法行为一次记6分？,A,C,造成致人轻微伤或者财产损失的交通事故后逃逸，尚不构成犯罪的一次记9分,造成致人轻微伤或者财产损失的交通事故后逃逸，尚不构成犯罪 的
954,1005,0.9045,0.6861,语义相似待复核,False,False,代替实际机动车驾驶人接受交通违法行为处罚和记分牟取经济利益的，由公安机关交通管理部门处违法所得三倍以下罚款，但最高不超过五万元。,组织、参与实施以欺骗、贿赂等不正当手段取得机动车驾驶证并牟取经济利益的，由公安机关交通管理部门处违法所得三倍以上五倍以下罚款，但最高不超过十万元。,A,A,正确,正确
954,2244,0.9045,0.6861,语义相似待复核,False,False,代替实际机动车驾驶人接受交通违法行为处罚和记分牟取经济利益的，由公安机关交通管理部门处违法所得三倍以下罚款，但最高不超过五万元。,组织、参与实施以欺骗、贿赂等不正当手段取得机动车驾驶证并牟取经济利益的，由公安机关交通管理部门处违法所得三倍以上五倍以下罚款，但最高不超过十万元。,A,A,正确,正确
954,2255,0.9045,0.6861,语义相似待复核,False,False,代替实际机动车驾驶人接受交通违法行为处罚和记分牟取经济利益的，由公安机关交通管理部门处违法所得三倍以下罚款，但最高不超过五万元。,组织、参与实施以欺骗、贿赂等不正当手段取得机动车驾驶证并牟取经济利益的，由公安机关交通管理部门处违法所得三倍以上五倍以下罚款，但最高不超过十万元。,A,A,正确,正确
954,2265,0.9045,0.6861,语义相似待复核,False,False,代替实际机动车驾驶人接受交通违法行为处罚和记分牟取经济利益的，由公安机关交通管理部门处违法所得三倍以下罚款，但最高不超过五万元。,组织、参与实施以欺骗、贿赂等不正当手段取得机动车驾驶证并牟取经济利益的，由公安机关交通管理部门处违法所得三倍以上五倍以下罚款，但最高不超过十万元。,A,A,正确,正确
658,743,0.9044,0.5278,语义相似待复核,True,False,机动车驾驶证被暂扣期间驾驶机动车的，由公安机关交通管理部门处两百元以上二千元以下罚款，可以并处以下哪种处罚？,造成交通事故后逃逸，尚不构成犯罪的，公安机关交通管理部门除按照规定罚款外，还可以并处()?,A,B,15日以下拘留,15日以下拘留
266,268,0.9043,0.7312,语义相似待复核,False,False,驾驶机动车在进出非机动车道时，最高速度不能超过多少？,驾驶机动车通过急弯路时，最高速度不能超过多少？,A,B,30公里/小时,30公里/小时
112,2222,0.9042,0.5417,语义相似待复核,False,False,使用伪造、变造的驾驶证一次记12分。,机动车驾驶人使用其他机动车号牌、行驶证的，—次记12分。,A,A,正确,正确
660,699,0.9039,0.3802,语义相似待复核,True,False,因饮酒后驾驶机动车被处罚，再次饮酒后驾驶机动车的处十日以下拘留，并处1000元以上2000元以下罚款， 吊销机动车驾驶证。,饮酒后或者醉酒驾驶机动车发生重大交通事故构成犯罪的，依法追究刑事责任，吊销机动车驾驶证， 10 年内不得重新取得机动车驾驶证。,A,B,正确,错误
76,771,0.9037,0.7059,语义相似待复核,False,False,驾驶人因服兵役、出国（境）等原因延期审验期间不得驾驶机动车。,驾驶人因服兵役、出国（境）等原因无法办理审验时，延期审验期限最长不得超过1年。,A,B,正确,错误
716,1640,0.9037,0.5085,语义相似待复核,False,False,驾驶机动车驶离高速公路进入匝道后，应将车速降到限定速度以下。,车辆驶离高速公路时，应当经减速车道减速后进入匝道。,A,A,正确,正确
1080,1335,0.9037,0.459,语义相似待复核,False,False,禁令标志的作用是什么？,指示标线的作用是什么？,A,B,禁止或限制行为,指示通行
1596,1602,0.9035,0.268,语义相似待复核,False,False,行车中突遇对方车辆强行超车，占据自己车道，正确的做法是什么？,驾驶的车辆正在被其他车辆超越时，应怎样做？,B,B,尽可能减速避让、直至停车,减速，靠右侧行驶
189,194,0.9034,0.9024,语义相似待复核,False,False,驾驶人违反交通运输管理法规发生重大事故致人死亡的处3年以上有期徒刑。,驾驶人违反交通运输管理法规发生重大事故后，因逃逸致人死亡的，处3年以上7年以下有期徒刑。,B,B,错误,错误
295,380,0.9034,0.0925,语义相似待复核,True,False,驾驶机动车通过未设置交通信号灯的交叉路口时，下列说法错误的是什么？,在路口右转弯遇同车道前车等候放行信号时如何行驶？,D,D,相对方向行驶的左转弯机动车让右转弯的车辆先行,依次停车等候
1630,1814,0.9033,0.6122,语义相似待复核,False,False,变更车道时，应开启转向灯，迅速驶入侧方车道。,变更车道时，提前打开转向灯后，就可以立即变更车道。,B,B,错误,错误
178,641,0.9032,0.5882,语义相似待复核,False,False,驾驶人驾驶机动车不按交通信号灯指示通行的，一次记多少分？,驾驶机动车不按规定使用灯光的，将被—次记多少分？,C,A,记6分,1分
1596,1598,0.9032,0.3107,语义相似待复核,False,False,行车中突遇对方车辆强行超车，占据自己车道，正确的做法是什么？,行车中遇到后方车辆要求超车时，应怎样做？,B,A,尽可能减速避让、直至停车,及时减速、观察后靠右行驶让行
1674,1679,0.9032,0.6429,语义相似待复核,True,False,车辆后轮胎爆裂，车尾会摇摆不定，驾驶人应双手紧握转向盘，控制车辆保持直线行驶，减速停车。,行车中当车辆前轮爆胎已发生转向时，驾驶人应双手紧握转向盘，尽力控制车辆直线行驶。,A,A,正确,正确
1713,1803,0.9032,0.4865,语义相似待复核,True,False,夜间尾随前车行驶时，后车可以使用远光灯。,夜间通过没有路灯或路灯照明不良的路口，同方向行驶的后车与前车近距离行驶时， 可以使用远光灯提醒前车注意。,B,B,错误,错误
54,2162,0.9031,0.434,语义相似待复核,False,False,已注册登记的小型载客汽车有下列哪种情形，所有人不需要办理变更登记？,以下哪种情况不需要办理变更登记？,B,D,加装前后防撞装置,增加机动车内饰
54,2190,0.9031,0.434,语义相似待复核,False,False,已注册登记的小型载客汽车有下列哪种情形，所有人不需要办理变更登记？,以下哪种情况不需要办理变更登记？,B,D,加装前后防撞装置,增加机动车内饰
173,850,0.9031,0.4076,语义相似待复核,True,False,机动车驾驶人累计记分达到12分，拒不参加公安机关交通管理部门通知的学习，也不接受考试的，由公安机关交通管理部门公告其驾驶证停止使用。,临时入境机动车驾驶人的临时机动车驾驶许可在—个记分周期内累积记分达到12分，未按规定参加道路交通安全法律、法规和相关知识学习、考试的，不得申请机动车驾驶证或者再次申请临时机动车驾驶许可。,A,A,正确,正确
225,237,0.903,0.6531,语义相似待复核,False,False,夜间在没有中心线的道路上会车，距离对向车辆多少米改用近光灯？,夜间在道路上会车时，距离对向来车多远将远光灯改用近光灯？,C,B,150米以外,150米以外
225,1932,0.903,0.6531,语义相似待复核,False,False,夜间在没有中心线的道路上会车，距离对向车辆多少米改用近光灯？,夜间在道路上会车时，距离对向来车多远将远光灯改用近光灯？,C,B,150米以外,150米以外
1547,1760,0.903,0.3373,语义相似待复核,False,False,车辆行至交叉路口，遇有转弯的车辆抢行，应怎样做？,行车中，遇非机动车抢行时，应怎样做？,A,C,停车避让,减速让行
224,1628,0.9029,0.4086,语义相似待复核,True,False,驾驶机动车在路口右转弯时，应提前开启右转向灯，不受信号灯限制，不受车速限制，迅速通过，防止路口堵塞。,驾驶车辆向右变更车道时，应提前开启右转向灯，注意观察，在确保安全的情况下，驶入要变更的车道。,B,A,错误,正确
142,606,0.9025,0.4375,语义相似待复核,True,False,驾驶人有使用其他车辆保险标志嫌疑的，交通警察可依法扣留车辆。,交通警察对未放置保险标志上道路行驶的车辆可依法扣留驾驶证。,A,B,正确,错误
245,1663,0.9024,0.5439,语义相似待复核,True,False,机动车在一般道路上发生故障，难以移动时，应提前开启危险报警闪光灯并在车后50-100米设置警告标志。,驾驶机动车在高速公路上车辆发生故障时，若车辆可以移动至应急车道内，只需开启危险报警闪光灯，警告标志可根据交通流情况选择是否放置。,A,B,正确,错误
470,1662,0.9023,0.4396,语义相似待复核,False,False,高速公路上车辆发生故障后，开启危险报警闪光灯和摆放警告标志的作用是警告后续车辆注意避让。,驾驶机动车在高速公路上车辆发生故障时，为获得其他车辆的帮助，可将警告标志放置在其他车道。,A,B,正确,错误
1532,1579,0.9022,0.3143,语义相似待复核,True,False,行车中需要借道绕过前方障碍物，但对向来车已接近障碍物时，应怎样做？,会车前选择的交会位置不理想时，应怎样做？,A,B,降低速度或停车，让对向来车优先通行,减速、低速会车或停车让行
386,500,0.9021,0.5,语义相似待复核,False,False,在没有交通信号指示的交叉路口，转弯的机动车让直行的车辆和行人先行。,驾驶机动车在没有交通信号的路口遇到前方车辆缓慢行驶时要依次交替通行。,A,A,正确,正确
1601,1757,0.9021,0.1786,语义相似待复核,False,False,进入左侧道路超车，无法保证与正常行驶前车的横向安全间距时，应怎样做？,行车中超越右侧停放的车辆时，为预防其突然起步或开启车门，应怎样做？,C,A,放弃超车,预留出横向安全距离，减速行驶
498,1925,0.902,0.2857,语义相似待复核,False,False,驾驶机动车遇到前方车辆停车排队等候或缓慢行驶时怎么办？,驾驶机动车遇前方道路拥堵通行缓慢时怎样行驶？,D,A,依次行驶,依次跟车行驶
886,1018,0.902,0.561,语义相似待复核,False,False,小型汽车载客超过额定人员20%以上未达到50%以上的，一次记多少分？,驾驶校车、公路客运汽车、 旅游客运汽车载人超过核定人数未达20%的，一次记几分？,A,B,3分,6分
1599,1602,0.9019,0.2796,语义相似待复核,True,False,驾驶人在超车时，前方车辆不减速、不让道，应怎样做？,驾驶的车辆正在被其他车辆超越时，应怎样做？,C,B,停止继续超车,减速，靠右侧行驶
1631,1820,0.9019,0.3953,语义相似待复核,True,False,变更车道时只需开启转向灯，并迅速转向驶入相应的车道，以不妨碍同车道机动车正常行驶。,驾驶机动车在道路上行驶，欲变更车道时，应提前开启转向灯，在确认安全的前提下，平稳变更车道。,B,A,错误,正确
790,1063,0.9017,0.4789,语义相似待复核,False,False,3年内有下列哪种行为的人不得申请机动车驾驶证？,有下列哪种行为的人不得申请机动车驾驶证？,A,D,代替他人参加机动车驾驶人考试,三年内有代替他人参加机动车驾驶人考试行为的
549,687,0.9015,0.5913,语义相似待复核,True,False,驾驶机动车发生财产损失交通事故，当事人对事实及成因无争议的可先撤离现场。,驾驶机动车在道路上发生事故，未造成人身伤亡或仅造成轻微财产损失，基本事实清 楚，当事人对事实及成因无争议的，可以即行撤离现场，恢复交通，自行协商处理损害赔偿事宜。,A,A,正确,正确
252,1716,0.9014,0.4889,语义相似待复核,False,False,雾天行车为了提高能见度，应该开启远光灯。,浓雾天气能见度低，开启远光灯会提高能见度。,B,B,错误,错误
899,964,0.9014,0.3776,语义相似待复核,True,False,机动车驾驶人申请学法减分时时，—个记分周期内，累计最高扣减几分？,机动车驾驶人处理完交通违法行为记录后累积记分未满12分，参加公安机关交通管理部门组织的交通安全教育并达到规定要求的，可以申请在机动车驾驶人现有累积记分分值中扣减记分。在—个记分周期内累计最高可以扣减几分？,B,B,6分,6分
705,1650,0.9013,0.7442,语义相似待复核,True,False,车辆在高速公路匝道上掉头时，应确保后方无来车。,车辆不得在高速公路匝道上掉头。,B,A,错误,正确
222,1817,0.9011,0.4231,语义相似待复核,False,False,驾驶机动车在道路上靠路边停车过程中如何使用灯光？,驾驶机动车完成超车、驶回原车道时，应该怎样使用灯光？,D,B,提前开启右转向灯,开启右转向灯
164,167,0.901,0.7714,语义相似待复核,False,False,道路交通安全违法行为累积记分的周期是多长时间？,道路交通违法行为累积记分周期是多长时间？,C,B,12个月,12个月
943,1486,0.9008,0.5263,语义相似待复核,True,False,未取得机动车驾驶证驾驶机动车，发生负同等以上责任交通事故造成人员重伤或者死亡未满十年的，不得申请机动车驾驶证。,机动车驾驶人造成重大交通事故后逃逸，构成犯罪的，十年内不能申请机动车驾驶证。,A,B,正确,错误
498,1530,0.9006,0.1837,语义相似待复核,False,False,驾驶机动车遇到前方车辆停车排队等候或缓慢行驶时怎么办？,发现前方道路堵塞，正确的做法是什么？,D,D,依次行驶,按顺序停车等候
1628,1631,0.9006,0.4368,语义相似待复核,True,False,驾驶车辆向右变更车道时，应提前开启右转向灯，注意观察，在确保安全的情况下，驶入要变更的车道。,变更车道时只需开启转向灯，并迅速转向驶入相应的车道，以不妨碍同车道机动车正常行驶。,A,B,正确,错误
64,1034,0.9005,0.4516,语义相似待复核,False,False,已注册登记的机动车，改变车身颜色，机动车所有人不需要向登记地车辆管理所申请变更登记。,小型、微型载客汽车因改变车身颜色申请变更登记，车辆不在登记地的，可以向车辆所在地车辆管理所提出申请。,B,A,错误,正确
1625,1631,0.9003,0.2368,语义相似待复核,True,False,驾驶人在观察后方无来车的情况下，未开转向灯就变更车道也是合理的。,变更车道时只需开启转向灯，并迅速转向驶入相应的车道，以不妨碍同车道机动车正常行驶。,B,B,错误,错误
26,791,0.9002,0.6824,语义相似待复核,True,False,初次申领机动车驾驶证的，可以申请下列哪种准驾车型？,初次申领机动车驾驶证的，不得申请下列哪种准驾车型？,C,D,普通三轮摩托车,轻型牵引挂车
180,889,0.9002,0.6027,语义相似待复核,True,False,驾驶机动车在高速公路违法占用应急车道行驶的一次记6分。,驾驶机动车不按规定超车、让行，或者在高速公路、城市快速路以外的道路上逆行的，一次记6分。,A,B,正确,错误
222,637,0.9002,0.2628,语义相似待复核,False,False,驾驶机动车在道路上靠路边停车过程中如何使用灯光？,关于驾驶机动车时转向灯的使用，以下说法正确的是什么？,D,C,提前开启右转向灯,靠边停车时应提前开启右转向灯
881,2234,0.9002,0.6966,语义相似待复核,False,False,驾驶7座以下载客汽车超过核定载客人数50%以上未达100%的，一次记多少分？,驾驶7座以下载客汽车载人超过核定人数百分之二十以上未达百分之五十的，一次记记分？,B,C,6分,3分
878,892,0.9001,0.5763,语义相似待复核,True,False,驾驶机动车在高速公路上违法停车的，一次记12分。,驾驶不按规定安装机动车号牌的机动车上道路行驶的，一次记12分。,B,B,错误,错误
178,840,0.9,0.4722,语义相似待复核,True,False,驾驶人驾驶机动车不按交通信号灯指示通行的，一次记多少分？,驾驶机动车违反禁令标志、禁止标线指示的，一次记多少分？,C,C,记6分,1分
94,2241,0.8999,0.8333,语义相似待复核,True,False,年满20周岁，可以初次申请下列哪种准驾车型？,年满20周岁的，不可以申请以下哪种准驾车型？,A,B,大型货车,大型客车
497,1783,0.8999,0.2158,语义相似待复核,False,False,驾驶机动车在车道减少的路口，遇到前方车辆依次停车或缓慢行驶时怎么办？,遇前方路段车道减少，车辆行驶缓慢，为保证安全有序应该怎样做?,C,A,每车道一辆依次交替驶入路口,依次交替通行
498,1529,0.8999,0.2292,语义相似待复核,False,False,驾驶机动车遇到前方车辆停车排队等候或缓慢行驶时怎么办？,行车中发现前方道路拥堵时，应怎样做？,D,C,依次行驶,减速停车，依次排队等候
682,847,0.8998,0.3571,语义相似待复核,True,False,机动车驾驶人造成事故后逃逸构成犯罪的，吊销驾驶证且5年内不得重新取得驾驶证。,驾驶机动车追逐竞驶，构成犯罪的，依法被吊销机动车驾驶证未满五年的，不得申请机动车驾驶证。,B,A,错误,正确
1631,1721,0.8997,0.4634,语义相似待复核,True,False,变更车道时只需开启转向灯，并迅速转向驶入相应的车道，以不妨碍同车道机动车正常行驶。,在高速公路变更车道时，应提前开启转向灯，观察情况，确认安全后，驶入需要变更的车道。,B,A,错误,正确
1675,1676,0.8995,0.4158,语义相似待复核,False,False,行车中当驾驶人意识到爆胎时，应在控制住方向的情况下，轻踏制动踏板，使车辆缓慢减速，逐渐平稳地停靠于路边。,行车中当车辆突然爆胎时，驾驶人切忌慌乱中急踏制动踏板，尽量采用“抢挡”的方法，利用发动机制动使车辆减速。,A,A,正确,正确
477,483,0.8993,0.6452,语义相似待复核,False,False,驾驶机动车遇到漫水桥时要察明水情确认安全后再低速通过。,驾驶机动车行经漫水路或者漫水桥时，应当停车察明水情，快速通过。,A,B,正确,错误
1518,1519,0.8993,0.7879,语义相似待复核,False,False,车辆在雨天临时停车时，应开启什么灯？,车辆在雪天临时停车时，应开启什么灯？,B,D,危险报警闪光灯,危险报警闪光灯
639,1707,0.8991,0.5778,语义相似待复核,False,False,夜间驾驶机动车在有路灯照明的路段起步，应开启远光灯。,夜间起步前，应当先开启近光灯。,B,A,错误,正确
122,1003,0.899,0.4118,语义相似待复核,True,False,有醉酒驾驶机动车行为的，5年内不得重新获取驾照。,饮酒后驾驶营运机动车依法被吊销机动车驾驶证未满五年的，不得再次申请机动车驾驶证。,A,A,正确,正确
620,641,0.899,0.8421,语义相似待复核,False,False,驾驶机动车不按规定会车的，将被一次记多少分？,驾驶机动车不按规定使用灯光的，将被—次记多少分？,A,A,1分,1分
885,1014,0.8989,0.4564,语义相似待复核,True,False,驾驶人有下列哪种违法行为—次记6分？,关于交通违法行为，以下错误的说法是什么？,C,A,造成致人轻微伤或者财产损失的交通事故后逃逸，尚不构成犯罪的,造成致人轻微伤或者财产损失的交通事故后逃逸，尚不构成犯罪的一次记9分
1709,1844,0.8988,0.2791,语义相似待复核,True,False,夜间通过没有路灯或路灯照明不良时，应将近光灯转换为远光灯，但同向行驶的后车不得使用远光灯。,夜间驾驶机动车会车时，可开启远光灯，以便本车和对向车辆能够更好的看清路面情况。,A,B,正确,错误
149,1001,0.8987,0.4225,语义相似待复核,True,False,驾驶人在一个记分周期内累积记分达到12分的，交通警察依法扣留驾驶证。,累积记分未满12分，可以处理其驾驶的其他机动车的交通违法行为记录。,A,A,正确,正确
2105,2108,0.8985,0.5625,语义相似待复核,False,False,以下选项中，自适应巡航系统的英文缩写是什么？,以下选项中，前方防碰撞预警系统的缩写是什么？,B,D,ACC,FCW
966,989,0.8984,0.8718,语义相似待复核,False,False,驾驶校车、中型以上载客载货汽车、危险物品运输车辆以外的机动车在高速公路上行驶超过规定时速40%的，—次记6分。,驾驶校车、中型以上载客载货汽车、危险物品运输车辆以外的机动车在高速公路、城市快速路上行驶超过规定时速百分之五十以上的，一次记6分。,A,B,正确,错误
981,989,0.8983,0.9767,语义相似待复核,False,False,驾驶校车、中型以上载客载货汽车、危险物品运输车辆以外的机动车在高速公路、城市快速路上行驶超过规定时速百分之五十以上的，一次记12分。,驾驶校车、中型以上载客载货汽车、危险物品运输车辆以外的机动车在高速公路、城市快速路上行驶超过规定时速百分之五十以上的，一次记6分。,A,B,正确,错误
1598,1757,0.8982,0.2963,语义相似待复核,False,False,行车中遇到后方车辆要求超车时，应怎样做？,行车中超越右侧停放的车辆时，为预防其突然起步或开启车门，应怎样做？,A,A,及时减速、观察后靠右行驶让行,预留出横向安全距离，减速行驶
511,1864,0.8981,0.6269,语义相似待复核,False,False,行车中遇到正在进行作业的道路养护车辆、工程作业车时要注意避让。,驾驶机动车在路上行驶，遇到正在进行作业的工程救险车时，要主动避让。,A,A,正确,正确
1379,1601,0.898,0.2353,语义相似待复核,False,False,驾驶的车辆正在被其他车辆超越时，若此时后方有跟随行驶的车辆，应怎样做？,进入左侧道路超车，无法保证与正常行驶前车的横向安全间距时，应怎样做？,B,C,稍向右侧行驶，保证横向安全距离,放弃超车
1552,1943,0.898,0.1304,语义相似待复核,True,False,车辆驶近人行横道时，应怎样做？,在机动车道上遇到非机动车违法占用车道行驶，且妨碍机动车前进时，以下错误的做法是什么？,D,C,先减速注意观察行人、非机动车动态，确认安全后再通过,持续鸣喇叭警告非机动车避让
172,889,0.8979,0.5974,语义相似待复核,True,False,驾驶机动车在高速公路上倒车、逆行、穿越中央分隔带掉头的一次记6分。,驾驶机动车不按规定超车、让行，或者在高速公路、城市快速路以外的道路上逆行的，一次记6分。,B,B,错误,错误
1530,1925,0.8979,0.2581,语义相似待复核,False,False,发现前方道路堵塞，正确的做法是什么？,驾驶机动车遇前方道路拥堵通行缓慢时怎样行驶？,D,A,按顺序停车等候,依次跟车行驶
1625,1628,0.8978,0.4051,语义相似待复核,True,False,驾驶人在观察后方无来车的情况下，未开转向灯就变更车道也是合理的。,驾驶车辆向右变更车道时，应提前开启右转向灯，注意观察，在确保安全的情况下，驶入要变更的车道。,B,A,错误,正确
1809,1817,0.8977,0.4646,语义相似待复核,False,False,驾驶机动车在路上靠边停车，应如何使用灯光？,驾驶机动车完成超车、驶回原车道时，应该怎样使用灯光？,D,B,提前开启右转向灯,开启右转向灯
149,902,0.8976,0.4865,语义相似待复核,False,False,驾驶人在一个记分周期内累积记分达到12分的，交通警察依法扣留驾驶证。,机动车驾驶人累积记分满12分的，还可以处理其他机动车的交通违法行为记录。,A,B,正确,错误
314,1631,0.8974,0.4308,语义相似待复核,True,False,驾驶机动车应在变更车道的同时开启转向灯。,变更车道时只需开启转向灯，并迅速转向驶入相应的车道，以不妨碍同车道机动车正常行驶。,B,B,错误,错误
1532,1758,0.8974,0.3088,语义相似待复核,False,False,行车中需要借道绕过前方障碍物，但对向来车已接近障碍物时，应怎样做？,驶近没有人行横道的交叉路口时，发现有人横穿道路，应怎样做？,A,A,降低速度或停车，让对向来车优先通行,减速或停车让行
1711,2100,0.8974,0.3939,语义相似待复核,True,False,夜间通过无交通信号灯控制的交叉路口时，不得变换远、近光灯。,夜间驾驶机动车通过急弯、坡路、拱桥、人行横道时，应当交替使用远近光灯示意。,B,A,错误,正确
1019,1020,0.8973,0.3846,语义相似待复核,False,False,驾驶人有下列哪种违法行为一次记12分？,驾驶人有下列哪种违法行为一次记1分？,B,B,代替实际机动车驾驶人接受交通违法行为处罚和记分牟取经济利益的,驾驶机动车在道路上行驶时，机动车驾驶人未按规定系安全带的
370,383,0.8972,0.4043,语义相似待复核,False,False,驾驶机动车在没有中心线的道路上遇相对方向来车时怎样行驶？,驾驶机动车通过没有交通信号的交叉路口怎样行驶？,A,A,减速靠右行驶,减速慢行
1666,1667,0.8972,0.5049,语义相似待复核,True,False,驾驶机动车在高速公路上行驶，遇有雾、雨、雪、沙尘、冰雹等低能见度气象条件时， 能见度在50米以下时， 以下做法正确的是什么？,驾驶机动车在高速公路上行驶，遇有雾、雨、雪、沙尘、冰雹等低能见度气象条件下， 能见度在100米以下时，车速不得超过每小时多少公里，与同车道前车至少保持多少米的距离？,D,A,以不超过每小时20公里的车速从最近的出口尽快驶离高速公路,40.50
655,1803,0.8971,0.26,语义相似待复核,True,False,夜间驾驶机动车在路口遇前方绿灯亮起时，如果人行横道上仍有行人通过，应开启远光灯催促其尽快通过。,夜间通过没有路灯或路灯照明不良的路口，同方向行驶的后车与前车近距离行驶时， 可以使用远光灯提醒前车注意。,B,B,错误,错误
951,1868,0.897,0.4615,语义相似待复核,False,False,机动车驾驶证被依法扣押、扣留或者暂扣期间，采用隐瞒、欺骗手段补领机动车驾驶证的，会收到下列哪种处罚？,驾驶人机动车驾驶证被吊销后，使用伪造的机动车驾驶证，会受到下列哪种处罚？,C,D,处二百元以上五百元以下罚款,处十五日以下拘留并处罚金
231,1628,0.8969,0.4444,语义相似待复核,True,False,驾驶机动车在道路上向右变更车道可以不使用转向灯。,驾驶车辆向右变更车道时，应提前开启右转向灯，注意观察，在确保安全的情况下，驶入要变更的车道。,B,A,错误,正确
883,2219,0.8969,0.7952,语义相似待复核,True,False,驾驶小型汽车在普通公路上行驶，超过规定时速50%以上的，一次记多少分？,驾驶小型汽车的高速公路上行驶超过规定时速的20%未达50%的，一次记多少分？,B,C,6分,6分
1379,1603,0.8969,0.3175,语义相似待复核,False,False,驾驶的车辆正在被其他车辆超越时，若此时后方有跟随行驶的车辆，应怎样做？,遇后车发出超车信号后，只要具备让超条件应怎样做？,B,C,稍向右侧行驶，保证横向安全距离,主动减速并靠右侧行驶
682,1692,0.8966,0.6869,语义相似待复核,False,False,机动车驾驶人造成事故后逃逸构成犯罪的，吊销驾驶证且5年内不得重新取得驾驶证。,驾驶机动车造成重大交通事故后逃逸，构成犯罪的，由公安机关交通管理部门吊销机动车驾驶证，且终生不得重新取得机动车驾驶证。,B,A,错误,正确
46,938,0.8965,0.3478,语义相似待复核,False,False,机动车驾驶人补领机动车驾驶证后，原机动车驾驶证作废，不得继续使用。,机动车驾驶证被依法扣押、扣留或者暂扣期间，机动车驾驶人不得申请补发。,A,A,正确,正确
127,128,0.8965,0.6769,语义相似待复核,False,False,对驾驶已达到报废标准的机动车上路行驶的驾驶人，会受到下列哪种处罚？,对驾驶拼装机动车上路行驶的驾驶人，会受到下列哪种处罚？,B,C,吊销机动车驾驶证,处200以上2000元以下罚款
996,1074,0.8965,0.6355,语义相似待复核,True,False,驾驶校车、公路客运汽车、旅游客运汽车载人超过核定人数百分之多少以上的，一次记12分？,驾驶校车、公路客运汽车、 旅游客运汽车载人超过核定人数百分之二十未达百分之五十的，一次记几分？,D,D,百分之二十,12分
320,735,0.8964,0.5484,语义相似待复核,True,False,驾驶机动车超车应该提前开启左转向灯、变换使用远近光灯或鸣喇叭。,驾驶机动车遇同车道行驶的前车开启左转向灯时不得超车。,A,A,正确,正确
883,1022,0.8964,0.5818,语义相似待复核,False,False,驾驶小型汽车在普通公路上行驶，超过规定时速50%以上的，一次记多少分？,驾驶校车、中型以上载客载货汽车、危险物品运输车辆以外的机动车在高速公路、城市快速路以外的道路上行驶超过规定时速50%以上的，一次记几分？,B,C,6分,6分
89,2095,0.8963,0.6853,语义相似待复核,True,False,机动车驾驶人补领机动车驾驶证后， 使用原机动车驾驶证驾驶的，除由公安机关交通管理部门收回原机动车驾驶证外，还应当受到何种处罚？,机动车驾驶人身体条件发生变化不适合驾驶机动车，依旧驾驶机动车的，由公安机关交通管理部门收回机动车驾驶证，还会受到什么处罚？,D,A,罚款,罚款
754,1816,0.8963,0.4267,语义相似待复核,False,False,遇前方道路发生交通事故时，在交通警察的指挥下可以临时占用对向车道。,在没有交通信号灯的路口遇停车等待时，可以临时占用对面车道，以免造成更大的拥堵。,A,B,正确,错误
1690,2308,0.8963,0.7872,语义相似待复核,False,False,隐瞒有关情况或者提供虚假材料申领机动车驾驶证的，申请人在1年内不得再次申领机动车驾驶证。,申请人隐瞒有关情况或者提供虚假材料申请校车驾驶资格的，申请人在—年内不得再次申请校车驾驶资格。,A,A,正确,正确
702,840,0.8962,0.5625,语义相似待复核,True,False,驾驶机动车违法使用其他号牌、行驶证的，—次记多少分？,驾驶机动车违反禁令标志、禁止标线指示的，一次记多少分？,D,C,12分,1分
1620,1883,0.8962,0.325,语义相似待复核,True,False,驾驶机动车超车时，被超越车辆未减速让路，应迅速提速超越前方车辆完成超车。,当发现前车正在超车时，为了避免发生交通事故，驾驶人应紧跟前车，选择合适的时机超越前车。,B,B,错误,错误
1757,1764,0.8962,0.3607,语义相似待复核,False,False,行车中超越右侧停放的车辆时，为预防其突然起步或开启车门，应怎样做？,行车中超越同向行驶的自行车时，应怎样做？,A,B,预留出横向安全距离，减速行驶,注意观察动态，减速慢行，留有足够的安全距离
296,1814,0.8962,0.5397,语义相似待复核,False,False,驾驶机动车在交叉路口前变更车道时， 应在进入实线区后，开启转向灯，变更车道。,变更车道时，提前打开转向灯后，就可以立即变更车道。,B,B,错误,错误
842,918,0.896,0.7324,语义相似待复核,True,False,驾驶机动车在高速公路上不按规定车道行驶的，一次记多少分？,驾驶机动车在高速公路上行驶低于规定最低时速的，一次记几分？,C,C,3分,3分
553,1880,0.8959,0.3822,语义相似待复核,False,False,驾驶机动车发生交通事故未造成人身伤亡的，责任明确双方无争议时，应当如何处置？,在道路上发生交通事故，未造成人身伤亡，当事人对事实及成因无争议的，应当如何处理？,D,A,撤离现场自行协商,即行撤离现场，自行协商处理损害赔偿事宜
1580,1581,0.8959,0.3226,语义相似待复核,True,False,在山区道路遇对向来车时，应怎样会车？,车辆在较窄的山路上行驶时，如果靠山体的一方不让行，应怎样做？,D,B,减速或停车让行,提前减速或停车避让
1598,1601,0.8959,0.1961,语义相似待复核,False,False,行车中遇到后方车辆要求超车时，应怎样做？,进入左侧道路超车，无法保证与正常行驶前车的横向安全间距时，应怎样做？,A,C,及时减速、观察后靠右行驶让行,放弃超车
186,191,0.8958,0.619,语义相似待复核,False,False,驾驶人违反交通运输管理法规发生重大事故致人重伤、死亡，可能会受到什么刑罚？,驾驶人违反交通运输管理法规发生重大事故致人死亡且逃逸的，处多少年有期徒刑？,A,C,处3年以下徒刑或者拘役,3年以上7年以下
657,967,0.8958,0.6622,语义相似待复核,False,False,机动车驾驶人在—个记分周期内有两次以上达到12分或者累积记分达到24分以上的，在道路交通安全法律、法规和相关知识考试合格后即可发还机动车驾驶证。,机动车驾驶人在一个记分周期内三次以上累积记分满12分，在道路交通安全法律、法规和相关知识考试合格后，应当按照规定预约参加场地驾驶技能和道路驾驶技能考试。,B,A,错误,正确
1616,1803,0.8958,0.4,语义相似待复核,True,False,夜间行车，需要超车时，变换远近光灯示意是为了提示前车。,夜间通过没有路灯或路灯照明不良的路口，同方向行驶的后车与前车近距离行驶时， 可以使用远光灯提醒前车注意。,A,B,正确,错误
637,1817,0.8957,0.3817,语义相似待复核,False,False,关于驾驶机动车时转向灯的使用，以下说法正确的是什么？,驾驶机动车完成超车、驶回原车道时，应该怎样使用灯光？,C,B,靠边停车时应提前开启右转向灯,开启右转向灯
657,850,0.8957,0.589,语义相似待复核,True,False,机动车驾驶人在—个记分周期内有两次以上达到12分或者累积记分达到24分以上的，在道路交通安全法律、法规和相关知识考试合格后即可发还机动车驾驶证。,临时入境机动车驾驶人的临时机动车驾驶许可在—个记分周期内累积记分达到12分，未按规定参加道路交通安全法律、法规和相关知识学习、考试的，不得申请机动车驾驶证或者再次申请临时机动车驾驶许可。,B,A,错误,正确
1532,1547,0.8957,0.252,语义相似待复核,False,False,行车中需要借道绕过前方障碍物，但对向来车已接近障碍物时，应怎样做？,车辆行至交叉路口，遇有转弯的车辆抢行，应怎样做？,A,A,降低速度或停车，让对向来车优先通行,停车避让
178,843,0.8956,0.6494,语义相似待复核,True,False,驾驶人驾驶机动车不按交通信号灯指示通行的，一次记多少分？,驾驶人驾驶机动车在道路上行驶，未按规定系安全带的，一次记多少分？,C,A,记6分,1分
314,1625,0.8956,0.4211,语义相似待复核,True,False,驾驶机动车应在变更车道的同时开启转向灯。,驾驶人在观察后方无来车的情况下，未开转向灯就变更车道也是合理的。,B,B,错误,错误
1379,1757,0.8956,0.304,语义相似待复核,False,False,驾驶的车辆正在被其他车辆超越时，若此时后方有跟随行驶的车辆，应怎样做？,行车中超越右侧停放的车辆时，为预防其突然起步或开启车门，应怎样做？,B,A,稍向右侧行驶，保证横向安全距离,预留出横向安全距离，减速行驶
332,334,0.8953,0.4872,语义相似待复核,False,False,驾驶机动车行经市区下列哪种道路时不得超车？,驾驶机动车行经下列哪种路段时不得超车？,D,B,交通流量大的路段,交叉路口
792,1070,0.8953,0.506,语义相似待复核,False,False,申请增加轻型牵引挂车准驾车型的，应取得驾驶小型汽车、小型自动挡汽车准驾车型资格几年以上？,已取得驾驶小型汽车准驾车型资格多少年以上，可以申请增加中型客车准驾车型？,A,B,1,2
2161,2193,0.8953,0.5278,语义相似待复核,False,False,申请机动车注册登记时，以下哪项材料不需要提交,申请转让登记的，以下哪种资料不需要提供？,D,D,行驶证,驾驶证
2161,2165,0.8953,0.5278,语义相似待复核,False,False,申请机动车注册登记时，以下哪项材料不需要提交,申请转让登记的，以下哪种资料不需要提供？,D,D,行驶证,驾驶证
352,2219,0.8952,0.7816,语义相似待复核,True,False,驾驶小型汽车在高速公路、城市快速路上行驶超过规定时速50%以上的，—次记多少分？,驾驶小型汽车的高速公路上行驶超过规定时速的20%未达50%的，一次记多少分？,D,C,12分,6分
549,558,0.8951,0.5517,语义相似待复核,True,False,驾驶机动车发生财产损失交通事故，当事人对事实及成因无争议的可先撤离现场。,机动车发生轻微财产损失的交通事故，对应当自行撤离现场而未撤离的，交通警察有权责令当事人撤离现场。,A,A,正确,正确
712,1645,0.8951,0.5938,语义相似待复核,False,False,车辆驶入加速车道后，尽快将车速提高到每小时60公里以上。,车辆在高速公路匝道提速到每小时60公里以上时，可直接驶入行车道。,A,B,正确,错误
269,270,0.895,0.6882,语义相似待复核,False,False,驾驶机动车通过窄路、窄桥时，最高速度不能超过多少？,驾驶机动车下陡坡、转弯、掉头时，最高速度不能超过多少？,D,A,30公里/小时,30公里/小时
747,993,0.8949,0.3918,语义相似待复核,False,False,驾驶机动车发生交通事故未造成人身伤亡，双方当事人对事故无异议的，也要在现场等待交警处理。,机动车在道路上发生的造成财产损失、尚未造成人员伤亡，且车辆可以移动的交通事故必须等待交通警察现 场处理。,B,B,错误,错误
902,2222,0.8949,0.5152,语义相似待复核,False,False,机动车驾驶人累积记分满12分的，还可以处理其他机动车的交通违法行为记录。,机动车驾驶人使用其他机动车号牌、行驶证的，—次记12分。,B,A,错误,正确
1553,1894,0.8949,0.4122,语义相似待复核,False,False,行驶车道绿灯亮时，但车辆前方人行横道仍有行人行走，应怎样做？,夜间驾驶机动车在路口遇前方绿灯亮起时，如果人行横道上仍有行人通过，应怎样做？,D,A,等行人通过后再起步,及时减速停车让行
888,1021,0.8948,0.586,语义相似待复核,False,False,小型汽车驾驶人有以下哪种违法行为，—次记3分？,驾驶人有下列哪种违法行为一次记9分？,C,A,在一般道路上行驶超速20%以上未达50%的,驾驶故意遮挡、污损机动车号牌 的机动车上道路行驶的
752,889,0.8947,0.5758,语义相似待复核,True,False,驾驶机动车在一般道路逆向行驶，一次记6分。,驾驶机动车不按规定超车、让行，或者在高速公路、城市快速路以外的道路上逆行的，一次记6分。,B,B,错误,错误
599,1778,0.8946,0.4706,语义相似待复核,True,False,其他车辆不准进入专用车道行驶，其目的是为了不影响专用车的正常通行。,专用车道规定的专用使用时间之外，其他车辆可以进入专用车道行驶。,A,A,正确,正确
1563,1574,0.8946,0.4127,语义相似待复核,False,False,车辆上坡行驶，要提前观察路况、坡道长度，及时减挡使车辆保持充足的动力。,车辆下坡行驶，要适当控制车速，充分利用发动机进行制动。,A,A,正确,正确
185,775,0.8945,0.4694,语义相似待复核,False,False,"造成交通事故后逃逸且构成犯罪的驾驶人,将吊销驾驶证且终生不得重新取得驾驶证。",醉酒驾驶非营运机动车的，由公安机关交通管理部门吊销机动车驾驶证，依法追究刑事责任，并且终生不得重新取得机动车驾驶证。,A,B,正确,错误
274,275,0.8944,0.9143,语义相似待复核,False,False,驾驶机动车在没有中心线的城市道路上，最高速度不能超过每小时50公里。,驾驶机动车在没有中心线的公路上，最高速度不能超过每小时70公里。,B,B,错误,错误
325,1579,0.8944,0.1913,语义相似待复核,True,False,在没有中心线的道路上发现后车发出超车信号时，如果条件许可如何行驶？,会车前选择的交会位置不理想时，应怎样做？,D,B,降速靠右让路,减速、低速会车或停车让行
585,723,0.8944,0.3944,语义相似待复核,False,False,在路口右转弯遇同车道前车等候放行信号时，要依次停车等候。,交通警察指挥的交叉路口遇到停车排队等候或者缓慢行驶时，机动车应当依次交替通行。,A,A,正确,正确
633,1695,0.8944,0.4966,语义相似待复核,True,False,机动车驾驶人有下列哪种行为，会被吊销驾驶证，终生不得重新取得驾驶证？,机动车驾驶人有以下哪种违法行为的， 暂扣六个月机动车驾驶证？,D,C,饮酒后或者醉酒驾驶机动车发生重大交通事故并构成犯罪,饮酒后驾驶机动车的
1598,1618,0.8944,0.2414,语义相似待复核,False,False,行车中遇到后方车辆要求超车时，应怎样做？,驾驶机动车正在被其他车辆超越时，被超车辆减速靠右侧行驶的目的是什么?,A,B,及时减速、观察后靠右行驶让行,给该车让出足够的超车空间
1529,1532,0.8943,0.252,语义相似待复核,False,False,行车中发现前方道路拥堵时，应怎样做？,行车中需要借道绕过前方障碍物，但对向来车已接近障碍物时，应怎样做？,C,A,减速停车，依次排队等候,降低速度或停车，让对向来车优先通行
1664,1896,0.8942,0.8706,语义相似待复核,False,False,车辆在高速公路以每小时100公里的速度行驶时，距同车道前车100米以上为安全距离。,车辆在高速公路以每小时100公里以上的速度行驶时，距同车道前车50米为危险距离。,A,A,正确,正确
314,1630,0.8941,0.6087,语义相似待复核,False,False,驾驶机动车应在变更车道的同时开启转向灯。,变更车道时，应开启转向灯，迅速驶入侧方车道。,B,B,错误,错误
620,842,0.8941,0.7302,语义相似待复核,False,False,驾驶机动车不按规定会车的，将被一次记多少分？,驾驶机动车在高速公路上不按规定车道行驶的，一次记多少分？,A,C,1分,3分
660,738,0.8941,0.5169,语义相似待复核,False,False,因饮酒后驾驶机动车被处罚，再次饮酒后驾驶机动车的处十日以下拘留，并处1000元以上2000元以下罚款， 吊销机动车驾驶证。,饮酒后驾驶非营运机动车的，处十五日拘留，并处五干元罚款。,A,B,正确,错误
1602,1757,0.894,0.3333,语义相似待复核,False,False,驾驶的车辆正在被其他车辆超越时，应怎样做？,行车中超越右侧停放的车辆时，为预防其突然起步或开启车门，应怎样做？,B,A,减速，靠右侧行驶,预留出横向安全距离，减速行驶
435,1639,0.8939,0.2973,语义相似待复核,True,False,假如您在高速公路上不小心错过了准备驶出的路口，正确的操作应该是？,高速公路上行车，如果因疏忽驶过出口，应怎样做？,B,B,继续前行，到下一出口驶离高速公路掉头,继续向前行驶，寻找下一个出口
274,282,0.8938,0.7792,语义相似待复核,False,False,驾驶机动车在没有中心线的城市道路上，最高速度不能超过每小时50公里。,驾驶机动车在同方向只有1条机动车道的城市道路，最高速度不能超过每小时70公里。,B,B,错误,错误
318,1628,0.8938,0.4324,语义相似待复核,False,False,驾驶机动车在道路上超车完毕驶回原车道时开启右转向灯。,驾驶车辆向右变更车道时，应提前开启右转向灯，注意观察，在确保安全的情况下，驶入要变更的车道。,A,A,正确,正确
645,1890,0.8938,0.38,语义相似待复核,False,False,驾驶机动车在夜间通过人行横道时怎样使用灯光？,机动车在夜间通过没有交通信号灯控制的交叉路口时，要怎样使用灯光？,A,D,变换远、近光灯,交替使用远近光灯示意
1577,1579,0.8938,0.3248,语义相似待复核,True,False,会车中遇到对方来车行进有困难需借道时，应怎样做？,会车前选择的交会位置不理想时，应怎样做？,D,B,尽量礼让对方先行,减速、低速会车或停车让行
37,1026,0.8937,0.2527,语义相似待复核,True,False,机动车登记证书、号牌、行驶证灭失、丢失或者损毁的，机动车所有人应当向哪个部门申请补领、换领。,关于机动车号牌灭失、丢失或者 损毁的，以下错误的说法是什么？,C,B,登记地车辆管理所,补领、换领机动车号牌的，原机动车号牌可以继续使用
1664,1866,0.8936,0.6882,语义相似待复核,False,False,车辆在高速公路以每小时100公里的速度行驶时，距同车道前车100米以上为安全距离。,驾驶机动车以每小时110公里的速度在高速公路上行驶时，与同车道前车最低保持50米以上的安全距离。,A,B,正确,错误
235,1711,0.8935,0.4483,语义相似待复核,True,False,夜间驾驶机动车通过人行横道时需要交替使用远近光灯。,夜间通过无交通信号灯控制的交叉路口时，不得变换远、近光灯。,A,B,正确,错误
500,585,0.8935,0.3284,语义相似待复核,False,False,驾驶机动车在没有交通信号的路口遇到前方车辆缓慢行驶时要依次交替通行。,在路口右转弯遇同车道前车等候放行信号时，要依次停车等候。,A,A,正确,正确
1678,1680,0.8934,0.3404,语义相似待复核,True,False,车辆发生爆胎后，驾驶人在尚未控制住车速前，不要冒险使用行车制动器停车，以避免车辆横甩发生更大的险情。,行车中当驾驶人意识到车辆爆胎时，应在控制住方向的情况下采取紧急制动，迫使车辆迅速停住。,A,B,正确,错误
825,888,0.8933,0.3865,语义相似待复核,False,False,驾驶人有下列哪种违法行为—次记6分？,小型汽车驾驶人有以下哪种违法行为，—次记3分？,D,C,驾驶机动车在高速公路或者城市快速路上违法占用应急车道行驶的,在一般道路上行驶超速20%以上未达50%的
1522,1801,0.8933,0.4478,语义相似待复核,True,False,车辆通过铁路道口时，应用低速挡安全通过，中途不得换挡，以避免发动机熄火。,驾驶车辆驶入铁路道口前应减速降挡，进入道口后可以变换挡位。,A,B,正确,错误
2271,2274,0.8933,0.7103,语义相似待复核,False,False,非营运小微型载客汽车（面包车除外）自注册登记之日起第6年、第10年进行安全技术检验，在10年内每两年向公安机关申领检验标志。,非营运小微型载客汽车自注册登记之日起超过10年的，每年检验一次，并向公安机关申领检验标志。,A,A,正确,正确
814,1020,0.8931,0.3669,语义相似待复核,False,False,驾驶人有下列哪种违法行为—次记9分？,驾驶人有下列哪种违法行为一次记1分？,B,B,在高速公路上违法停车的,驾驶机动车在道路上行驶时，机动车驾驶人未按规定系安全带的
506,613,0.893,0.6923,语义相似待复核,False,False,驾驶机动车遇到前方道路拥堵时，可以借用无人通行的非机动车道行驶。,驾驶机动车遇到后方有执行紧急任务的特种车辆时，可以临时使用无人通行的非机动车道让行。,B,A,错误,正确
1599,1764,0.8929,0.2832,语义相似待复核,True,False,驾驶人在超车时，前方车辆不减速、不让道，应怎样做？,行车中超越同向行驶的自行车时，应怎样做？,C,B,停止继续超车,注意观察动态，减速慢行，留有足够的安全距离
1532,1603,0.8929,0.1871,语义相似待复核,False,False,行车中需要借道绕过前方障碍物，但对向来车已接近障碍物时，应怎样做？,遇后车发出超车信号后，只要具备让超条件应怎样做？,A,C,降低速度或停车，让对向来车优先通行,主动减速并靠右侧行驶
2166,2169,0.8929,0.3871,语义相似待复核,False,False,以下哪种情形机动车所有人应申请办理注销登记？,以下哪种情形已注册登记的机动车会被车辆管理所注销？,B,C,机动车已达到国家强制报废标准的,机动车登记被依法撤销的
2169,2194,0.8929,0.3871,语义相似待复核,False,False,以下哪种情形已注册登记的机动车会被车辆管理所注销？,以下哪种情形机动车所有人应申请办理注销登记？,C,B,机动车登记被依法撤销的,机动车已达到国家强制报废标准的
633,1685,0.8928,0.253,语义相似待复核,True,False,机动车驾驶人有下列哪种行为，会被吊销驾驶证，终生不得重新取得驾驶证？,以下哪种行为处十日以下拘留，并处—千元以上二千元以下罚款，吊销机动车驾驶证？,D,D,饮酒后或者醉酒驾驶机动车发生重大交通事故并构成犯罪,因饮酒后驾驶机动车被处罚，再次饮酒后驾驶机动车的
555,1748,0.8927,0.5,语义相似待复核,False,False,驾驶机动车在高速公路要按照限速标志标明的车速行驶。,驾驶车辆在道路上行驶时，应当按照规定的速度安全行驶。,A,A,正确,正确
567,1880,0.8927,0.3519,语义相似待复核,True,False,机动车之间发生交通事故造成轻微财产损失，当事人对事实及成因无争议时，在确保安全的原则下，对现场拍照或标划事故车辆现场位置后，可自行撤离现场处理损害赔偿事宜，主要目的是什么？,在道路上发生交通事故，未造成人身伤亡，当事人对事实及成因无争议的，应当如何处理？,C,A,为了及时恢复交通，避免造成交通拥堵,即行撤离现场，自行协商处理损害赔偿事宜
686,842,0.8927,0.6667,语义相似待复核,False,False,驾驶机动车不按规定超车、让行的，或者逆向行驶的，将被—次记多少分？,驾驶机动车在高速公路上不按规定车道行驶的，一次记多少分？,B,C,3分,3分
498,1783,0.8926,0.1982,语义相似待复核,False,False,驾驶机动车遇到前方车辆停车排队等候或缓慢行驶时怎么办？,遇前方路段车道减少，车辆行驶缓慢，为保证安全有序应该怎样做?,D,A,依次行驶,依次交替通行
673,837,0.8926,0.7174,语义相似待复核,True,False,驾驶机动车在高速公路或者城市快速路上不按规定车道行驶的，将被—次记多少分？,驾驶机动车在高速公路或者城市快速路以外的道路上行驶时，未按规定系安全带的，一次记多少分？,C,A,3分,1分
1660,1859,0.8926,0.3204,语义相似待复核,True,False,在高速公路上驾驶机动车， 车辆发生故障后的处置方法，以下说法错误的是什么？,驾驶机动车在道路上发生交通事故，难以移动时，正确的做法是？,C,A,车内乘员应下车辅助将故障车辆推移到紧急停车带上,开启危险报警闪光灯，并在车后设置警告标志
673,686,0.8925,0.6582,语义相似待复核,False,False,驾驶机动车在高速公路或者城市快速路上不按规定车道行驶的，将被—次记多少分？,驾驶机动车不按规定超车、让行的，或者逆向行驶的，将被—次记多少分？,C,B,3分,3分
963,969,0.8924,0.6286,语义相似待复核,True,False,申请人隐瞒有关情况或者提供虚假材料申领机动车驾驶证的，会受到以下哪种处罚？,申请人以欺骗、贿赂等不正当手段取得机动车驾驶证的，会受到哪种处罚？,B,A,处五百元以下罚款，申请人在一年内不得再次申领机动车驾驶证,处两干元以下罚款，申请人在三年内不得再次申领机动车驾驶证
975,1022,0.8923,0.7092,语义相似待复核,True,False,驾驶校车、中型以上载客载货汽车、危险物品运输车辆以外的机动车在高速公路上行驶超过规定时速百分之二十以上未达到百分之五十的，—次记多少分？,驾驶校车、中型以上载客载货汽车、危险物品运输车辆以外的机动车在高速公路、城市快速路以外的道路上行驶超过规定时速50%以上的，一次记几分？,D,C,6分,6分
136,141,0.8922,0.5797,语义相似待复核,False,False,对有使用伪造或变造检验合格标志嫌疑的车辆，交通警察只进行罚款处罚。,驾驶人有使用其他车辆检验合格标志嫌疑的，交通警察可依法扣留车辆。,B,A,错误,正确
961,1656,0.8922,0.6567,语义相似待复核,True,False,驾驶人在高速公路上行驶感觉疲劳时，应驶入最近的服务区休息，不得在应急车道内停车休息。,在高速公路上行驶感觉疲劳时，应立即停车休息。,A,B,正确,错误
1711,1834,0.8922,0.4643,语义相似待复核,True,False,夜间通过无交通信号灯控制的交叉路口时，不得变换远、近光灯。,夜间驾驶机动车通过急弯路时，应交替使用远近光灯。,B,A,错误,正确
318,320,0.8921,0.5161,语义相似待复核,False,False,驾驶机动车在道路上超车完毕驶回原车道时开启右转向灯。,驾驶机动车超车应该提前开启左转向灯、变换使用远近光灯或鸣喇叭。,A,A,正确,正确
1601,1921,0.8921,0.234,语义相似待复核,True,False,进入左侧道路超车，无法保证与正常行驶前车的横向安全间距时，应怎样做？,超车时，前方车辆不让出超车空间，应该怎么做？,C,B,放弃超车,停止超车
500,1876,0.892,0.4675,语义相似待复核,False,False,驾驶机动车在没有交通信号的路口遇到前方车辆缓慢行驶时要依次交替通行。,机动车在通过没有信号灯的交叉路口，应当减速慢行，并让行人和优先通行的车辆先行。,A,A,正确,正确
637,1809,0.892,0.2727,语义相似待复核,False,False,关于驾驶机动车时转向灯的使用，以下说法正确的是什么？,驾驶机动车在路上靠边停车，应如何使用灯光？,C,D,靠边停车时应提前开启右转向灯,提前开启右转向灯
826,827,0.892,0.638,语义相似待复核,False,False,有下列哪种违法行为的机动车驾驶人将被一次记6分？,有下列哪种违法行为的机动车驾驶人将被一次记9分？,C,A,驾驶机动车不按交通信号灯指示通行的,驾驶故意污损号牌的机动车上道路行驶
1604,1620,0.8919,0.3582,语义相似待复核,True,False,预计在超车过程中与对面来车有会车可能时，应提前加速超越。,驾驶机动车超车时，被超越车辆未减速让路，应迅速提速超越前方车辆完成超车。,B,B,错误,错误
325,1379,0.8918,0.2333,语义相似待复核,False,False,在没有中心线的道路上发现后车发出超车信号时，如果条件许可如何行驶？,驾驶的车辆正在被其他车辆超越时，若此时后方有跟随行驶的车辆，应怎样做？,D,B,降速靠右让路,稍向右侧行驶，保证横向安全距离
525,1890,0.8918,0.274,语义相似待复核,False,False,夜间驾驶机动车在没有中心隔离设施或者没有中心线的道路上行驶，以下哪种情况下应当改用近光灯？,机动车在夜间通过没有交通信号灯控制的交叉路口时，要怎样使用灯光？,B,D,与对向机动车会车时,交替使用远近光灯示意
577,1684,0.8915,0.5479,语义相似待复核,True,False,机动车在夜间道路上发生故障难以移动时要开启危险报警闪光灯、示廓灯、后位灯。,驾驶机动车发生故障或事故不能正常行驶时，应立即打开危险报警闪光灯。,A,A,正确,正确
699,1692,0.8915,0.6667,语义相似待复核,False,False,饮酒后或者醉酒驾驶机动车发生重大交通事故构成犯罪的，依法追究刑事责任，吊销机动车驾驶证， 10 年内不得重新取得机动车驾驶证。,驾驶机动车造成重大交通事故后逃逸，构成犯罪的，由公安机关交通管理部门吊销机动车驾驶证，且终生不得重新取得机动车驾驶证。,B,A,错误,正确
1598,1925,0.8914,0.2391,语义相似待复核,False,False,行车中遇到后方车辆要求超车时，应怎样做？,驾驶机动车遇前方道路拥堵通行缓慢时怎样行驶？,A,A,及时减速、观察后靠右行驶让行,依次跟车行驶
113,1926,0.8913,0.7541,语义相似待复核,False,False,饮酒后只要不影响驾驶操作可以短距离驾驶机动车。,驾驶人饮用少量啤酒，在不影响驾驶操作的情况下，可以短距离驾驶机动车。,B,B,错误,错误
268,269,0.8913,0.6593,语义相似待复核,False,False,驾驶机动车通过急弯路时，最高速度不能超过多少？,驾驶机动车通过窄路、窄桥时，最高速度不能超过多少？,B,D,30公里/小时,30公里/小时
1536,1603,0.8913,0.2963,语义相似待复核,False,False,驾驶车辆行至道路急转弯处，应怎样做？,遇后车发出超车信号后，只要具备让超条件应怎样做？,D,C,充分减速并靠右侧行驶,主动减速并靠右侧行驶
1540,1542,0.8913,0.4789,语义相似待复核,False,False,车辆在通过山区道路弯道时，要做到“减速、鸣喇叭、靠右行”。,车辆进入山区道路后，要特别注意“连续转弯”标志，并主动避让车辆及行人，适时减速和提前鸣喇叭。,A,A,正确,正确
320,321,0.8912,0.5517,语义相似待复核,False,False,驾驶机动车超车应该提前开启左转向灯、变换使用远近光灯或鸣喇叭。,驾驶机动车超车后立即开启右转向灯驶回原车道。,A,B,正确,错误
885,888,0.8912,0.5405,语义相似待复核,False,False,驾驶人有下列哪种违法行为—次记6分？,小型汽车驾驶人有以下哪种违法行为，—次记3分？,C,C,造成致人轻微伤或者财产损失的交通事故后逃逸，尚不构成犯罪的,在一般道路上行驶超速20%以上未达50%的
1601,1602,0.8912,0.1875,语义相似待复核,False,False,进入左侧道路超车，无法保证与正常行驶前车的横向安全间距时，应怎样做？,驾驶的车辆正在被其他车辆超越时，应怎样做？,C,B,放弃超车,减速，靠右侧行驶
1627,1629,0.8912,0.5507,语义相似待复核,False,False,驾驶车辆变更车道时，应提前开启转向灯，注意观察，保持安全距离，驶入要变更的车道。,变更车道时只需开启转向灯，便可迅速转向驶入相应的行车道。,A,B,正确,错误
47,862,0.8911,0.427,语义相似待复核,False,False,驾驶人在核发地车辆管理所管辖区以外居住的，可以向居住地车辆管理所申请换证。,在车辆管理所管辖区域内，机动车驾驶证记载的机动车驾驶人信息发生变化申请换证时，应提交机动车驾驶证。,A,A,正确,正确
231,314,0.8911,0.68,语义相似待复核,True,False,驾驶机动车在道路上向右变更车道可以不使用转向灯。,驾驶机动车应在变更车道的同时开启转向灯。,B,B,错误,错误
269,697,0.8911,0.7308,语义相似待复核,True,False,驾驶机动车通过窄路、窄桥时，最高速度不能超过多少？,驾驶机动车通过路面条件较好的窄桥怎样控制车速？,D,D,30公里/小时,不超过30公里／小时
314,1628,0.8911,0.5,语义相似待复核,False,False,驾驶机动车应在变更车道的同时开启转向灯。,驾驶车辆向右变更车道时，应提前开启右转向灯，注意观察，在确保安全的情况下，驶入要变更的车道。,B,A,错误,正确
1577,1598,0.8911,0.4571,语义相似待复核,False,False,会车中遇到对方来车行进有困难需借道时，应怎样做？,行车中遇到后方车辆要求超车时，应怎样做？,D,A,尽量礼让对方先行,及时减速、观察后靠右行驶让行
1603,1618,0.891,0.1732,语义相似待复核,False,False,遇后车发出超车信号后，只要具备让超条件应怎样做？,驾驶机动车正在被其他车辆超越时，被超车辆减速靠右侧行驶的目的是什么?,C,B,主动减速并靠右侧行驶,给该车让出足够的超车空间
827,1938,0.8909,0.4881,语义相似待复核,False,False,有下列哪种违法行为的机动车驾驶人将被一次记9分？,以下哪种违法行为的机动车驾驶人将被一次记6分？,A,C,驾驶故意污损号牌的机动车上道路行驶,驾驶机动车违反道路交通信号灯
1630,1721,0.8909,0.6032,语义相似待复核,False,False,变更车道时，应开启转向灯，迅速驶入侧方车道。,在高速公路变更车道时，应提前开启转向灯，观察情况，确认安全后，驶入需要变更的车道。,B,A,错误,正确
245,470,0.8908,0.4792,语义相似待复核,False,False,机动车在一般道路上发生故障，难以移动时，应提前开启危险报警闪光灯并在车后50-100米设置警告标志。,高速公路上车辆发生故障后，开启危险报警闪光灯和摆放警告标志的作用是警告后续车辆注意避让。,A,A,正确,正确
53,634,0.8907,0.4912,语义相似待复核,False,False,机动车购买后尚未注册登记，需要临时上道路行驶的，可以凭什么临时上道路行驶？,机动车购买后尚未登记，需要临时上道路行驶的，应当如何做？,B,A,临时行驶车号牌,取得临时通行牌证
327,1596,0.8907,0.1935,语义相似待复核,True,False,同车道行驶的车辆遇前车有下列哪种情形时不得超车？,行车中突遇对方车辆强行超车，占据自己车道，正确的做法是什么？,D,B,正在超车,尽可能减速避让、直至停车
314,1629,0.8906,0.5283,语义相似待复核,False,False,驾驶机动车应在变更车道的同时开启转向灯。,变更车道时只需开启转向灯，便可迅速转向驶入相应的行车道。,B,B,错误,错误
813,1019,0.8906,0.5259,语义相似待复核,False,False,驾驶人有下列哪种违法行为—次记9分？,驾驶人有下列哪种违法行为一次记12分？,A,B,驾驶7座以上载客汽车载人超过核定人数百分之五十以上未达到百分之百的,代替实际机动车驾驶人接受交通违法行为处罚和记分牟取经济利益的
145,150,0.8905,0.3654,语义相似待复核,False,False,驾驶人将机动车交由什么样的人驾驶的，交通警察可依法扣留机动车驾驶证？,驾驶人将机动车交给驾驶证被吊销的人驾驶，交警会依法扣留什么？,C,C,驾驶证被吊销的人,驾驶证
1596,1599,0.8905,0.1346,语义相似待复核,True,False,行车中突遇对方车辆强行超车，占据自己车道，正确的做法是什么？,驾驶人在超车时，前方车辆不减速、不让道，应怎样做？,B,C,尽可能减速避让、直至停车,停止继续超车
1650,1651,0.8904,0.8889,语义相似待复核,False,False,车辆不得在高速公路匝道上掉头。,车辆不得在高速公路匝道上倒车。,A,A,正确,正确
226,637,0.8903,0.4179,语义相似待复核,False,False,驾驶机动车在道路上向左变更车道时如何使用灯光？,关于驾驶机动车时转向灯的使用，以下说法正确的是什么？,C,C,提前开启左转向灯,靠边停车时应提前开启右转向灯
1596,1601,0.8903,0.1682,语义相似待复核,False,False,行车中突遇对方车辆强行超车，占据自己车道，正确的做法是什么？,进入左侧道路超车，无法保证与正常行驶前车的横向安全间距时，应怎样做？,B,C,尽可能减速避让、直至停车,放弃超车
445,1667,0.8902,0.3704,语义相似待复核,True,False,驾驶机动车在高速公路遇到能见度低于100米的气象条件时，最高车速是多少？,驾驶机动车在高速公路上行驶，遇有雾、雨、雪、沙尘、冰雹等低能见度气象条件下， 能见度在100米以下时，车速不得超过每小时多少公里，与同车道前车至少保持多少米的距离？,A,A,不得超过40公里/小时,40.50
607,778,0.8902,0.807,语义相似待复核,True,False,已经达到报废标准的机动车在缴纳管理费后可以上路行驶。,已经达到报废标准的机动车经大修后也不可以上路行驶。,B,A,错误,正确
1021,1058,0.8902,0.3892,语义相似待复核,False,False,驾驶人有下列哪种违法行为一次记9分？,驾驶人有下列哪种违法行为一次记9分？,A,C,驾驶故意遮挡、污损机动车号牌 的机动车上道路行驶的,驾驶机动车在城市快速路上违法停车的
1709,1711,0.8902,0.3947,语义相似待复核,False,False,夜间通过没有路灯或路灯照明不良时，应将近光灯转换为远光灯，但同向行驶的后车不得使用远光灯。,夜间通过无交通信号灯控制的交叉路口时，不得变换远、近光灯。,A,B,正确,错误
179,781,0.8901,0.68,语义相似待复核,False,False,驾驶机动车不按交通信号灯指示通行的，一次记6分。,驾驶机动车不按照规定避让校车的，一次记6分。,A,B,正确,错误
59,1034,0.89,0.382,语义相似待复核,True,False,已注册登记的机动车，改变机动车车身颜色的应到公安交通管理部门申请变更登记。,小型、微型载客汽车因改变车身颜色申请变更登记，车辆不在登记地的，可以向车辆所在地车辆管理所提出申请。,A,A,正确,正确
751,927,0.8899,0.7037,语义相似待复核,False,False,机动车登记分为注册登记、变更登记、转移登记、抵押登记和注销登记。,机动车登记分为注册登记和变更登记两种。,A,B,正确,错误
850,905,0.8899,0.4302,语义相似待复核,True,False,临时入境机动车驾驶人的临时机动车驾驶许可在—个记分周期内累积记分达到12分，未按规定参加道路交通安全法律、法规和相关知识学习、考试的，不得申请机动车驾驶证或者再次申请临时机动车驾驶许可。,机动车驾驶人在—个记分周期内累积记分满12分的，公安机关交通管理部门应当扣留其机动车驾驶证，开具强制措施凭证，并送达满分教育通知书，通知机动车驾驶人参加满分学习、考试。,A,A,正确,正确
850,967,0.8899,0.5389,语义相似待复核,True,False,临时入境机动车驾驶人的临时机动车驾驶许可在—个记分周期内累积记分达到12分，未按规定参加道路交通安全法律、法规和相关知识学习、考试的，不得申请机动车驾驶证或者再次申请临时机动车驾驶许可。,机动车驾驶人在一个记分周期内三次以上累积记分满12分，在道路交通安全法律、法规和相关知识考试合格后，应当按照规定预约参加场地驾驶技能和道路驾驶技能考试。,A,A,正确,正确
549,551,0.8898,0.5647,语义相似待复核,True,False,驾驶机动车发生财产损失交通事故，当事人对事实及成因无争议的可先撤离现场。,机动车发生财产损失交通事故，对应当自行撤离现场而未撤离的，交通警察不可以责令当事人撤离现场。,A,B,正确,错误
1536,1537,0.8898,0.2807,语义相似待复核,False,False,驾驶车辆行至道路急转弯处，应怎样做？,山区道路车辆进入弯道前，在对面没有来车的情况下，应怎样做？,D,A,充分减速并靠右侧行驶,应“减速、鸣喇叭、靠右行”
44,671,0.8897,0.5185,语义相似待复核,False,False,机动车号牌损毁，机动车所有人要向登记地车辆管理所申请补领、换领。,机动车驾驶证遗失的，机动车驾驶人应当向机动车驾驶证核发地或者核发地以外的车辆管理所申请补发。,A,A,正确,正确
311,2212,0.8895,0.2857,语义相似待复核,False,False,机动车在道路上变更车道需要注意什么？,驾驶机动车在道路上向右转弯时，以下说法正确的是？,B,A,不能影响其他车辆正常行驶,提前开启右转向灯
311,2182,0.8895,0.2857,语义相似待复核,False,False,机动车在道路上变更车道需要注意什么？,驾驶机动车在道路上向右转弯时，以下说法正确的是？,B,A,不能影响其他车辆正常行驶,提前开启右转向灯
317,318,0.8894,0.717,语义相似待复核,True,False,驾驶机动车在道路上超车时可以不使用转向灯。,驾驶机动车在道路上超车完毕驶回原车道时开启右转向灯。,B,A,错误,正确
847,1003,0.8894,0.814,语义相似待复核,False,False,驾驶机动车追逐竞驶，构成犯罪的，依法被吊销机动车驾驶证未满五年的，不得申请机动车驾驶证。,饮酒后驾驶营运机动车依法被吊销机动车驾驶证未满五年的，不得再次申请机动车驾驶证。,A,A,正确,正确
1547,1759,0.8894,0.3191,语义相似待复核,False,False,车辆行至交叉路口，遇有转弯的车辆抢行，应怎样做？,行车中遇有非机动车准备绕过停放的车辆时，应怎样做？,A,B,停车避让,让其先行
1648,1915,0.8893,0.5298,语义相似待复核,False,False,机动车在高速公路行驶，下列做法正确的是？,驾驶机动车上高速公路行驶，以下正确的说法是什么？,D,B,非紧急情况时不得在应急车道行驶或者停车,不准倒车、逆行、穿越中央分隔带掉头
476,483,0.8891,0.5385,语义相似待复核,False,False,驾驶机动车通过漫水路时要加速行驶。,驾驶机动车行经漫水路或者漫水桥时，应当停车察明水情，快速通过。,B,B,错误,错误
1006,1078,0.8891,0.5357,语义相似待复核,False,False,驾驶机动车载货长度、宽度高度超过规定的，一次记1分。,货车上高速公路行驶超过规定限宽或者限高的，一次记1分。,A,A,正确,正确
45,1026,0.889,0.2236,语义相似待复核,True,False,机动车驾驶证补领后，以下说法正确的是什么？,关于机动车号牌灭失、丢失或者 损毁的，以下错误的说法是什么？,B,B,原驾驶证作废，不得继续使用,补领、换领机动车号牌的，原机动车号牌可以继续使用
145,1689,0.8889,0.2281,语义相似待复核,True,False,驾驶人将机动车交由什么样的人驾驶的，交通警察可依法扣留机动车驾驶证？,上道路行驶的机动车驾驶人未携带机动车驾驶证、行驶证的，除扣留机动车外，并受到什么处罚？,C,B,驾驶证被吊销的人,罚款
660,775,0.8889,0.322,语义相似待复核,True,False,因饮酒后驾驶机动车被处罚，再次饮酒后驾驶机动车的处十日以下拘留，并处1000元以上2000元以下罚款， 吊销机动车驾驶证。,醉酒驾驶非营运机动车的，由公安机关交通管理部门吊销机动车驾驶证，依法追究刑事责任，并且终生不得重新取得机动车驾驶证。,A,B,正确,错误
190,194,0.8887,0.6739,语义相似待复核,False,False,驾驶人违反交通运输管理法规发生重大事故使公私财产遭受重大损失的可能处3年以下徒刑或拘役。,驾驶人违反交通运输管理法规发生重大事故后，因逃逸致人死亡的，处3年以上7年以下有期徒刑。,A,B,正确,错误
314,1820,0.8887,0.597,语义相似待复核,False,False,驾驶机动车应在变更车道的同时开启转向灯。,驾驶机动车在道路上行驶，欲变更车道时，应提前开启转向灯，在确认安全的前提下，平稳变更车道。,B,A,错误,正确
1,4,0.8886,0.4615,语义相似待复核,False,False,驾驶机动车在道路上违反道路通行规定应当接受相应的处罚。,驾驶机动车违反道路交通安全法律法规发生交通事故属于交通违章行为。,A,B,正确,错误
166,905,0.8885,0.3448,语义相似待复核,True,False,记分满12分的驾驶人拒不参加学习和考试的将被公告驾驶证停止使用。,机动车驾驶人在—个记分周期内累积记分满12分的，公安机关交通管理部门应当扣留其机动车驾驶证，开具强制措施凭证，并送达满分教育通知书，通知机动车驾驶人参加满分学习、考试。,A,A,正确,正确
2159,2191,0.8885,0.4122,语义相似待复核,False,False,以下哪种情况需要办理变更登记？,已注册登记的机动车，以下哪种情况应向登记地车辆管理所申请备案？,D,A,机动车所有人的住所迁出登记地车辆管理所管辖区域的,所有人电话号码变更的
2159,2163,0.8885,0.4122,语义相似待复核,False,False,以下哪种情况需要办理变更登记？,已注册登记的机动车，以下哪种情况应向登记地车辆管理所申请备案？,D,A,机动车所有人的住所迁出登记地车辆管理所管辖区域的,所有人电话号码变更的
2163,2187,0.8885,0.3969,语义相似待复核,False,False,已注册登记的机动车，以下哪种情况应向登记地车辆管理所申请备案？,以下哪种情况需要办理变更登记？,A,D,所有人电话号码变更的,机动车所有人的住所迁出登记地车辆管理所管辖区域的
2187,2191,0.8885,0.4122,语义相似待复核,False,False,以下哪种情况需要办理变更登记？,已注册登记的机动车，以下哪种情况应向登记地车辆管理所申请备案？,D,A,机动车所有人的住所迁出登记地车辆管理所管辖区域的,所有人电话号码变更的
901,2222,0.8884,0.4722,语义相似待复核,True,False,机动车驾驶人累积记分未达到12分的，还可以处理其驾驶的其他机动车的交通违法行为记录。,机动车驾驶人使用其他机动车号牌、行驶证的，—次记12分。,A,A,正确,正确
470,472,0.8883,0.44,语义相似待复核,True,False,高速公路上车辆发生故障后，开启危险报警闪光灯和摆放警告标志的作用是警告后续车辆注意避让。,驾驶机动车在高速公路上发生故障，需要停车排除故障时，若能将机动车移至应急车道内，则不需要开启危险报警闪光灯。,A,B,正确,错误
1619,1883,0.8883,0.2824,语义相似待复核,True,False,驾驶机动车超车时，前方车辆不减速让路，应停止超车并适当减速，与前方车辆保持安全距离。,当发现前车正在超车时，为了避免发生交通事故，驾驶人应紧跟前车，选择合适的时机超越前车。,A,B,正确,错误
593,761,0.8882,0.6667,语义相似待复核,True,False,交通信号包括交通信号灯、交通标志、交通标线和交通警察的指挥。,遇到交通信号灯、交通标志或交通标线与交通警察的指挥不—致时，按照交通警察指挥行驶。,A,A,正确,正确
699,2216,0.8882,0.6,语义相似待复核,True,False,饮酒后或者醉酒驾驶机动车发生重大交通事故构成犯罪的，依法追究刑事责任，吊销机动车驾驶证， 10 年内不得重新取得机动车驾驶证。,醉酒驾驶营运机动车依法被吊销机动车驾驶证未满十年的，不得申请机动车驾驶证。,B,A,错误,正确
1536,1598,0.8882,0.3299,语义相似待复核,False,False,驾驶车辆行至道路急转弯处，应怎样做？,行车中遇到后方车辆要求超车时，应怎样做？,D,A,充分减速并靠右侧行驶,及时减速、观察后靠右行驶让行
1577,1596,0.8882,0.2909,语义相似待复核,False,False,会车中遇到对方来车行进有困难需借道时，应怎样做？,行车中突遇对方车辆强行超车，占据自己车道，正确的做法是什么？,D,B,尽量礼让对方先行,尽可能减速避让、直至停车
1792,1926,0.8882,0.4483,语义相似待复核,True,False,机动车驾驶人驾驶车辆前可以饮用少量啤酒。,驾驶人饮用少量啤酒，在不影响驾驶操作的情况下，可以短距离驾驶机动车。,B,B,错误,错误
320,344,0.8881,0.5614,语义相似待复核,False,False,驾驶机动车超车应该提前开启左转向灯、变换使用远近光灯或鸣喇叭。,驾驶机动车超车时，可以鸣喇叭替代开启转向灯。,A,B,正确,错误
657,905,0.8881,0.4183,语义相似待复核,False,False,机动车驾驶人在—个记分周期内有两次以上达到12分或者累积记分达到24分以上的，在道路交通安全法律、法规和相关知识考试合格后即可发还机动车驾驶证。,机动车驾驶人在—个记分周期内累积记分满12分的，公安机关交通管理部门应当扣留其机动车驾驶证，开具强制措施凭证，并送达满分教育通知书，通知机动车驾驶人参加满分学习、考试。,B,A,错误,正确
888,2236,0.8881,0.5381,语义相似待复核,False,False,小型汽车驾驶人有以下哪种违法行为，—次记3分？,驾驶人有下列哪种违法行为一次记6分？,C,C,在一般道路上行驶超速20%以上未达50%的,造成致人轻微伤或者财产损失的交通事故后逃逸，尚不构成犯罪 的
1061,2243,0.8881,0.725,语义相似待复核,False,False,驾驶载货汽车载物超过最大允许总质量50%以上的，一次记多少分？,驾驶载货汽车载物超过最大允许总质量多少以上的，—次记几分？,C,D,6分,"50%,6分"
138,606,0.888,0.4127,语义相似待复核,False,False,对未按照国家规定投保交强险的车辆，交通警察可依法予以扣留。,交通警察对未放置保险标志上道路行驶的车辆可依法扣留驾驶证。,A,B,正确,错误
1712,1803,0.888,0.4048,语义相似待复核,True,False,夜间行车，要尽量避免超车，确需超车时，可变换远近光灯向前车示意。,夜间通过没有路灯或路灯照明不良的路口，同方向行驶的后车与前车近距离行驶时， 可以使用远光灯提醒前车注意。,A,B,正确,错误
1801,1838,0.888,0.4688,语义相似待复核,True,False,驾驶车辆驶入铁路道口前应减速降挡，进入道口后可以变换挡位。,车辆通过铁路道口前，换入低速挡，不得中途换挡，避免导致发动机熄火。,B,A,错误,正确
1630,1820,0.8879,0.5075,语义相似待复核,False,False,变更车道时，应开启转向灯，迅速驶入侧方车道。,驾驶机动车在道路上行驶，欲变更车道时，应提前开启转向灯，在确认安全的前提下，平稳变更车道。,B,A,错误,正确
267,279,0.8878,0.6593,语义相似待复核,True,False,驾驶机动车通过铁路道口时，最高速度不能超过多少？,牵引发生事故的机动车时，最高车速不得超过多少？,C,B,30公里/小时,30公里/小时
639,1844,0.8878,0.4706,语义相似待复核,False,False,夜间驾驶机动车在有路灯照明的路段起步，应开启远光灯。,夜间驾驶机动车会车时，可开启远光灯，以便本车和对向车辆能够更好的看清路面情况。,B,B,错误,错误
1530,1547,0.8878,0.1429,语义相似待复核,False,False,发现前方道路堵塞，正确的做法是什么？,车辆行至交叉路口，遇有转弯的车辆抢行，应怎样做？,D,A,按顺序停车等候,停车避让
1530,1532,0.8878,0.2171,语义相似待复核,False,False,发现前方道路堵塞，正确的做法是什么？,行车中需要借道绕过前方障碍物，但对向来车已接近障碍物时，应怎样做？,D,A,按顺序停车等候,降低速度或停车，让对向来车优先通行
1577,1925,0.8878,0.202,语义相似待复核,False,False,会车中遇到对方来车行进有困难需借道时，应怎样做？,驾驶机动车遇前方道路拥堵通行缓慢时怎样行驶？,D,A,尽量礼让对方先行,依次跟车行驶
1603,1757,0.8878,0.2689,语义相似待复核,False,False,遇后车发出超车信号后，只要具备让超条件应怎样做？,行车中超越右侧停放的车辆时，为预防其突然起步或开启车门，应怎样做？,C,A,主动减速并靠右侧行驶,预留出横向安全距离，减速行驶
811,882,0.8877,0.8205,语义相似待复核,True,False,驾驶小型汽车在高速公路、城市快速路上行驶超过规定时速50%以上的，一次记9分。,驾驶小型汽车在高速公路上行驶，超过规定时速20%以上未达到50%的，一次记6分。,B,A,错误,正确
813,814,0.8877,0.3656,语义相似待复核,False,False,驾驶人有下列哪种违法行为—次记9分？,驾驶人有下列哪种违法行为—次记9分？,A,B,驾驶7座以上载客汽车载人超过核定人数百分之五十以上未达到百分之百的,在高速公路上违法停车的
1668,1866,0.8876,0.6947,语义相似待复核,False,False,驾驶机动车在高速公路上行驶，能见度小于200米时，与同车道前车应保持100米以上的距离。,驾驶机动车以每小时110公里的速度在高速公路上行驶时，与同车道前车最低保持50米以上的安全距离。,A,B,正确,错误
2215,2216,0.8876,0.8861,语义相似待复核,True,False,饮酒后驾驶营运机动车依法被吊销机动车驾驶证未满四年的，可以申请机动车驾驶证。,醉酒驾驶营运机动车依法被吊销机动车驾驶证未满十年的，不得申请机动车驾驶证。,B,A,错误,正确
319,1817,0.8875,0.4884,语义相似待复核,False,False,驾驶机动车在夜间超车时怎样使用灯光？,驾驶机动车完成超车、驶回原车道时，应该怎样使用灯光？,A,B,变换远、近光灯,开启右转向灯
662,773,0.8875,0.7784,语义相似待复核,True,False,非法拦截、扣留机动车辆，不听劝阻，造成交通严重阻塞或者较大财产损失的，由公安机关交通管理部门处多少元罚款？,机动车驾驶证被暂扣期间驾驶机动车的，由公安机关交通管理部门处多少元罚款？,B,B,200元以上2000元以下,200元以上2000元以下
1570,1572,0.8875,0.3951,语义相似待复核,False,False,驾驶人在行车中经过积水路面时，应怎样做？,当驾驶车辆行经两侧有行人且有积水的路面时，应怎样做？,A,C,减速慢行,减速慢行
1014,1058,0.8874,0.4601,语义相似待复核,True,False,关于交通违法行为，以下错误的说法是什么？,驾驶人有下列哪种违法行为一次记9分？,A,C,造成致人轻微伤或者财产损失的交通事故后逃逸，尚不构成犯罪的一次记9分,驾驶机动车在城市快速路上违法停车的
1531,1532,0.8874,0.1507,语义相似待复核,False,False,车辆在拥挤路段低速行驶时，遇其他车辆强行插队，应怎样做？,行车中需要借道绕过前方障碍物，但对向来车已接近障碍物时，应怎样做？,C,A,主动礼让，确保行车安全,降低速度或停车，让对向来车优先通行
1783,1925,0.8873,0.2642,语义相似待复核,False,False,遇前方路段车道减少，车辆行驶缓慢，为保证安全有序应该怎样做?,驾驶机动车遇前方道路拥堵通行缓慢时怎样行驶？,A,A,依次交替通行,依次跟车行驶
649,862,0.8872,0.4091,语义相似待复核,False,False,驾驶人在驾驶证核发地车辆管理所管辖区以外居住的，可以向政务大厅申请换证。,在车辆管理所管辖区域内，机动车驾驶证记载的机动车驾驶人信息发生变化申请换证时，应提交机动车驾驶证。,B,A,错误,正确
150,1689,0.8871,0.4,语义相似待复核,True,False,驾驶人将机动车交给驾驶证被吊销的人驾驶，交警会依法扣留什么？,上道路行驶的机动车驾驶人未携带机动车驾驶证、行驶证的，除扣留机动车外，并受到什么处罚？,C,B,驾驶证,罚款
172,180,0.8871,0.6875,语义相似待复核,False,False,驾驶机动车在高速公路上倒车、逆行、穿越中央分隔带掉头的一次记6分。,驾驶机动车在高速公路违法占用应急车道行驶的一次记6分。,B,A,错误,正确
311,1536,0.8871,0.1835,语义相似待复核,False,False,机动车在道路上变更车道需要注意什么？,驾驶车辆行至道路急转弯处，应怎样做？,B,D,不能影响其他车辆正常行驶,充分减速并靠右侧行驶
1001,2222,0.887,0.4127,语义相似待复核,True,False,累积记分未满12分，可以处理其驾驶的其他机动车的交通违法行为记录。,机动车驾驶人使用其他机动车号牌、行驶证的，—次记12分。,A,A,正确,正确
498,499,0.8869,0.4118,语义相似待复核,False,False,驾驶机动车遇到前方车辆停车排队等候或缓慢行驶时怎么办？,驾驶机动车遇有前方交叉路口交通阻塞时怎么办？,D,A,依次行驶,依次停在路口外等候
235,1709,0.8867,0.3784,语义相似待复核,True,False,夜间驾驶机动车通过人行横道时需要交替使用远近光灯。,夜间通过没有路灯或路灯照明不良时，应将近光灯转换为远光灯，但同向行驶的后车不得使用远光灯。,A,A,正确,正确
956,1015,0.8867,0.625,语义相似待复核,True,False,初次申领机动车驾驶证的，不得申请下列哪种准驾车型？,满20周岁的，不可以初次申请以下哪种准驾车型？,B,B,大型客车,大型客车
383,1552,0.8866,0.234,语义相似待复核,False,False,驾驶机动车通过没有交通信号的交叉路口怎样行驶？,车辆驶近人行横道时，应怎样做？,A,D,减速慢行,先减速注意观察行人、非机动车动态，确认安全后再通过
460,1866,0.8866,0.4404,语义相似待复核,True,False,驾驶机动车在高速公路遇到能见度低于200米的气象条件时，最高车速不能超过60公里／小时， 与前车距离要保持100米以上。,驾驶机动车以每小时110公里的速度在高速公路上行驶时，与同车道前车最低保持50米以上的安全距离。,A,B,正确,错误
470,707,0.8866,0.5205,语义相似待复核,False,False,高速公路上车辆发生故障后，开启危险报警闪光灯和摆放警告标志的作用是警告后续车辆注意避让。,车辆在高速公路匝道上倒车时，应开启危险报警闪光灯。,A,B,正确,错误
267,268,0.8865,0.8132,语义相似待复核,False,False,驾驶机动车通过铁路道口时，最高速度不能超过多少？,驾驶机动车通过急弯路时，最高速度不能超过多少？,C,B,30公里/小时,30公里/小时
42,862,0.8862,0.413,语义相似待复核,False,False,驾驶人在驾驶证核发地车辆管理所管辖区以外居住的，可以向居住地车辆管理所申请换证。,在车辆管理所管辖区域内，机动车驾驶证记载的机动车驾驶人信息发生变化申请换证时，应提交机动车驾驶证。,A,A,正确,正确
1547,1596,0.8862,0.2353,语义相似待复核,False,False,车辆行至交叉路口，遇有转弯的车辆抢行，应怎样做？,行车中突遇对方车辆强行超车，占据自己车道，正确的做法是什么？,A,B,停车避让,尽可能减速避让、直至停车
1660,1661,0.8862,0.2719,语义相似待复核,True,False,在高速公路上驾驶机动车， 车辆发生故障后的处置方法，以下说法错误的是什么？,驾驶机动车在高速公路发生故障， 需要停车排除故障时，以下做法先后顺序正确的是？ ①放置警告标志，转移乘车人员至安全处，迅速报警②开启危险报警闪光灯③将车辆移至不妨碍交通的位置④等待救援,C,D,车内乘员应下车辅助将故障车辆推移到紧急停车带上,②③①④
178,702,0.8861,0.6,语义相似待复核,True,False,驾驶人驾驶机动车不按交通信号灯指示通行的，一次记多少分？,驾驶机动车违法使用其他号牌、行驶证的，—次记多少分？,C,D,记6分,12分
318,610,0.8861,0.6909,语义相似待复核,False,False,驾驶机动车在道路上超车完毕驶回原车道时开启右转向灯。,驾驶机动车在隧道中超车时，应该提前开启左转向灯。,A,B,正确,错误
1616,1834,0.886,0.4444,语义相似待复核,False,False,夜间行车，需要超车时，变换远近光灯示意是为了提示前车。,夜间驾驶机动车通过急弯路时，应交替使用远近光灯。,A,A,正确,正确
1758,1783,0.8859,0.1833,语义相似待复核,False,False,驶近没有人行横道的交叉路口时，发现有人横穿道路，应怎样做？,遇前方路段车道减少，车辆行驶缓慢，为保证安全有序应该怎样做?,A,A,减速或停车让行,依次交替通行
888,1014,0.8858,0.5761,语义相似待复核,True,False,小型汽车驾驶人有以下哪种违法行为，—次记3分？,关于交通违法行为，以下错误的说法是什么？,C,A,在一般道路上行驶超速20%以上未达50%的,造成致人轻微伤或者财产损失的交通事故后逃逸，尚不构成犯罪的一次记9分
325,370,0.8857,0.3364,语义相似待复核,False,False,在没有中心线的道路上发现后车发出超车信号时，如果条件许可如何行驶？,驾驶机动车在没有中心线的道路上遇相对方向来车时怎样行驶？,D,A,降速靠右让路,减速靠右行驶
472,474,0.8857,0.4583,语义相似待复核,True,False,驾驶机动车在高速公路上发生故障，需要停车排除故障时，若能将机动车移至应急车道内，则不需要开启危险报警闪光灯。,高速公路上车辆发生故障后，开启危险报警闪光灯和摆放警告标志是为了向其他车辆求助。,B,B,错误,错误
673,677,0.8857,0.6098,语义相似待复核,False,False,驾驶机动车在高速公路或者城市快速路上不按规定车道行驶的，将被—次记多少分？,驾驶机动车行经人行横道，不按规定减速、停车、避让行人的，将被—次记多少分？,C,B,3分,3分
1030,1058,0.8857,0.449,语义相似待复核,False,False,驾驶人有下列哪种违法行为一次记9分？,驾驶人有下列哪种违法行为一次记9分？,B,C,驾驶与准驾车型不符的机动车的,驾驶机动车在城市快速路上违法停车的
1606,1608,0.8857,0.8,语义相似待复核,False,False,通过铁路道口时，不得超车。,通过窄路、窄桥时，不得超车。,A,A,正确,正确
620,673,0.8856,0.7143,语义相似待复核,False,False,驾驶机动车不按规定会车的，将被一次记多少分？,驾驶机动车在高速公路或者城市快速路上不按规定车道行驶的，将被—次记多少分？,A,C,1分,3分
1486,1692,0.8855,0.6122,语义相似待复核,True,False,机动车驾驶人造成重大交通事故后逃逸，构成犯罪的，十年内不能申请机动车驾驶证。,驾驶机动车造成重大交通事故后逃逸，构成犯罪的，由公安机关交通管理部门吊销机动车驾驶证，且终生不得重新取得机动车驾驶证。,B,A,错误,正确
892,901,0.8854,0.3377,语义相似待复核,True,False,驾驶不按规定安装机动车号牌的机动车上道路行驶的，一次记12分。,机动车驾驶人累积记分未达到12分的，还可以处理其驾驶的其他机动车的交通违法行为记录。,B,A,错误,正确
1601,1764,0.8854,0.2241,语义相似待复核,False,False,进入左侧道路超车，无法保证与正常行驶前车的横向安全间距时，应怎样做？,行车中超越同向行驶的自行车时，应怎样做？,C,B,放弃超车,注意观察动态，减速慢行，留有足够的安全距离
67,80,0.8853,0.6328,语义相似待复核,True,False,持有小型汽车驾驶证的驾驶人，发生交通事故造成人员死亡承担同等以上责任未被吊销机动车驾驶证的，应当在本计分周期结束后三十日内到公安机关交通管理部门接受审验，同时应当申报身体条件情况。,持有大型客车、重型牵引挂车、城市公交车、中型客车、大型货车驾驶证的驾驶人，记分周期内有记分的，应当在记分周期结束后三十日内到公安机关交通管理部门接受审验，同时还应当申报身体条件情况。,A,A,正确,正确
123,775,0.8853,0.5053,语义相似待复核,True,False,酒后驾驶发生重大交通事故被依法追究刑事责任的人不能申请机动车驾驶证。,醉酒驾驶非营运机动车的，由公安机关交通管理部门吊销机动车驾驶证，依法追究刑事责任，并且终生不得重新取得机动车驾驶证。,A,B,正确,错误
895,2220,0.8853,0.492,语义相似待复核,False,False,驾驶人有下列哪种违法行为—次记1分？,下列交通违法行为，—次记12分的是什么？,D,C,不按规定会车,驾驶机动车在城市快速路上倒车的
1601,1603,0.8853,0.177,语义相似待复核,False,False,进入左侧道路超车，无法保证与正常行驶前车的横向安全间距时，应怎样做？,遇后车发出超车信号后，只要具备让超条件应怎样做？,C,C,放弃超车,主动减速并靠右侧行驶
1766,1943,0.8853,0.129,语义相似待复核,True,False,车辆在主干道上行驶，驶近主支干道交汇处时，为防止与从支路突然驶入的车辆相撞，应怎样做？,在机动车道上遇到非机动车违法占用车道行驶，且妨碍机动车前进时，以下错误的做法是什么？,A,C,提前减速、观察，谨慎驾驶,持续鸣喇叭警告非机动车避让
38,862,0.8851,0.2449,语义相似待复核,False,False,机动车登记证书、号牌、行驶证灭失、丢失或者损毁的，机动车所有人应当向居住地车辆管理所申请补领、换领。,在车辆管理所管辖区域内，机动车驾驶证记载的机动车驾驶人信息发生变化申请换证时，应提交机动车驾驶证。,B,A,错误,正确
775,2216,0.8851,0.5979,语义相似待复核,True,False,醉酒驾驶非营运机动车的，由公安机关交通管理部门吊销机动车驾驶证，依法追究刑事责任，并且终生不得重新取得机动车驾驶证。,醉酒驾驶营运机动车依法被吊销机动车驾驶证未满十年的，不得申请机动车驾驶证。,B,A,错误,正确
11,1857,0.885,0.5079,语义相似待复核,True,False,驾驶机动车在人行横道上临时停车属于违法行为。,驾驶机动车需要在路边临时停车时，可选择在不影晌行人通行的人行横道上停放。,A,B,正确,错误
460,1804,0.8849,0.5,语义相似待复核,True,False,驾驶机动车在高速公路遇到能见度低于200米的气象条件时，最高车速不能超过60公里／小时， 与前车距离要保持100米以上。,车辆在高速公路以低于每小时100公里的速度行驶时，距同车道前车最低保持100米以上为安全距离。,A,B,正确,错误
1546,1579,0.8849,0.2479,语义相似待复核,True,False,车辆在交叉路口有优先通行权的，遇有车辆抢行时，应怎样做？,会车前选择的交会位置不理想时，应怎样做？,D,B,减速避让，必要时停车让行,减速、低速会车或停车让行
128,725,0.8848,0.5039,语义相似待复核,True,False,对驾驶拼装机动车上路行驶的驾驶人，会受到下列哪种处罚？,违反交通管制的规定强行通行，不听劝阻的，会受到下列哪种处罚？,C,A,处200以上2000元以下罚款,处15日以下拘留
225,1934,0.8848,0.4242,语义相似待复核,False,False,夜间在没有中心线的道路上会车，距离对向车辆多少米改用近光灯？,夜间在视线较差的路口转弯，应在距离路口多远时关闭远光灯？,C,B,150米以外,30-100米
686,840,0.8848,0.4857,语义相似待复核,True,False,驾驶机动车不按规定超车、让行的，或者逆向行驶的，将被—次记多少分？,驾驶机动车违反禁令标志、禁止标线指示的，一次记多少分？,B,C,3分,1分
1831,1890,0.8848,0.6168,语义相似待复核,False,False,夜间驾驶机动车驶近上坡路段时，应如何使用灯光？,机动车在夜间通过没有交通信号灯控制的交叉路口时，要怎样使用灯光？,D,D,交替使用远近光灯,交替使用远近光灯示意
235,1803,0.8847,0.375,语义相似待复核,True,False,夜间驾驶机动车通过人行横道时需要交替使用远近光灯。,夜间通过没有路灯或路灯照明不良的路口，同方向行驶的后车与前车近距离行驶时， 可以使用远光灯提醒前车注意。,A,B,正确,错误
239,1886,0.8847,0.381,语义相似待复核,False,False,夜间驾驶机动车在窄路、窄桥会车时正确的做法是使用远光灯。,夜间在没有照明的路段，与前车跟车距离较近时，应当开启远光灯照明。,B,B,错误,错误
814,1939,0.8847,0.3562,语义相似待复核,False,False,驾驶人有下列哪种违法行为—次记9分？,以下哪种行为机动车驾驶人将被—次记9分？,B,D,在高速公路上违法停车的,驾驶与准驾车型不符的机动车的
266,267,0.8846,0.617,语义相似待复核,False,False,驾驶机动车在进出非机动车道时，最高速度不能超过多少？,驾驶机动车通过铁路道口时，最高速度不能超过多少？,A,C,30公里/小时,30公里/小时
1467,1703,0.8846,0.5556,语义相似待复核,False,False,黄色闪光警告信号灯持续闪烁，表示机动车要注意瞭望，在确认安全后可以通过。,闪光警告信号灯为持续闪烁的黄灯，其作用是提示车辆、行人需要快速通过。,A,B,正确,错误
1759,1760,0.8846,0.4691,语义相似待复核,False,False,行车中遇有非机动车准备绕过停放的车辆时，应怎样做？,行车中，遇非机动车抢行时，应怎样做？,B,C,让其先行,减速让行
37,48,0.8845,0.4167,语义相似待复核,False,False,机动车登记证书、号牌、行驶证灭失、丢失或者损毁的，机动车所有人应当向哪个部门申请补领、换领。,机动车驾驶证遗失的，机动车驾驶人应当向哪里的车辆管理所申请补发？,C,D,登记地车辆管理所,以上地方都可
840,842,0.8845,0.5294,语义相似待复核,True,False,驾驶机动车违反禁令标志、禁止标线指示的，一次记多少分？,驾驶机动车在高速公路上不按规定车道行驶的，一次记多少分？,C,C,1分,3分
1596,1760,0.8844,0.2921,语义相似待复核,False,False,行车中突遇对方车辆强行超车，占据自己车道，正确的做法是什么？,行车中，遇非机动车抢行时，应怎样做？,B,C,尽可能减速避让、直至停车,减速让行
610,735,0.8843,0.6182,语义相似待复核,True,False,驾驶机动车在隧道中超车时，应该提前开启左转向灯。,驾驶机动车遇同车道行驶的前车开启左转向灯时不得超车。,B,A,错误,正确
677,842,0.8843,0.6133,语义相似待复核,False,False,驾驶机动车行经人行横道，不按规定减速、停车、避让行人的，将被—次记多少分？,驾驶机动车在高速公路上不按规定车道行驶的，一次记多少分？,B,C,3分,3分
842,843,0.8843,0.6849,语义相似待复核,True,False,驾驶机动车在高速公路上不按规定车道行驶的，一次记多少分？,驾驶人驾驶机动车在道路上行驶，未按规定系安全带的，一次记多少分？,C,A,3分,1分
137,780,0.8842,0.5231,语义相似待复核,False,False,对使用其他车辆号牌、行驶证的车辆，交通警察可依法予以扣留。,将机动车交给驾驶证被吊销的人驾驶的，交通警察可以依法扣留其行驶证。,A,B,正确,错误
1529,1925,0.8842,0.3297,语义相似待复核,False,False,行车中发现前方道路拥堵时，应怎样做？,驾驶机动车遇前方道路拥堵通行缓慢时怎样行驶？,C,A,减速停车，依次排队等候,依次跟车行驶
1596,1921,0.8841,0.1684,语义相似待复核,True,False,行车中突遇对方车辆强行超车，占据自己车道，正确的做法是什么？,超车时，前方车辆不让出超车空间，应该怎么做？,B,B,尽可能减速避让、直至停车,停止超车
214,593,0.884,0.4923,语义相似待复核,True,False,在路口遇有交通信号灯和交通警察指挥不一致时，按照交通信号灯通行。,交通信号包括交通信号灯、交通标志、交通标线和交通警察的指挥。,B,A,错误,正确
2220,2221,0.884,0.5631,语义相似待复核,False,False,下列交通违法行为，—次记12分的是什么？,下列交通违法行为，—次记12分的是什么？,C,B,驾驶机动车在城市快速路上倒车的,驾驶机动车在高速公路上倒车的
1712,1834,0.8839,0.4138,语义相似待复核,False,False,夜间行车，要尽量避免超车，确需超车时，可变换远近光灯向前车示意。,夜间驾驶机动车通过急弯路时，应交替使用远近光灯。,A,A,正确,正确
140,142,0.8837,0.8615,语义相似待复核,False,False,驾驶人有使用其他车辆号牌、行驶证嫌疑的，交通警察可依法扣留车辆。,驾驶人有使用其他车辆保险标志嫌疑的，交通警察可依法扣留车辆。,A,A,正确,正确
386,1551,0.8836,0.3529,语义相似待复核,False,False,在没有交通信号指示的交叉路口，转弯的机动车让直行的车辆和行人先行。,车辆行至交叉路口时，左转弯车辆在任何时段都可以进入左弯待转区。,A,B,正确,错误
775,1003,0.8836,0.56,语义相似待复核,True,False,醉酒驾驶非营运机动车的，由公安机关交通管理部门吊销机动车驾驶证，依法追究刑事责任，并且终生不得重新取得机动车驾驶证。,饮酒后驾驶营运机动车依法被吊销机动车驾驶证未满五年的，不得再次申请机动车驾驶证。,B,A,错误,正确
1673,1680,0.8836,0.3333,语义相似待复核,True,False,驾驶人发现轮胎漏气，将车辆驶离主车道时，不要采用紧急制动，以免造成翻车或后车采取制动不及时导致追尾事故。,行车中当驾驶人意识到车辆爆胎时，应在控制住方向的情况下采取紧急制动，迫使车辆迅速停住。,A,B,正确,错误
1676,1678,0.8836,0.3,语义相似待复核,True,False,行车中当车辆突然爆胎时，驾驶人切忌慌乱中急踏制动踏板，尽量采用“抢挡”的方法，利用发动机制动使车辆减速。,车辆发生爆胎后，驾驶人在尚未控制住车速前，不要冒险使用行车制动器停车，以避免车辆横甩发生更大的险情。,A,A,正确,正确
235,655,0.8835,0.4737,语义相似待复核,False,False,夜间驾驶机动车通过人行横道时需要交替使用远近光灯。,夜间驾驶机动车在路口遇前方绿灯亮起时，如果人行横道上仍有行人通过，应开启远光灯催促其尽快通过。,A,B,正确,错误
239,1834,0.8835,0.6429,语义相似待复核,False,False,夜间驾驶机动车在窄路、窄桥会车时正确的做法是使用远光灯。,夜间驾驶机动车通过急弯路时，应交替使用远近光灯。,B,A,错误,正确
814,1058,0.8835,0.4503,语义相似待复核,False,False,驾驶人有下列哪种违法行为—次记9分？,驾驶人有下列哪种违法行为一次记9分？,B,C,在高速公路上违法停车的,驾驶机动车在城市快速路上违法停车的
893,1939,0.8835,0.3444,语义相似待复核,False,False,驾驶人有下列哪种违法行为—次记3分？,以下哪种行为机动车驾驶人将被—次记9分？,A,D,驾驶不按规定安装机动车号牌的机动车上道路行驶的,驾驶与准驾车型不符的机动车的
1537,1603,0.8835,0.254,语义相似待复核,False,False,山区道路车辆进入弯道前，在对面没有来车的情况下，应怎样做？,遇后车发出超车信号后，只要具备让超条件应怎样做？,A,C,应“减速、鸣喇叭、靠右行”,主动减速并靠右侧行驶
1764,1921,0.8835,0.2692,语义相似待复核,True,False,行车中超越同向行驶的自行车时，应怎样做？,超车时，前方车辆不让出超车空间，应该怎么做？,B,B,注意观察动态，减速慢行，留有足够的安全距离,停止超车
1528,1925,0.8834,0.1348,语义相似待复核,False,False,行车中遇到对向来车占道行驶，应怎样做？,驾驶机动车遇前方道路拥堵通行缓慢时怎样行驶？,B,A,主动给对方让行,依次跟车行驶
1532,1760,0.8833,0.2456,语义相似待复核,False,False,行车中需要借道绕过前方障碍物，但对向来车已接近障碍物时，应怎样做？,行车中，遇非机动车抢行时，应怎样做？,A,C,降低速度或停车，让对向来车优先通行,减速让行
324,1596,0.8832,0.1616,语义相似待复核,True,False,驾驶机动车在下列哪种情形下不能超越前车？,行车中突遇对方车辆强行超车，占据自己车道，正确的做法是什么？,B,B,前车正在左转弯,尽可能减速避让、直至停车
472,1826,0.8832,0.5172,语义相似待复核,True,False,驾驶机动车在高速公路上发生故障，需要停车排除故障时，若能将机动车移至应急车道内，则不需要开启危险报警闪光灯。,机动车在高速公路上发生故障，无法正常行驶，应由救援车或清障车拖曳、牵引，牵引车应开启危险报警闪光灯，被牵引的故障车无需开启灯光。,B,B,错误,错误
88,963,0.883,0.4231,语义相似待复核,False,False,提供虚假材料申领驾驶证的申请人会承担下列哪种法律责任？,申请人隐瞒有关情况或者提供虚假材料申领机动车驾驶证的，会受到以下哪种处罚？,C,B,1年内不得再次申领驾驶证,处五百元以下罚款，申请人在一年内不得再次申领机动车驾驶证
1532,1759,0.8829,0.304,语义相似待复核,False,False,行车中需要借道绕过前方障碍物，但对向来车已接近障碍物时，应怎样做？,行车中遇有非机动车准备绕过停放的车辆时，应怎样做？,A,B,降低速度或停车，让对向来车优先通行,让其先行
1661,1859,0.8827,0.3333,语义相似待复核,True,False,驾驶机动车在高速公路发生故障， 需要停车排除故障时，以下做法先后顺序正确的是？ ①放置警告标志，转移乘车人员至安全处，迅速报警②开启危险报警闪光灯③将车辆移至不妨碍交通的位置④等待救援,驾驶机动车在道路上发生交通事故，难以移动时，正确的做法是？,D,A,②③①④,开启危险报警闪光灯，并在车后设置警告标志
141,142,0.8826,0.9091,语义相似待复核,False,False,驾驶人有使用其他车辆检验合格标志嫌疑的，交通警察可依法扣留车辆。,驾驶人有使用其他车辆保险标志嫌疑的，交通警察可依法扣留车辆。,A,A,正确,正确
892,902,0.8825,0.3662,语义相似待复核,True,False,驾驶不按规定安装机动车号牌的机动车上道路行驶的，一次记12分。,机动车驾驶人累积记分满12分的，还可以处理其他机动车的交通违法行为记录。,B,B,错误,错误
1593,1829,0.8825,0.1649,语义相似待复核,False,False,在一般道路倒车时，若发现有过往车辆通过，应怎样做？,驾驶机动车在高速公路上行驶遇前方车流行驶缓慢时，应该怎么做？,C,C,主动停车避让,跟随车流行驶，保持安全车距
123,699,0.8824,0.6327,语义相似待复核,True,False,酒后驾驶发生重大交通事故被依法追究刑事责任的人不能申请机动车驾驶证。,饮酒后或者醉酒驾驶机动车发生重大交通事故构成犯罪的，依法追究刑事责任，吊销机动车驾驶证， 10 年内不得重新取得机动车驾驶证。,A,B,正确,错误
380,499,0.8823,0.2286,语义相似待复核,False,False,在路口右转弯遇同车道前车等候放行信号时如何行驶？,驾驶机动车遇有前方交叉路口交通阻塞时怎么办？,D,A,依次停车等候,依次停在路口外等候
1604,1883,0.8823,0.3014,语义相似待复核,False,False,预计在超车过程中与对面来车有会车可能时，应提前加速超越。,当发现前车正在超车时，为了避免发生交通事故，驾驶人应紧跟前车，选择合适的时机超越前车。,B,B,错误,错误
1619,1732,0.8823,0.35,语义相似待复核,True,False,驾驶机动车超车时，前方车辆不减速让路，应停止超车并适当减速，与前方车辆保持安全距离。,遇后车超车时， 在条件许可的情况下应减速靠右让路，是为了给后车留出超车空间。,A,A,正确,正确
402,1806,0.8822,0.5532,语义相似待复核,True,False,距离交叉路口50米以内的路段不能停车。,驾驶机动车距离施工路段50米内禁止停放车辆。,A,A,正确,正确
727,1857,0.8822,0.625,语义相似待复核,True,False,驾驶机动车需要在路边停车时，应在停车泊位内停放。,驾驶机动车需要在路边临时停车时，可选择在不影晌行人通行的人行横道上停放。,A,B,正确,错误
1546,1760,0.8822,0.3789,语义相似待复核,False,False,车辆在交叉路口有优先通行权的，遇有车辆抢行时，应怎样做？,行车中，遇非机动车抢行时，应怎样做？,D,C,减速避让，必要时停车让行,减速让行
206,1692,0.8821,0.5682,语义相似待复核,True,False,造成交通事故后逃逸构成犯罪的人不能申请机动车驾驶证。,驾驶机动车造成重大交通事故后逃逸，构成犯罪的，由公安机关交通管理部门吊销机动车驾驶证，且终生不得重新取得机动车驾驶证。,A,A,正确,正确
178,916,0.882,0.4054,语义相似待复核,False,False,驾驶人驾驶机动车不按交通信号灯指示通行的，一次记多少分？,上道路行驶的机动车不按规定安装机动车号牌的，一次记几分？,C,C,记6分,3分
46,653,0.8819,0.6582,语义相似待复核,True,False,机动车驾驶人补领机动车驾驶证后，原机动车驾驶证作废，不得继续使用。,机动车驾驶人补领机动车驾驶证后，继续使用原机动车驾驶证的，处20元以上200元以下罚款。,A,A,正确,正确
51,1050,0.8819,0.7059,语义相似待复核,False,False,机动车驾驶人驾驶证有效期满换领驾驶证时，只能提交县级以上医疗机构出具的身体条件证明。,在申请机动车驾驶证时，必须提交县级或者部队团级以上医疗机构出具的身体条件证明。,B,B,错误,错误
544,546,0.8819,0.6452,语义相似待复核,False,False,在道路上发生交通事故造成人身伤亡时，要立即抢救受伤人员并迅速报警。,发生交通事故造成人员受伤时，要保护现场并立即报警。,A,A,正确,正确
1532,1537,0.8819,0.2483,语义相似待复核,False,False,行车中需要借道绕过前方障碍物，但对向来车已接近障碍物时，应怎样做？,山区道路车辆进入弯道前，在对面没有来车的情况下，应怎样做？,A,A,降低速度或停车，让对向来车优先通行,应“减速、鸣喇叭、靠右行”
2166,2197,0.8818,0.3846,语义相似待复核,False,False,以下哪种情形机动车所有人应申请办理注销登记？,以下哪种情形已注册登记的机动车会被车辆管理所注销？以内,B,C,机动车已达到国家强制报废标准的,机动车登记被依法撒销的
2194,2197,0.8818,0.3846,语义相似待复核,False,False,以下哪种情形机动车所有人应申请办理注销登记？,以下哪种情形已注册登记的机动车会被车辆管理所注销？以内,B,C,机动车已达到国家强制报废标准的,机动车登记被依法撒销的
87,1693,0.8817,0.5981,语义相似待复核,False,False,申请人以欺骗、贿赂等不正当手段取得机动车驾驶证的（被撤销的），申请人在多长时间内不得再次申领机动车驾驶证。,隐瞒有关情况或者提供虚假材料申请机动车驾驶证，申请人在多少年内不得再次申领机动车驾驶证？,D,A,3年,1年
111,170,0.8816,0.6,语义相似待复核,False,False,使用伪造、变造的行驶证一次记几分？,使用伪造、变造的机动车号牌一次记几分？,A,D,12分,12分
874,1074,0.8816,0.5814,语义相似待复核,True,False,驾驶小型载客汽车超过核定人数100%以上的，一次记多少分？,驾驶校车、公路客运汽车、 旅游客运汽车载人超过核定人数百分之二十未达百分之五十的，一次记几分？,D,D,12分,12分
810,1014,0.8815,0.3798,语义相似待复核,True,False,驾驶人有下列哪种违法行为—次记12分？,关于交通违法行为，以下错误的说法是什么？,A,A,造成致人轻伤以上或者死亡的交通事故后逃逸，尚不构成犯罪的,造成致人轻微伤或者财产损失的交通事故后逃逸，尚不构成犯罪的一次记9分
123,206,0.8814,0.6061,语义相似待复核,False,False,酒后驾驶发生重大交通事故被依法追究刑事责任的人不能申请机动车驾驶证。,造成交通事故后逃逸构成犯罪的人不能申请机动车驾驶证。,A,A,正确,正确
1024,2269,0.8814,0.6567,语义相似待复核,False,False,申请人以欺骗、贿赂等不正当手段取得机动车驾驶证的，公安机关交通管理部门收缴机动车驾驶证，撤销机动车驾驶许可，处二干元以下罚款；申请人在三年内不得再次申领机动车驾驶证。,申请人以欺骗、贿赂等不正当手段取得校车驾驶资格，处两千元以下罚款，申请人在三年内不得再次申请校车驾驶资格。,A,A,正确,正确
1658,1839,0.8814,0.6562,语义相似待复核,True,False,在高速公路上行驶感觉疲劳时，只要不影晌后方车辆行驶，可以靠边停车休息。,在高速公路上行驶感觉疲劳时，应在下—个服务区停车休息。,B,A,错误,正确
370,1925,0.8813,0.3125,语义相似待复核,False,False,驾驶机动车在没有中心线的道路上遇相对方向来车时怎样行驶？,驾驶机动车遇前方道路拥堵通行缓慢时怎样行驶？,A,A,减速靠右行驶,依次跟车行驶
46,671,0.8812,0.4146,语义相似待复核,True,False,机动车驾驶人补领机动车驾驶证后，原机动车驾驶证作废，不得继续使用。,机动车驾驶证遗失的，机动车驾驶人应当向机动车驾驶证核发地或者核发地以外的车辆管理所申请补发。,A,A,正确,正确
1627,1632,0.8812,0.5,语义相似待复核,False,False,驾驶车辆变更车道时，应提前开启转向灯，注意观察，保持安全距离，驶入要变更的车道。,驾驶机动车变更车道前应仔细观察，目的是判断有无变更车道的条件。,A,A,正确,正确
168,1001,0.8811,0.3492,语义相似待复核,True,False,道路交通安全违法行为累积记分一个周期满分为12分。,累积记分未满12分，可以处理其驾驶的其他机动车的交通违法行为记录。,A,A,正确,正确
655,2100,0.881,0.4762,语义相似待复核,False,False,夜间驾驶机动车在路口遇前方绿灯亮起时，如果人行横道上仍有行人通过，应开启远光灯催促其尽快通过。,夜间驾驶机动车通过急弯、坡路、拱桥、人行横道时，应当交替使用远近光灯示意。,B,A,错误,正确
1546,1783,0.881,0.2276,语义相似待复核,False,False,车辆在交叉路口有优先通行权的，遇有车辆抢行时，应怎样做？,遇前方路段车道减少，车辆行驶缓慢，为保证安全有序应该怎样做?,D,A,减速避让，必要时停车让行,依次交替通行
1915,2210,0.881,0.1892,语义相似待复核,False,False,驾驶机动车上高速公路行驶，以下正确的说法是什么？,下列说法正确的是什么？,B,B,不准倒车、逆行、穿越中央分隔带掉头,驶离高速公路进入匝道时，应提前开启右转向灯
1915,2184,0.881,0.1892,语义相似待复核,False,False,驾驶机动车上高速公路行驶，以下正确的说法是什么？,下列说法正确的是什么？,B,B,不准倒车、逆行、穿越中央分隔带掉头,驶离高速公路进入匝道时，应提前开启右转向灯
149,892,0.8809,0.3188,语义相似待复核,True,False,驾驶人在一个记分周期内累积记分达到12分的，交通警察依法扣留驾驶证。,驾驶不按规定安装机动车号牌的机动车上道路行驶的，一次记12分。,A,B,正确,错误
696,1540,0.8809,0.4,语义相似待复核,False,False,机动车驶进急弯、坡道顶端等影响安全视距的路段时，应当减速慢行，并鸣喇叭示意。,车辆在通过山区道路弯道时，要做到“减速、鸣喇叭、靠右行”。,A,A,正确,正确
814,895,0.8809,0.5139,语义相似待复核,False,False,驾驶人有下列哪种违法行为—次记9分？,驾驶人有下列哪种违法行为—次记1分？,B,D,在高速公路上违法停车的,不按规定会车
868,873,0.8809,0.8983,语义相似待复核,True,False,机动车驾驶人请他人代为接受交通违法行为处罚和记分，并支付经济利益的，会被处以所支付经济利益三倍以下的罚款，但最高不得超过六万元。,机动车驾驶人请他人代为接受交通违法行为处罚和记分，并支付经济利益的，会被处以所支付经济利益二倍以下的罚款。,B,B,错误,错误
140,143,0.8808,0.4615,语义相似待复核,True,False,驾驶人有使用其他车辆号牌、行驶证嫌疑的，交通警察可依法扣留车辆。,驾驶人的机动车驾驶证被依法扣留、暂扣的情况下不得驾驶机动车。,A,A,正确,正确
470,1684,0.8808,0.4198,语义相似待复核,True,False,高速公路上车辆发生故障后，开启危险报警闪光灯和摆放警告标志的作用是警告后续车辆注意避让。,驾驶机动车发生故障或事故不能正常行驶时，应立即打开危险报警闪光灯。,A,A,正确,正确
54,2191,0.8806,0.315,语义相似待复核,True,False,已注册登记的小型载客汽车有下列哪种情形，所有人不需要办理变更登记？,已注册登记的机动车，以下哪种情况应向登记地车辆管理所申请备案？,B,A,加装前后防撞装置,所有人电话号码变更的
54,2163,0.8806,0.315,语义相似待复核,True,False,已注册登记的小型载客汽车有下列哪种情形，所有人不需要办理变更登记？,已注册登记的机动车，以下哪种情况应向登记地车辆管理所申请备案？,B,A,加装前后防撞装置,所有人电话号码变更的
1761,1767,0.8806,0.3333,语义相似待复核,False,False,行车中遇儿童时，应怎样做？,驾驶人行车中看到注意儿童标志的时候，应怎样做？,B,C,减速慢行，必要时停车避让,谨慎选择行车速度
1834,1844,0.8806,0.4545,语义相似待复核,False,False,夜间驾驶机动车通过急弯路时，应交替使用远近光灯。,夜间驾驶机动车会车时，可开启远光灯，以便本车和对向车辆能够更好的看清路面情况。,A,B,正确,错误
36,46,0.8804,0.4,语义相似待复核,True,False,机动车驾驶证遗失、损毁无法辨认时，机动车驾驶人应当向机动车驾驶证核发地车辆管理所申请补发。,机动车驾驶人补领机动车驾驶证后，原机动车驾驶证作废，不得继续使用。,A,A,正确,正确
239,1844,0.8804,0.4857,语义相似待复核,False,False,夜间驾驶机动车在窄路、窄桥会车时正确的做法是使用远光灯。,夜间驾驶机动车会车时，可开启远光灯，以便本车和对向车辆能够更好的看清路面情况。,B,B,错误,错误
892,1001,0.8803,0.3529,语义相似待复核,True,False,驾驶不按规定安装机动车号牌的机动车上道路行驶的，一次记12分。,累积记分未满12分，可以处理其驾驶的其他机动车的交通违法行为记录。,B,A,错误,正确
239,639,0.8802,0.5862,语义相似待复核,False,False,夜间驾驶机动车在窄路、窄桥会车时正确的做法是使用远光灯。,夜间驾驶机动车在有路灯照明的路段起步，应开启远光灯。,B,B,错误,错误
178,686,0.8801,0.5789,语义相似待复核,False,False,驾驶人驾驶机动车不按交通信号灯指示通行的，一次记多少分？,驾驶机动车不按规定超车、让行的，或者逆向行驶的，将被—次记多少分？,C,B,记6分,3分
383,1894,0.88,0.3273,语义相似待复核,False,False,驾驶机动车通过没有交通信号的交叉路口怎样行驶？,夜间驾驶机动车在路口遇前方绿灯亮起时，如果人行横道上仍有行人通过，应怎样做？,A,A,减速慢行,及时减速停车让行
1599,1601,0.88,0.3107,语义相似待复核,True,False,驾驶人在超车时，前方车辆不减速、不让道，应怎样做？,进入左侧道路超车，无法保证与正常行驶前车的横向安全间距时，应怎样做？,C,C,停止继续超车,放弃超车
1625,1820,0.88,0.3077,语义相似待复核,True,False,驾驶人在观察后方无来车的情况下，未开转向灯就变更车道也是合理的。,驾驶机动车在道路上行驶，欲变更车道时，应提前开启转向灯，在确认安全的前提下，平稳变更车道。,B,A,错误,正确
